/home/fans/SA-work/MiniMax-M3/rubin-kernel-perf/indexer-dcp-perf/review/v13-formal/.venv/lib/python3.12/site-packages/setuptools/config/_apply_pyprojecttoml.py:82: SetuptoolsDeprecationWarning: `project.license` as a TOML table is deprecated
!!

        ********************************************************************************
        Please use a simple string containing a SPDX expression for `project.license`. You can also use `project.license-files`. (Both options available on setuptools>=77.0.0).

        This deprecation is overdue, please update your project and remove deprecated
        calls to avoid build errors in the future.

        See https://packaging.python.org/en/latest/guides/writing-pyproject-toml/#license for details.
        ********************************************************************************

!!
  corresp(dist, value, root_dir)
/home/fans/SA-work/MiniMax-M3/rubin-kernel-perf/indexer-dcp-perf/review/v13-formal/.venv/lib/python3.12/site-packages/setuptools/config/_apply_pyprojecttoml.py:55: SetuptoolsDeprecationWarning: 'tool.setuptools.license-files' is deprecated in favor of 'project.license-files' (available on setuptools>=77.0.0).
!!

        ********************************************************************************

        This deprecation is overdue, please update your project and remove deprecated
        calls to avoid build errors in the future.

        See https://packaging.python.org/en/latest/guides/writing-pyproject-toml/#license-files for details.
        ********************************************************************************

!!
  _apply_tool_table(dist, config, filename)
running bdist_wheel
running build
running build_py
creating build/lib/fmha_sm100
copying python/fmha_sm100/q8kv4_prefill_adapter.py -> build/lib/fmha_sm100
copying python/fmha_sm100/icp_decode_score.py -> build/lib/fmha_sm100
copying python/fmha_sm100/jit.py -> build/lib/fmha_sm100
copying python/fmha_sm100/api.py -> build/lib/fmha_sm100
copying python/fmha_sm100/bench_utils.py -> build/lib/fmha_sm100
copying python/fmha_sm100/sparse.py -> build/lib/fmha_sm100
copying python/fmha_sm100/__init__.py -> build/lib/fmha_sm100
copying python/fmha_sm100/_jit_cache.py -> build/lib/fmha_sm100
copying python/fmha_sm100/nvfp4_kv.py -> build/lib/fmha_sm100
copying python/fmha_sm100/sparse_fmha_adapter.py -> build/lib/fmha_sm100
copying python/fmha_sm100/msa_warmup.py -> build/lib/fmha_sm100
copying python/fmha_sm100/q8kv4_decode_adapter.py -> build/lib/fmha_sm100
creating build/lib/fmha_sm100/kvouter
copying python/fmha_sm100/kvouter/sparse_fwd_kvouter_combine.py -> build/lib/fmha_sm100/kvouter
copying python/fmha_sm100/kvouter/aot_export.py -> build/lib/fmha_sm100/kvouter
copying python/fmha_sm100/kvouter/cpp_backend.py -> build/lib/fmha_sm100/kvouter
copying python/fmha_sm100/kvouter/__init__.py -> build/lib/fmha_sm100/kvouter
copying python/fmha_sm100/kvouter/sparse_fwd_kvouter_load_balance_schedule.py -> build/lib/fmha_sm100/kvouter
copying python/fmha_sm100/kvouter/build_kvouter_index.py -> build/lib/fmha_sm100/kvouter
copying python/fmha_sm100/kvouter/interface.py -> build/lib/fmha_sm100/kvouter
copying python/fmha_sm100/kvouter/sparse_fwd_kvouter.py -> build/lib/fmha_sm100/kvouter
creating build/lib/fmha_sm100/icp
copying python/fmha_sm100/icp/candidates.py -> build/lib/fmha_sm100/icp
copying python/fmha_sm100/icp/_build.py -> build/lib/fmha_sm100/icp
copying python/fmha_sm100/icp/_jit_guard.py -> build/lib/fmha_sm100/icp
copying python/fmha_sm100/icp/carrier.py -> build/lib/fmha_sm100/icp
copying python/fmha_sm100/icp/local_indexer.py -> build/lib/fmha_sm100/icp
copying python/fmha_sm100/icp/__init__.py -> build/lib/fmha_sm100/icp
copying python/fmha_sm100/icp/candidate_exchange.py -> build/lib/fmha_sm100/icp
copying python/fmha_sm100/icp/exchange_plan.py -> build/lib/fmha_sm100/icp
copying python/fmha_sm100/icp/tiled_exchange.py -> build/lib/fmha_sm100/icp
copying python/fmha_sm100/icp/_symmetric_window.py -> build/lib/fmha_sm100/icp
copying python/fmha_sm100/icp/_cache.py -> build/lib/fmha_sm100/icp
copying python/fmha_sm100/icp/prewarm.py -> build/lib/fmha_sm100/icp
copying python/fmha_sm100/icp/merge.py -> build/lib/fmha_sm100/icp
copying python/fmha_sm100/icp/fused_exchange.py -> build/lib/fmha_sm100/icp
copying python/fmha_sm100/icp/merge_reference.py -> build/lib/fmha_sm100/icp
copying python/fmha_sm100/icp/exchange.py -> build/lib/fmha_sm100/icp
creating build/lib/fmha_sm100/prefill_q8kv4
copying python/fmha_sm100/prefill_q8kv4/jit.py -> build/lib/fmha_sm100/prefill_q8kv4
copying python/fmha_sm100/prefill_q8kv4/__init__.py -> build/lib/fmha_sm100/prefill_q8kv4
copying python/fmha_sm100/prefill_q8kv4/build.py -> build/lib/fmha_sm100/prefill_q8kv4
copying python/fmha_sm100/prefill_q8kv4/interface.py -> build/lib/fmha_sm100/prefill_q8kv4
creating build/lib/fmha_sm100/cute
copying python/fmha_sm100/cute/example.py -> build/lib/fmha_sm100/cute
copying python/fmha_sm100/cute/test_q8_indexer.py -> build/lib/fmha_sm100/cute
copying python/fmha_sm100/cute/quantize.py -> build/lib/fmha_sm100/cute
copying python/fmha_sm100/cute/fp4_indexer_interface.py -> build/lib/fmha_sm100/cute
copying python/fmha_sm100/cute/__init__.py -> build/lib/fmha_sm100/cute
copying python/fmha_sm100/cute/test_sparse_atten.py -> build/lib/fmha_sm100/cute
copying python/fmha_sm100/cute/sparse_index_utils.py -> build/lib/fmha_sm100/cute
copying python/fmha_sm100/cute/test_fp4_indexer.py -> build/lib/fmha_sm100/cute
copying python/fmha_sm100/cute/q8_indexer_interface.py -> build/lib/fmha_sm100/cute
copying python/fmha_sm100/cute/interface.py -> build/lib/fmha_sm100/cute
creating build/lib/fmha_sm100/decode_q8kv4
copying python/fmha_sm100/decode_q8kv4/_build_utils.py -> build/lib/fmha_sm100/decode_q8kv4
copying python/fmha_sm100/decode_q8kv4/jit.py -> build/lib/fmha_sm100/decode_q8kv4
copying python/fmha_sm100/decode_q8kv4/__init__.py -> build/lib/fmha_sm100/decode_q8kv4
copying python/fmha_sm100/decode_q8kv4/build.py -> build/lib/fmha_sm100/decode_q8kv4
copying python/fmha_sm100/decode_q8kv4/interface.py -> build/lib/fmha_sm100/decode_q8kv4
creating build/lib/fmha_sm100/icp/attention
copying python/fmha_sm100/icp/attention/__init__.py -> build/lib/fmha_sm100/icp/attention
creating build/lib/fmha_sm100/icp/abi
copying python/fmha_sm100/icp/abi/refined_icp_v1.py -> build/lib/fmha_sm100/icp/abi
copying python/fmha_sm100/icp/abi/__init__.py -> build/lib/fmha_sm100/icp/abi
copying python/fmha_sm100/icp/abi/__main__.py -> build/lib/fmha_sm100/icp/abi
creating build/lib/fmha_sm100/icp/scorer
copying python/fmha_sm100/icp/scorer/__init__.py -> build/lib/fmha_sm100/icp/scorer
creating build/lib/fmha_sm100/icp/attention/nvfp4_prefill
copying python/fmha_sm100/icp/attention/nvfp4_prefill/_prewarm.py -> build/lib/fmha_sm100/icp/attention/nvfp4_prefill
copying python/fmha_sm100/icp/attention/nvfp4_prefill/__init__.py -> build/lib/fmha_sm100/icp/attention/nvfp4_prefill
creating build/lib/fmha_sm100/icp/scorer/prefill
copying python/fmha_sm100/icp/scorer/prefill/jit.py -> build/lib/fmha_sm100/icp/scorer/prefill
copying python/fmha_sm100/icp/scorer/prefill/api.py -> build/lib/fmha_sm100/icp/scorer/prefill
copying python/fmha_sm100/icp/scorer/prefill/__init__.py -> build/lib/fmha_sm100/icp/scorer/prefill
creating build/lib/fmha_sm100/icp/scorer/decode
copying python/fmha_sm100/icp/scorer/decode/_icp_decode_score_kernel.py -> build/lib/fmha_sm100/icp/scorer/decode
copying python/fmha_sm100/icp/scorer/decode/icp_decode_score.py -> build/lib/fmha_sm100/icp/scorer/decode
copying python/fmha_sm100/icp/scorer/decode/__init__.py -> build/lib/fmha_sm100/icp/scorer/decode
copying python/fmha_sm100/icp/scorer/decode/_icp_decode_score_utils.py -> build/lib/fmha_sm100/icp/scorer/decode
creating build/lib/fmha_sm100/cute/src
copying python/fmha_sm100/cute/src/__init__.py -> build/lib/fmha_sm100/cute/src
creating build/lib/fmha_sm100/cute/src/common
copying python/fmha_sm100/cute/src/common/rubin_softmax_helpers.py -> build/lib/fmha_sm100/cute/src/common
copying python/fmha_sm100/cute/src/common/utils.py -> build/lib/fmha_sm100/cute/src/common
copying python/fmha_sm100/cute/src/common/tile_scheduler.py -> build/lib/fmha_sm100/cute/src/common
copying python/fmha_sm100/cute/src/common/pipeline.py -> build/lib/fmha_sm100/cute/src/common
copying python/fmha_sm100/cute/src/common/barrier.py -> build/lib/fmha_sm100/cute/src/common
copying python/fmha_sm100/cute/src/common/paged_kv.py -> build/lib/fmha_sm100/cute/src/common
copying python/fmha_sm100/cute/src/common/rubin_helpers.py -> build/lib/fmha_sm100/cute/src/common
copying python/fmha_sm100/cute/src/common/aot_cache.py -> build/lib/fmha_sm100/cute/src/common
copying python/fmha_sm100/cute/src/common/named_barrier.py -> build/lib/fmha_sm100/cute/src/common
copying python/fmha_sm100/cute/src/common/blackwell_helpers.py -> build/lib/fmha_sm100/cute/src/common
copying python/fmha_sm100/cute/src/common/mma_sm100_desc.py -> build/lib/fmha_sm100/cute/src/common
copying python/fmha_sm100/cute/src/common/__init__.py -> build/lib/fmha_sm100/cute/src/common
copying python/fmha_sm100/cute/src/common/pack_gqa.py -> build/lib/fmha_sm100/cute/src/common
copying python/fmha_sm100/cute/src/common/fast_math.py -> build/lib/fmha_sm100/cute/src/common
copying python/fmha_sm100/cute/src/common/tma_utils.py -> build/lib/fmha_sm100/cute/src/common
copying python/fmha_sm100/cute/src/common/mask.py -> build/lib/fmha_sm100/cute/src/common
copying python/fmha_sm100/cute/src/common/seqlen_info.py -> build/lib/fmha_sm100/cute/src/common
copying python/fmha_sm100/cute/src/common/copy_utils.py -> build/lib/fmha_sm100/cute/src/common
copying python/fmha_sm100/cute/src/common/block_info.py -> build/lib/fmha_sm100/cute/src/common
copying python/fmha_sm100/cute/src/common/cute_dsl_utils.py -> build/lib/fmha_sm100/cute/src/common
copying python/fmha_sm100/cute/src/common/softmax.py -> build/lib/fmha_sm100/cute/src/common
creating build/lib/fmha_sm100/cute/src/blackwell_prefill
copying python/fmha_sm100/cute/src/blackwell_prefill/combine.py -> build/lib/fmha_sm100/cute/src/blackwell_prefill
copying python/fmha_sm100/cute/src/blackwell_prefill/__init__.py -> build/lib/fmha_sm100/cute/src/blackwell_prefill
copying python/fmha_sm100/cute/src/blackwell_prefill/atten_fwd_sm100.py -> build/lib/fmha_sm100/cute/src/blackwell_prefill
creating build/lib/fmha_sm100/cute/src/sm100
copying python/fmha_sm100/cute/src/sm100/decode_schedule.py -> build/lib/fmha_sm100/cute/src/sm100
copying python/fmha_sm100/cute/src/sm100/fp4_indexer.py -> build/lib/fmha_sm100/cute/src/sm100
copying python/fmha_sm100/cute/src/sm100/q8kv8_indexer_decode.py -> build/lib/fmha_sm100/cute/src/sm100
copying python/fmha_sm100/cute/src/sm100/q8kv8_indexer_prefill.py -> build/lib/fmha_sm100/cute/src/sm100
copying python/fmha_sm100/cute/src/sm100/__init__.py -> build/lib/fmha_sm100/cute/src/sm100
copying python/fmha_sm100/cute/src/sm100/prepare_scheduler.py -> build/lib/fmha_sm100/cute/src/sm100
copying python/fmha_sm100/cute/src/sm100/q8kv8_indexer_prefill_plan.py -> build/lib/fmha_sm100/cute/src/sm100
copying python/fmha_sm100/cute/src/sm100/prepare_k2q_csr.py -> build/lib/fmha_sm100/cute/src/sm100
copying python/fmha_sm100/cute/src/sm100/q8kv4_indexer_decode.py -> build/lib/fmha_sm100/cute/src/sm100
creating build/lib/fmha_sm100/cute/src/sm100/fwd
copying python/fmha_sm100/cute/src/sm100/fwd/combine.py -> build/lib/fmha_sm100/cute/src/sm100/fwd
copying python/fmha_sm100/cute/src/sm100/fwd/__init__.py -> build/lib/fmha_sm100/cute/src/sm100/fwd
copying python/fmha_sm100/cute/src/sm100/fwd/atten_fwd.py -> build/lib/fmha_sm100/cute/src/sm100/fwd
copying python/fmha_sm100/cute/src/sm100/fwd/atten_fwd_nvfp4_kv.py -> build/lib/fmha_sm100/cute/src/sm100/fwd
creating build/lib/fmha_sm100/cute/src/sm100/fwd_decode
copying python/fmha_sm100/cute/src/sm100/fwd_decode/tile_scheduler.py -> build/lib/fmha_sm100/cute/src/sm100/fwd_decode
copying python/fmha_sm100/cute/src/sm100/fwd_decode/combine.py -> build/lib/fmha_sm100/cute/src/sm100/fwd_decode
copying python/fmha_sm100/cute/src/sm100/fwd_decode/__init__.py -> build/lib/fmha_sm100/cute/src/sm100/fwd_decode
copying python/fmha_sm100/cute/src/sm100/fwd_decode/atten_fwd.py -> build/lib/fmha_sm100/cute/src/sm100/fwd_decode
creating build/lib/fmha_sm100/cute/src/sm100/build_k2q_csr
copying python/fmha_sm100/cute/src/sm100/build_k2q_csr/__init__.py -> build/lib/fmha_sm100/cute/src/sm100/build_k2q_csr
creating build/lib/fmha_sm100/cute/src/sm100/fwd_decode/build_decode_schedule
copying python/fmha_sm100/cute/src/sm100/fwd_decode/build_decode_schedule/__init__.py -> build/lib/fmha_sm100/cute/src/sm100/fwd_decode/build_decode_schedule
running egg_info
writing python/fmha_sm100.egg-info/PKG-INFO
writing dependency_links to python/fmha_sm100.egg-info/dependency_links.txt
writing entry points to python/fmha_sm100.egg-info/entry_points.txt
writing requirements to python/fmha_sm100.egg-info/requires.txt
writing top-level names to python/fmha_sm100.egg-info/top_level.txt
reading manifest file 'python/fmha_sm100.egg-info/SOURCES.txt'
reading manifest template 'MANIFEST.in'
warning: no files found matching 'NOTICE*' under directory 'python/fmha_sm100/cutlass'
warning: no previously-included files matching '*.py[cod]' found anywhere in distribution
warning: no previously-included files matching '*.so' found anywhere in distribution
warning: no previously-included files matching '*.o' found anywhere in distribution
warning: no previously-included files matching '*.a' found anywhere in distribution
warning: no previously-included files matching '*.ptx' found anywhere in distribution
warning: no previously-included files matching '*.cubin' found anywhere in distribution
no previously-included directories found matching '.venv'
no previously-included directories found matching 'build'
no previously-included directories found matching 'dist'
adding license file 'LICENSE'
adding license file 'NOTICE'
adding license file 'THIRD_PARTY_NOTICES.md'
adding license file 'licenses/Apache-2.0.txt'
adding license file 'licenses/BSD-3-Clause-CUTLASS.txt'
adding license file 'licenses/BSD-3-Clause-NVIDIA.txt'
writing manifest file 'python/fmha_sm100.egg-info/SOURCES.txt'
/home/fans/SA-work/MiniMax-M3/rubin-kernel-perf/indexer-dcp-perf/review/v13-formal/.venv/lib/python3.12/site-packages/setuptools/command/build_py.py:212: _Warning: Package 'fmha_sm100.cutlass' is absent from the `packages` configuration.
!!

        ********************************************************************************
        ############################
        # Package would be ignored #
        ############################
        Python recognizes 'fmha_sm100.cutlass' as an importable package[^1],
        but it is absent from setuptools' `packages` configuration.

        This leads to an ambiguous overall configuration. If you want to distribute this
        package, please make sure that 'fmha_sm100.cutlass' is explicitly added
        to the `packages` configuration field.

        Alternatively, you can also rely on setuptools' discovery methods
        (for example by using `find_namespace_packages(...)`/`find_namespace:`
        instead of `find_packages(...)`/`find:`).

        You can read more about "package discovery" on setuptools documentation page:

        - https://setuptools.pypa.io/en/latest/userguide/package_discovery.html

        If you don't want 'fmha_sm100.cutlass' to be distributed and are
        already explicitly excluding 'fmha_sm100.cutlass' via
        `find_namespace_packages(...)/find_namespace` or `find_packages(...)/find`,
        you can try to use `exclude_package_data`, or `include-package-data=False` in
        combination with a more fine grained `package-data` configuration.

        You can read more about "package data files" on setuptools documentation page:

        - https://setuptools.pypa.io/en/latest/userguide/datafiles.html


        [^1]: For Python, any directory (with suitable naming) can be imported,
              even if it does not contain any `.py` files.
              On the other hand, currently there is no concept of package data
              directory, all directories are treated like packages.
        ********************************************************************************

!!
  check.warn(importable)
/home/fans/SA-work/MiniMax-M3/rubin-kernel-perf/indexer-dcp-perf/review/v13-formal/.venv/lib/python3.12/site-packages/setuptools/command/build_py.py:212: _Warning: Package 'fmha_sm100.cutlass.include.cute' is absent from the `packages` configuration.
!!

        ********************************************************************************
        ############################
        # Package would be ignored #
        ############################
        Python recognizes 'fmha_sm100.cutlass.include.cute' as an importable package[^1],
        but it is absent from setuptools' `packages` configuration.

        This leads to an ambiguous overall configuration. If you want to distribute this
        package, please make sure that 'fmha_sm100.cutlass.include.cute' is explicitly added
        to the `packages` configuration field.

        Alternatively, you can also rely on setuptools' discovery methods
        (for example by using `find_namespace_packages(...)`/`find_namespace:`
        instead of `find_packages(...)`/`find:`).

        You can read more about "package discovery" on setuptools documentation page:

        - https://setuptools.pypa.io/en/latest/userguide/package_discovery.html

        If you don't want 'fmha_sm100.cutlass.include.cute' to be distributed and are
        already explicitly excluding 'fmha_sm100.cutlass.include.cute' via
        `find_namespace_packages(...)/find_namespace` or `find_packages(...)/find`,
        you can try to use `exclude_package_data`, or `include-package-data=False` in
        combination with a more fine grained `package-data` configuration.

        You can read more about "package data files" on setuptools documentation page:

        - https://setuptools.pypa.io/en/latest/userguide/datafiles.html


        [^1]: For Python, any directory (with suitable naming) can be imported,
              even if it does not contain any `.py` files.
              On the other hand, currently there is no concept of package data
              directory, all directories are treated like packages.
        ********************************************************************************

!!
  check.warn(importable)
/home/fans/SA-work/MiniMax-M3/rubin-kernel-perf/indexer-dcp-perf/review/v13-formal/.venv/lib/python3.12/site-packages/setuptools/command/build_py.py:212: _Warning: Package 'fmha_sm100.cutlass.include.cute.algorithm' is absent from the `packages` configuration.
!!

        ********************************************************************************
        ############################
        # Package would be ignored #
        ############################
        Python recognizes 'fmha_sm100.cutlass.include.cute.algorithm' as an importable package[^1],
        but it is absent from setuptools' `packages` configuration.

        This leads to an ambiguous overall configuration. If you want to distribute this
        package, please make sure that 'fmha_sm100.cutlass.include.cute.algorithm' is explicitly added
        to the `packages` configuration field.

        Alternatively, you can also rely on setuptools' discovery methods
        (for example by using `find_namespace_packages(...)`/`find_namespace:`
        instead of `find_packages(...)`/`find:`).

        You can read more about "package discovery" on setuptools documentation page:

        - https://setuptools.pypa.io/en/latest/userguide/package_discovery.html

        If you don't want 'fmha_sm100.cutlass.include.cute.algorithm' to be distributed and are
        already explicitly excluding 'fmha_sm100.cutlass.include.cute.algorithm' via
        `find_namespace_packages(...)/find_namespace` or `find_packages(...)/find`,
        you can try to use `exclude_package_data`, or `include-package-data=False` in
        combination with a more fine grained `package-data` configuration.

        You can read more about "package data files" on setuptools documentation page:

        - https://setuptools.pypa.io/en/latest/userguide/datafiles.html


        [^1]: For Python, any directory (with suitable naming) can be imported,
              even if it does not contain any `.py` files.
              On the other hand, currently there is no concept of package data
              directory, all directories are treated like packages.
        ********************************************************************************

!!
  check.warn(importable)
/home/fans/SA-work/MiniMax-M3/rubin-kernel-perf/indexer-dcp-perf/review/v13-formal/.venv/lib/python3.12/site-packages/setuptools/command/build_py.py:212: _Warning: Package 'fmha_sm100.cutlass.include.cute.arch' is absent from the `packages` configuration.
!!

        ********************************************************************************
        ############################
        # Package would be ignored #
        ############################
        Python recognizes 'fmha_sm100.cutlass.include.cute.arch' as an importable package[^1],
        but it is absent from setuptools' `packages` configuration.

        This leads to an ambiguous overall configuration. If you want to distribute this
        package, please make sure that 'fmha_sm100.cutlass.include.cute.arch' is explicitly added
        to the `packages` configuration field.

        Alternatively, you can also rely on setuptools' discovery methods
        (for example by using `find_namespace_packages(...)`/`find_namespace:`
        instead of `find_packages(...)`/`find:`).

        You can read more about "package discovery" on setuptools documentation page:

        - https://setuptools.pypa.io/en/latest/userguide/package_discovery.html

        If you don't want 'fmha_sm100.cutlass.include.cute.arch' to be distributed and are
        already explicitly excluding 'fmha_sm100.cutlass.include.cute.arch' via
        `find_namespace_packages(...)/find_namespace` or `find_packages(...)/find`,
        you can try to use `exclude_package_data`, or `include-package-data=False` in
        combination with a more fine grained `package-data` configuration.

        You can read more about "package data files" on setuptools documentation page:

        - https://setuptools.pypa.io/en/latest/userguide/datafiles.html


        [^1]: For Python, any directory (with suitable naming) can be imported,
              even if it does not contain any `.py` files.
              On the other hand, currently there is no concept of package data
              directory, all directories are treated like packages.
        ********************************************************************************

!!
  check.warn(importable)
/home/fans/SA-work/MiniMax-M3/rubin-kernel-perf/indexer-dcp-perf/review/v13-formal/.venv/lib/python3.12/site-packages/setuptools/command/build_py.py:212: _Warning: Package 'fmha_sm100.cutlass.include.cute.atom' is absent from the `packages` configuration.
!!

        ********************************************************************************
        ############################
        # Package would be ignored #
        ############################
        Python recognizes 'fmha_sm100.cutlass.include.cute.atom' as an importable package[^1],
        but it is absent from setuptools' `packages` configuration.

        This leads to an ambiguous overall configuration. If you want to distribute this
        package, please make sure that 'fmha_sm100.cutlass.include.cute.atom' is explicitly added
        to the `packages` configuration field.

        Alternatively, you can also rely on setuptools' discovery methods
        (for example by using `find_namespace_packages(...)`/`find_namespace:`
        instead of `find_packages(...)`/`find:`).

        You can read more about "package discovery" on setuptools documentation page:

        - https://setuptools.pypa.io/en/latest/userguide/package_discovery.html

        If you don't want 'fmha_sm100.cutlass.include.cute.atom' to be distributed and are
        already explicitly excluding 'fmha_sm100.cutlass.include.cute.atom' via
        `find_namespace_packages(...)/find_namespace` or `find_packages(...)/find`,
        you can try to use `exclude_package_data`, or `include-package-data=False` in
        combination with a more fine grained `package-data` configuration.

        You can read more about "package data files" on setuptools documentation page:

        - https://setuptools.pypa.io/en/latest/userguide/datafiles.html


        [^1]: For Python, any directory (with suitable naming) can be imported,
              even if it does not contain any `.py` files.
              On the other hand, currently there is no concept of package data
              directory, all directories are treated like packages.
        ********************************************************************************

!!
  check.warn(importable)
/home/fans/SA-work/MiniMax-M3/rubin-kernel-perf/indexer-dcp-perf/review/v13-formal/.venv/lib/python3.12/site-packages/setuptools/command/build_py.py:212: _Warning: Package 'fmha_sm100.cutlass.include.cute.container' is absent from the `packages` configuration.
!!

        ********************************************************************************
        ############################
        # Package would be ignored #
        ############################
        Python recognizes 'fmha_sm100.cutlass.include.cute.container' as an importable package[^1],
        but it is absent from setuptools' `packages` configuration.

        This leads to an ambiguous overall configuration. If you want to distribute this
        package, please make sure that 'fmha_sm100.cutlass.include.cute.container' is explicitly added
        to the `packages` configuration field.

        Alternatively, you can also rely on setuptools' discovery methods
        (for example by using `find_namespace_packages(...)`/`find_namespace:`
        instead of `find_packages(...)`/`find:`).

        You can read more about "package discovery" on setuptools documentation page:

        - https://setuptools.pypa.io/en/latest/userguide/package_discovery.html

        If you don't want 'fmha_sm100.cutlass.include.cute.container' to be distributed and are
        already explicitly excluding 'fmha_sm100.cutlass.include.cute.container' via
        `find_namespace_packages(...)/find_namespace` or `find_packages(...)/find`,
        you can try to use `exclude_package_data`, or `include-package-data=False` in
        combination with a more fine grained `package-data` configuration.

        You can read more about "package data files" on setuptools documentation page:

        - https://setuptools.pypa.io/en/latest/userguide/datafiles.html


        [^1]: For Python, any directory (with suitable naming) can be imported,
              even if it does not contain any `.py` files.
              On the other hand, currently there is no concept of package data
              directory, all directories are treated like packages.
        ********************************************************************************

!!
  check.warn(importable)
/home/fans/SA-work/MiniMax-M3/rubin-kernel-perf/indexer-dcp-perf/review/v13-formal/.venv/lib/python3.12/site-packages/setuptools/command/build_py.py:212: _Warning: Package 'fmha_sm100.cutlass.include.cute.numeric' is absent from the `packages` configuration.
!!

        ********************************************************************************
        ############################
        # Package would be ignored #
        ############################
        Python recognizes 'fmha_sm100.cutlass.include.cute.numeric' as an importable package[^1],
        but it is absent from setuptools' `packages` configuration.

        This leads to an ambiguous overall configuration. If you want to distribute this
        package, please make sure that 'fmha_sm100.cutlass.include.cute.numeric' is explicitly added
        to the `packages` configuration field.

        Alternatively, you can also rely on setuptools' discovery methods
        (for example by using `find_namespace_packages(...)`/`find_namespace:`
        instead of `find_packages(...)`/`find:`).

        You can read more about "package discovery" on setuptools documentation page:

        - https://setuptools.pypa.io/en/latest/userguide/package_discovery.html

        If you don't want 'fmha_sm100.cutlass.include.cute.numeric' to be distributed and are
        already explicitly excluding 'fmha_sm100.cutlass.include.cute.numeric' via
        `find_namespace_packages(...)/find_namespace` or `find_packages(...)/find`,
        you can try to use `exclude_package_data`, or `include-package-data=False` in
        combination with a more fine grained `package-data` configuration.

        You can read more about "package data files" on setuptools documentation page:

        - https://setuptools.pypa.io/en/latest/userguide/datafiles.html


        [^1]: For Python, any directory (with suitable naming) can be imported,
              even if it does not contain any `.py` files.
              On the other hand, currently there is no concept of package data
              directory, all directories are treated like packages.
        ********************************************************************************

!!
  check.warn(importable)
/home/fans/SA-work/MiniMax-M3/rubin-kernel-perf/indexer-dcp-perf/review/v13-formal/.venv/lib/python3.12/site-packages/setuptools/command/build_py.py:212: _Warning: Package 'fmha_sm100.cutlass.include.cute.util' is absent from the `packages` configuration.
!!

        ********************************************************************************
        ############################
        # Package would be ignored #
        ############################
        Python recognizes 'fmha_sm100.cutlass.include.cute.util' as an importable package[^1],
        but it is absent from setuptools' `packages` configuration.

        This leads to an ambiguous overall configuration. If you want to distribute this
        package, please make sure that 'fmha_sm100.cutlass.include.cute.util' is explicitly added
        to the `packages` configuration field.

        Alternatively, you can also rely on setuptools' discovery methods
        (for example by using `find_namespace_packages(...)`/`find_namespace:`
        instead of `find_packages(...)`/`find:`).

        You can read more about "package discovery" on setuptools documentation page:

        - https://setuptools.pypa.io/en/latest/userguide/package_discovery.html

        If you don't want 'fmha_sm100.cutlass.include.cute.util' to be distributed and are
        already explicitly excluding 'fmha_sm100.cutlass.include.cute.util' via
        `find_namespace_packages(...)/find_namespace` or `find_packages(...)/find`,
        you can try to use `exclude_package_data`, or `include-package-data=False` in
        combination with a more fine grained `package-data` configuration.

        You can read more about "package data files" on setuptools documentation page:

        - https://setuptools.pypa.io/en/latest/userguide/datafiles.html


        [^1]: For Python, any directory (with suitable naming) can be imported,
              even if it does not contain any `.py` files.
              On the other hand, currently there is no concept of package data
              directory, all directories are treated like packages.
        ********************************************************************************

!!
  check.warn(importable)
/home/fans/SA-work/MiniMax-M3/rubin-kernel-perf/indexer-dcp-perf/review/v13-formal/.venv/lib/python3.12/site-packages/setuptools/command/build_py.py:212: _Warning: Package 'fmha_sm100.cutlass.include.cutlass' is absent from the `packages` configuration.
!!

        ********************************************************************************
        ############################
        # Package would be ignored #
        ############################
        Python recognizes 'fmha_sm100.cutlass.include.cutlass' as an importable package[^1],
        but it is absent from setuptools' `packages` configuration.

        This leads to an ambiguous overall configuration. If you want to distribute this
        package, please make sure that 'fmha_sm100.cutlass.include.cutlass' is explicitly added
        to the `packages` configuration field.

        Alternatively, you can also rely on setuptools' discovery methods
        (for example by using `find_namespace_packages(...)`/`find_namespace:`
        instead of `find_packages(...)`/`find:`).

        You can read more about "package discovery" on setuptools documentation page:

        - https://setuptools.pypa.io/en/latest/userguide/package_discovery.html

        If you don't want 'fmha_sm100.cutlass.include.cutlass' to be distributed and are
        already explicitly excluding 'fmha_sm100.cutlass.include.cutlass' via
        `find_namespace_packages(...)/find_namespace` or `find_packages(...)/find`,
        you can try to use `exclude_package_data`, or `include-package-data=False` in
        combination with a more fine grained `package-data` configuration.

        You can read more about "package data files" on setuptools documentation page:

        - https://setuptools.pypa.io/en/latest/userguide/datafiles.html


        [^1]: For Python, any directory (with suitable naming) can be imported,
              even if it does not contain any `.py` files.
              On the other hand, currently there is no concept of package data
              directory, all directories are treated like packages.
        ********************************************************************************

!!
  check.warn(importable)
/home/fans/SA-work/MiniMax-M3/rubin-kernel-perf/indexer-dcp-perf/review/v13-formal/.venv/lib/python3.12/site-packages/setuptools/command/build_py.py:212: _Warning: Package 'fmha_sm100.cutlass.include.cutlass.arch' is absent from the `packages` configuration.
!!

        ********************************************************************************
        ############################
        # Package would be ignored #
        ############################
        Python recognizes 'fmha_sm100.cutlass.include.cutlass.arch' as an importable package[^1],
        but it is absent from setuptools' `packages` configuration.

        This leads to an ambiguous overall configuration. If you want to distribute this
        package, please make sure that 'fmha_sm100.cutlass.include.cutlass.arch' is explicitly added
        to the `packages` configuration field.

        Alternatively, you can also rely on setuptools' discovery methods
        (for example by using `find_namespace_packages(...)`/`find_namespace:`
        instead of `find_packages(...)`/`find:`).

        You can read more about "package discovery" on setuptools documentation page:

        - https://setuptools.pypa.io/en/latest/userguide/package_discovery.html

        If you don't want 'fmha_sm100.cutlass.include.cutlass.arch' to be distributed and are
        already explicitly excluding 'fmha_sm100.cutlass.include.cutlass.arch' via
        `find_namespace_packages(...)/find_namespace` or `find_packages(...)/find`,
        you can try to use `exclude_package_data`, or `include-package-data=False` in
        combination with a more fine grained `package-data` configuration.

        You can read more about "package data files" on setuptools documentation page:

        - https://setuptools.pypa.io/en/latest/userguide/datafiles.html


        [^1]: For Python, any directory (with suitable naming) can be imported,
              even if it does not contain any `.py` files.
              On the other hand, currently there is no concept of package data
              directory, all directories are treated like packages.
        ********************************************************************************

!!
  check.warn(importable)
/home/fans/SA-work/MiniMax-M3/rubin-kernel-perf/indexer-dcp-perf/review/v13-formal/.venv/lib/python3.12/site-packages/setuptools/command/build_py.py:212: _Warning: Package 'fmha_sm100.cutlass.include.cutlass.conv' is absent from the `packages` configuration.
!!

        ********************************************************************************
        ############################
        # Package would be ignored #
        ############################
        Python recognizes 'fmha_sm100.cutlass.include.cutlass.conv' as an importable package[^1],
        but it is absent from setuptools' `packages` configuration.

        This leads to an ambiguous overall configuration. If you want to distribute this
        package, please make sure that 'fmha_sm100.cutlass.include.cutlass.conv' is explicitly added
        to the `packages` configuration field.

        Alternatively, you can also rely on setuptools' discovery methods
        (for example by using `find_namespace_packages(...)`/`find_namespace:`
        instead of `find_packages(...)`/`find:`).

        You can read more about "package discovery" on setuptools documentation page:

        - https://setuptools.pypa.io/en/latest/userguide/package_discovery.html

        If you don't want 'fmha_sm100.cutlass.include.cutlass.conv' to be distributed and are
        already explicitly excluding 'fmha_sm100.cutlass.include.cutlass.conv' via
        `find_namespace_packages(...)/find_namespace` or `find_packages(...)/find`,
        you can try to use `exclude_package_data`, or `include-package-data=False` in
        combination with a more fine grained `package-data` configuration.

        You can read more about "package data files" on setuptools documentation page:

        - https://setuptools.pypa.io/en/latest/userguide/datafiles.html


        [^1]: For Python, any directory (with suitable naming) can be imported,
              even if it does not contain any `.py` files.
              On the other hand, currently there is no concept of package data
              directory, all directories are treated like packages.
        ********************************************************************************

!!
  check.warn(importable)
/home/fans/SA-work/MiniMax-M3/rubin-kernel-perf/indexer-dcp-perf/review/v13-formal/.venv/lib/python3.12/site-packages/setuptools/command/build_py.py:212: _Warning: Package 'fmha_sm100.cutlass.include.cutlass.conv.collective' is absent from the `packages` configuration.
!!

        ********************************************************************************
        ############################
        # Package would be ignored #
        ############################
        Python recognizes 'fmha_sm100.cutlass.include.cutlass.conv.collective' as an importable package[^1],
        but it is absent from setuptools' `packages` configuration.

        This leads to an ambiguous overall configuration. If you want to distribute this
        package, please make sure that 'fmha_sm100.cutlass.include.cutlass.conv.collective' is explicitly added
        to the `packages` configuration field.

        Alternatively, you can also rely on setuptools' discovery methods
        (for example by using `find_namespace_packages(...)`/`find_namespace:`
        instead of `find_packages(...)`/`find:`).

        You can read more about "package discovery" on setuptools documentation page:

        - https://setuptools.pypa.io/en/latest/userguide/package_discovery.html

        If you don't want 'fmha_sm100.cutlass.include.cutlass.conv.collective' to be distributed and are
        already explicitly excluding 'fmha_sm100.cutlass.include.cutlass.conv.collective' via
        `find_namespace_packages(...)/find_namespace` or `find_packages(...)/find`,
        you can try to use `exclude_package_data`, or `include-package-data=False` in
        combination with a more fine grained `package-data` configuration.

        You can read more about "package data files" on setuptools documentation page:

        - https://setuptools.pypa.io/en/latest/userguide/datafiles.html


        [^1]: For Python, any directory (with suitable naming) can be imported,
              even if it does not contain any `.py` files.
              On the other hand, currently there is no concept of package data
              directory, all directories are treated like packages.
        ********************************************************************************

!!
  check.warn(importable)
/home/fans/SA-work/MiniMax-M3/rubin-kernel-perf/indexer-dcp-perf/review/v13-formal/.venv/lib/python3.12/site-packages/setuptools/command/build_py.py:212: _Warning: Package 'fmha_sm100.cutlass.include.cutlass.conv.collective.builders' is absent from the `packages` configuration.
!!

        ********************************************************************************
        ############################
        # Package would be ignored #
        ############################
        Python recognizes 'fmha_sm100.cutlass.include.cutlass.conv.collective.builders' as an importable package[^1],
        but it is absent from setuptools' `packages` configuration.

        This leads to an ambiguous overall configuration. If you want to distribute this
        package, please make sure that 'fmha_sm100.cutlass.include.cutlass.conv.collective.builders' is explicitly added
        to the `packages` configuration field.

        Alternatively, you can also rely on setuptools' discovery methods
        (for example by using `find_namespace_packages(...)`/`find_namespace:`
        instead of `find_packages(...)`/`find:`).

        You can read more about "package discovery" on setuptools documentation page:

        - https://setuptools.pypa.io/en/latest/userguide/package_discovery.html

        If you don't want 'fmha_sm100.cutlass.include.cutlass.conv.collective.builders' to be distributed and are
        already explicitly excluding 'fmha_sm100.cutlass.include.cutlass.conv.collective.builders' via
        `find_namespace_packages(...)/find_namespace` or `find_packages(...)/find`,
        you can try to use `exclude_package_data`, or `include-package-data=False` in
        combination with a more fine grained `package-data` configuration.

        You can read more about "package data files" on setuptools documentation page:

        - https://setuptools.pypa.io/en/latest/userguide/datafiles.html


        [^1]: For Python, any directory (with suitable naming) can be imported,
              even if it does not contain any `.py` files.
              On the other hand, currently there is no concept of package data
              directory, all directories are treated like packages.
        ********************************************************************************

!!
  check.warn(importable)
/home/fans/SA-work/MiniMax-M3/rubin-kernel-perf/indexer-dcp-perf/review/v13-formal/.venv/lib/python3.12/site-packages/setuptools/command/build_py.py:212: _Warning: Package 'fmha_sm100.cutlass.include.cutlass.conv.device' is absent from the `packages` configuration.
!!

        ********************************************************************************
        ############################
        # Package would be ignored #
        ############################
        Python recognizes 'fmha_sm100.cutlass.include.cutlass.conv.device' as an importable package[^1],
        but it is absent from setuptools' `packages` configuration.

        This leads to an ambiguous overall configuration. If you want to distribute this
        package, please make sure that 'fmha_sm100.cutlass.include.cutlass.conv.device' is explicitly added
        to the `packages` configuration field.

        Alternatively, you can also rely on setuptools' discovery methods
        (for example by using `find_namespace_packages(...)`/`find_namespace:`
        instead of `find_packages(...)`/`find:`).

        You can read more about "package discovery" on setuptools documentation page:

        - https://setuptools.pypa.io/en/latest/userguide/package_discovery.html

        If you don't want 'fmha_sm100.cutlass.include.cutlass.conv.device' to be distributed and are
        already explicitly excluding 'fmha_sm100.cutlass.include.cutlass.conv.device' via
        `find_namespace_packages(...)/find_namespace` or `find_packages(...)/find`,
        you can try to use `exclude_package_data`, or `include-package-data=False` in
        combination with a more fine grained `package-data` configuration.

        You can read more about "package data files" on setuptools documentation page:

        - https://setuptools.pypa.io/en/latest/userguide/datafiles.html


        [^1]: For Python, any directory (with suitable naming) can be imported,
              even if it does not contain any `.py` files.
              On the other hand, currently there is no concept of package data
              directory, all directories are treated like packages.
        ********************************************************************************

!!
  check.warn(importable)
/home/fans/SA-work/MiniMax-M3/rubin-kernel-perf/indexer-dcp-perf/review/v13-formal/.venv/lib/python3.12/site-packages/setuptools/command/build_py.py:212: _Warning: Package 'fmha_sm100.cutlass.include.cutlass.conv.kernel' is absent from the `packages` configuration.
!!

        ********************************************************************************
        ############################
        # Package would be ignored #
        ############################
        Python recognizes 'fmha_sm100.cutlass.include.cutlass.conv.kernel' as an importable package[^1],
        but it is absent from setuptools' `packages` configuration.

        This leads to an ambiguous overall configuration. If you want to distribute this
        package, please make sure that 'fmha_sm100.cutlass.include.cutlass.conv.kernel' is explicitly added
        to the `packages` configuration field.

        Alternatively, you can also rely on setuptools' discovery methods
        (for example by using `find_namespace_packages(...)`/`find_namespace:`
        instead of `find_packages(...)`/`find:`).

        You can read more about "package discovery" on setuptools documentation page:

        - https://setuptools.pypa.io/en/latest/userguide/package_discovery.html

        If you don't want 'fmha_sm100.cutlass.include.cutlass.conv.kernel' to be distributed and are
        already explicitly excluding 'fmha_sm100.cutlass.include.cutlass.conv.kernel' via
        `find_namespace_packages(...)/find_namespace` or `find_packages(...)/find`,
        you can try to use `exclude_package_data`, or `include-package-data=False` in
        combination with a more fine grained `package-data` configuration.

        You can read more about "package data files" on setuptools documentation page:

        - https://setuptools.pypa.io/en/latest/userguide/datafiles.html


        [^1]: For Python, any directory (with suitable naming) can be imported,
              even if it does not contain any `.py` files.
              On the other hand, currently there is no concept of package data
              directory, all directories are treated like packages.
        ********************************************************************************

!!
  check.warn(importable)
/home/fans/SA-work/MiniMax-M3/rubin-kernel-perf/indexer-dcp-perf/review/v13-formal/.venv/lib/python3.12/site-packages/setuptools/command/build_py.py:212: _Warning: Package 'fmha_sm100.cutlass.include.cutlass.conv.thread' is absent from the `packages` configuration.
!!

        ********************************************************************************
        ############################
        # Package would be ignored #
        ############################
        Python recognizes 'fmha_sm100.cutlass.include.cutlass.conv.thread' as an importable package[^1],
        but it is absent from setuptools' `packages` configuration.

        This leads to an ambiguous overall configuration. If you want to distribute this
        package, please make sure that 'fmha_sm100.cutlass.include.cutlass.conv.thread' is explicitly added
        to the `packages` configuration field.

        Alternatively, you can also rely on setuptools' discovery methods
        (for example by using `find_namespace_packages(...)`/`find_namespace:`
        instead of `find_packages(...)`/`find:`).

        You can read more about "package discovery" on setuptools documentation page:

        - https://setuptools.pypa.io/en/latest/userguide/package_discovery.html

        If you don't want 'fmha_sm100.cutlass.include.cutlass.conv.thread' to be distributed and are
        already explicitly excluding 'fmha_sm100.cutlass.include.cutlass.conv.thread' via
        `find_namespace_packages(...)/find_namespace` or `find_packages(...)/find`,
        you can try to use `exclude_package_data`, or `include-package-data=False` in
        combination with a more fine grained `package-data` configuration.

        You can read more about "package data files" on setuptools documentation page:

        - https://setuptools.pypa.io/en/latest/userguide/datafiles.html


        [^1]: For Python, any directory (with suitable naming) can be imported,
              even if it does not contain any `.py` files.
              On the other hand, currently there is no concept of package data
              directory, all directories are treated like packages.
        ********************************************************************************

!!
  check.warn(importable)
/home/fans/SA-work/MiniMax-M3/rubin-kernel-perf/indexer-dcp-perf/review/v13-formal/.venv/lib/python3.12/site-packages/setuptools/command/build_py.py:212: _Warning: Package 'fmha_sm100.cutlass.include.cutlass.conv.threadblock' is absent from the `packages` configuration.
!!

        ********************************************************************************
        ############################
        # Package would be ignored #
        ############################
        Python recognizes 'fmha_sm100.cutlass.include.cutlass.conv.threadblock' as an importable package[^1],
        but it is absent from setuptools' `packages` configuration.

        This leads to an ambiguous overall configuration. If you want to distribute this
        package, please make sure that 'fmha_sm100.cutlass.include.cutlass.conv.threadblock' is explicitly added
        to the `packages` configuration field.

        Alternatively, you can also rely on setuptools' discovery methods
        (for example by using `find_namespace_packages(...)`/`find_namespace:`
        instead of `find_packages(...)`/`find:`).

        You can read more about "package discovery" on setuptools documentation page:

        - https://setuptools.pypa.io/en/latest/userguide/package_discovery.html

        If you don't want 'fmha_sm100.cutlass.include.cutlass.conv.threadblock' to be distributed and are
        already explicitly excluding 'fmha_sm100.cutlass.include.cutlass.conv.threadblock' via
        `find_namespace_packages(...)/find_namespace` or `find_packages(...)/find`,
        you can try to use `exclude_package_data`, or `include-package-data=False` in
        combination with a more fine grained `package-data` configuration.

        You can read more about "package data files" on setuptools documentation page:

        - https://setuptools.pypa.io/en/latest/userguide/datafiles.html


        [^1]: For Python, any directory (with suitable naming) can be imported,
              even if it does not contain any `.py` files.
              On the other hand, currently there is no concept of package data
              directory, all directories are treated like packages.
        ********************************************************************************

!!
  check.warn(importable)
/home/fans/SA-work/MiniMax-M3/rubin-kernel-perf/indexer-dcp-perf/review/v13-formal/.venv/lib/python3.12/site-packages/setuptools/command/build_py.py:212: _Warning: Package 'fmha_sm100.cutlass.include.cutlass.conv.warp' is absent from the `packages` configuration.
!!

        ********************************************************************************
        ############################
        # Package would be ignored #
        ############################
        Python recognizes 'fmha_sm100.cutlass.include.cutlass.conv.warp' as an importable package[^1],
        but it is absent from setuptools' `packages` configuration.

        This leads to an ambiguous overall configuration. If you want to distribute this
        package, please make sure that 'fmha_sm100.cutlass.include.cutlass.conv.warp' is explicitly added
        to the `packages` configuration field.

        Alternatively, you can also rely on setuptools' discovery methods
        (for example by using `find_namespace_packages(...)`/`find_namespace:`
        instead of `find_packages(...)`/`find:`).

        You can read more about "package discovery" on setuptools documentation page:

        - https://setuptools.pypa.io/en/latest/userguide/package_discovery.html

        If you don't want 'fmha_sm100.cutlass.include.cutlass.conv.warp' to be distributed and are
        already explicitly excluding 'fmha_sm100.cutlass.include.cutlass.conv.warp' via
        `find_namespace_packages(...)/find_namespace` or `find_packages(...)/find`,
        you can try to use `exclude_package_data`, or `include-package-data=False` in
        combination with a more fine grained `package-data` configuration.

        You can read more about "package data files" on setuptools documentation page:

        - https://setuptools.pypa.io/en/latest/userguide/datafiles.html


        [^1]: For Python, any directory (with suitable naming) can be imported,
              even if it does not contain any `.py` files.
              On the other hand, currently there is no concept of package data
              directory, all directories are treated like packages.
        ********************************************************************************

!!
  check.warn(importable)
/home/fans/SA-work/MiniMax-M3/rubin-kernel-perf/indexer-dcp-perf/review/v13-formal/.venv/lib/python3.12/site-packages/setuptools/command/build_py.py:212: _Warning: Package 'fmha_sm100.cutlass.include.cutlass.detail' is absent from the `packages` configuration.
!!

        ********************************************************************************
        ############################
        # Package would be ignored #
        ############################
        Python recognizes 'fmha_sm100.cutlass.include.cutlass.detail' as an importable package[^1],
        but it is absent from setuptools' `packages` configuration.

        This leads to an ambiguous overall configuration. If you want to distribute this
        package, please make sure that 'fmha_sm100.cutlass.include.cutlass.detail' is explicitly added
        to the `packages` configuration field.

        Alternatively, you can also rely on setuptools' discovery methods
        (for example by using `find_namespace_packages(...)`/`find_namespace:`
        instead of `find_packages(...)`/`find:`).

        You can read more about "package discovery" on setuptools documentation page:

        - https://setuptools.pypa.io/en/latest/userguide/package_discovery.html

        If you don't want 'fmha_sm100.cutlass.include.cutlass.detail' to be distributed and are
        already explicitly excluding 'fmha_sm100.cutlass.include.cutlass.detail' via
        `find_namespace_packages(...)/find_namespace` or `find_packages(...)/find`,
        you can try to use `exclude_package_data`, or `include-package-data=False` in
        combination with a more fine grained `package-data` configuration.

        You can read more about "package data files" on setuptools documentation page:

        - https://setuptools.pypa.io/en/latest/userguide/datafiles.html


        [^1]: For Python, any directory (with suitable naming) can be imported,
              even if it does not contain any `.py` files.
              On the other hand, currently there is no concept of package data
              directory, all directories are treated like packages.
        ********************************************************************************

!!
  check.warn(importable)
/home/fans/SA-work/MiniMax-M3/rubin-kernel-perf/indexer-dcp-perf/review/v13-formal/.venv/lib/python3.12/site-packages/setuptools/command/build_py.py:212: _Warning: Package 'fmha_sm100.cutlass.include.cutlass.detail.collective' is absent from the `packages` configuration.
!!

        ********************************************************************************
        ############################
        # Package would be ignored #
        ############################
        Python recognizes 'fmha_sm100.cutlass.include.cutlass.detail.collective' as an importable package[^1],
        but it is absent from setuptools' `packages` configuration.

        This leads to an ambiguous overall configuration. If you want to distribute this
        package, please make sure that 'fmha_sm100.cutlass.include.cutlass.detail.collective' is explicitly added
        to the `packages` configuration field.

        Alternatively, you can also rely on setuptools' discovery methods
        (for example by using `find_namespace_packages(...)`/`find_namespace:`
        instead of `find_packages(...)`/`find:`).

        You can read more about "package discovery" on setuptools documentation page:

        - https://setuptools.pypa.io/en/latest/userguide/package_discovery.html

        If you don't want 'fmha_sm100.cutlass.include.cutlass.detail.collective' to be distributed and are
        already explicitly excluding 'fmha_sm100.cutlass.include.cutlass.detail.collective' via
        `find_namespace_packages(...)/find_namespace` or `find_packages(...)/find`,
        you can try to use `exclude_package_data`, or `include-package-data=False` in
        combination with a more fine grained `package-data` configuration.

        You can read more about "package data files" on setuptools documentation page:

        - https://setuptools.pypa.io/en/latest/userguide/datafiles.html


        [^1]: For Python, any directory (with suitable naming) can be imported,
              even if it does not contain any `.py` files.
              On the other hand, currently there is no concept of package data
              directory, all directories are treated like packages.
        ********************************************************************************

!!
  check.warn(importable)
/home/fans/SA-work/MiniMax-M3/rubin-kernel-perf/indexer-dcp-perf/review/v13-formal/.venv/lib/python3.12/site-packages/setuptools/command/build_py.py:212: _Warning: Package 'fmha_sm100.cutlass.include.cutlass.epilogue' is absent from the `packages` configuration.
!!

        ********************************************************************************
        ############################
        # Package would be ignored #
        ############################
        Python recognizes 'fmha_sm100.cutlass.include.cutlass.epilogue' as an importable package[^1],
        but it is absent from setuptools' `packages` configuration.

        This leads to an ambiguous overall configuration. If you want to distribute this
        package, please make sure that 'fmha_sm100.cutlass.include.cutlass.epilogue' is explicitly added
        to the `packages` configuration field.

        Alternatively, you can also rely on setuptools' discovery methods
        (for example by using `find_namespace_packages(...)`/`find_namespace:`
        instead of `find_packages(...)`/`find:`).

        You can read more about "package discovery" on setuptools documentation page:

        - https://setuptools.pypa.io/en/latest/userguide/package_discovery.html

        If you don't want 'fmha_sm100.cutlass.include.cutlass.epilogue' to be distributed and are
        already explicitly excluding 'fmha_sm100.cutlass.include.cutlass.epilogue' via
        `find_namespace_packages(...)/find_namespace` or `find_packages(...)/find`,
        you can try to use `exclude_package_data`, or `include-package-data=False` in
        combination with a more fine grained `package-data` configuration.

        You can read more about "package data files" on setuptools documentation page:

        - https://setuptools.pypa.io/en/latest/userguide/datafiles.html


        [^1]: For Python, any directory (with suitable naming) can be imported,
              even if it does not contain any `.py` files.
              On the other hand, currently there is no concept of package data
              directory, all directories are treated like packages.
        ********************************************************************************

!!
  check.warn(importable)
/home/fans/SA-work/MiniMax-M3/rubin-kernel-perf/indexer-dcp-perf/review/v13-formal/.venv/lib/python3.12/site-packages/setuptools/command/build_py.py:212: _Warning: Package 'fmha_sm100.cutlass.include.cutlass.epilogue.collective' is absent from the `packages` configuration.
!!

        ********************************************************************************
        ############################
        # Package would be ignored #
        ############################
        Python recognizes 'fmha_sm100.cutlass.include.cutlass.epilogue.collective' as an importable package[^1],
        but it is absent from setuptools' `packages` configuration.

        This leads to an ambiguous overall configuration. If you want to distribute this
        package, please make sure that 'fmha_sm100.cutlass.include.cutlass.epilogue.collective' is explicitly added
        to the `packages` configuration field.

        Alternatively, you can also rely on setuptools' discovery methods
        (for example by using `find_namespace_packages(...)`/`find_namespace:`
        instead of `find_packages(...)`/`find:`).

        You can read more about "package discovery" on setuptools documentation page:

        - https://setuptools.pypa.io/en/latest/userguide/package_discovery.html

        If you don't want 'fmha_sm100.cutlass.include.cutlass.epilogue.collective' to be distributed and are
        already explicitly excluding 'fmha_sm100.cutlass.include.cutlass.epilogue.collective' via
        `find_namespace_packages(...)/find_namespace` or `find_packages(...)/find`,
        you can try to use `exclude_package_data`, or `include-package-data=False` in
        combination with a more fine grained `package-data` configuration.

        You can read more about "package data files" on setuptools documentation page:

        - https://setuptools.pypa.io/en/latest/userguide/datafiles.html


        [^1]: For Python, any directory (with suitable naming) can be imported,
              even if it does not contain any `.py` files.
              On the other hand, currently there is no concept of package data
              directory, all directories are treated like packages.
        ********************************************************************************

!!
  check.warn(importable)
/home/fans/SA-work/MiniMax-M3/rubin-kernel-perf/indexer-dcp-perf/review/v13-formal/.venv/lib/python3.12/site-packages/setuptools/command/build_py.py:212: _Warning: Package 'fmha_sm100.cutlass.include.cutlass.epilogue.collective.builders' is absent from the `packages` configuration.
!!

        ********************************************************************************
        ############################
        # Package would be ignored #
        ############################
        Python recognizes 'fmha_sm100.cutlass.include.cutlass.epilogue.collective.builders' as an importable package[^1],
        but it is absent from setuptools' `packages` configuration.

        This leads to an ambiguous overall configuration. If you want to distribute this
        package, please make sure that 'fmha_sm100.cutlass.include.cutlass.epilogue.collective.builders' is explicitly added
        to the `packages` configuration field.

        Alternatively, you can also rely on setuptools' discovery methods
        (for example by using `find_namespace_packages(...)`/`find_namespace:`
        instead of `find_packages(...)`/`find:`).

        You can read more about "package discovery" on setuptools documentation page:

        - https://setuptools.pypa.io/en/latest/userguide/package_discovery.html

        If you don't want 'fmha_sm100.cutlass.include.cutlass.epilogue.collective.builders' to be distributed and are
        already explicitly excluding 'fmha_sm100.cutlass.include.cutlass.epilogue.collective.builders' via
        `find_namespace_packages(...)/find_namespace` or `find_packages(...)/find`,
        you can try to use `exclude_package_data`, or `include-package-data=False` in
        combination with a more fine grained `package-data` configuration.

        You can read more about "package data files" on setuptools documentation page:

        - https://setuptools.pypa.io/en/latest/userguide/datafiles.html


        [^1]: For Python, any directory (with suitable naming) can be imported,
              even if it does not contain any `.py` files.
              On the other hand, currently there is no concept of package data
              directory, all directories are treated like packages.
        ********************************************************************************

!!
  check.warn(importable)
/home/fans/SA-work/MiniMax-M3/rubin-kernel-perf/indexer-dcp-perf/review/v13-formal/.venv/lib/python3.12/site-packages/setuptools/command/build_py.py:212: _Warning: Package 'fmha_sm100.cutlass.include.cutlass.epilogue.fusion' is absent from the `packages` configuration.
!!

        ********************************************************************************
        ############################
        # Package would be ignored #
        ############################
        Python recognizes 'fmha_sm100.cutlass.include.cutlass.epilogue.fusion' as an importable package[^1],
        but it is absent from setuptools' `packages` configuration.

        This leads to an ambiguous overall configuration. If you want to distribute this
        package, please make sure that 'fmha_sm100.cutlass.include.cutlass.epilogue.fusion' is explicitly added
        to the `packages` configuration field.

        Alternatively, you can also rely on setuptools' discovery methods
        (for example by using `find_namespace_packages(...)`/`find_namespace:`
        instead of `find_packages(...)`/`find:`).

        You can read more about "package discovery" on setuptools documentation page:

        - https://setuptools.pypa.io/en/latest/userguide/package_discovery.html

        If you don't want 'fmha_sm100.cutlass.include.cutlass.epilogue.fusion' to be distributed and are
        already explicitly excluding 'fmha_sm100.cutlass.include.cutlass.epilogue.fusion' via
        `find_namespace_packages(...)/find_namespace` or `find_packages(...)/find`,
        you can try to use `exclude_package_data`, or `include-package-data=False` in
        combination with a more fine grained `package-data` configuration.

        You can read more about "package data files" on setuptools documentation page:

        - https://setuptools.pypa.io/en/latest/userguide/datafiles.html


        [^1]: For Python, any directory (with suitable naming) can be imported,
              even if it does not contain any `.py` files.
              On the other hand, currently there is no concept of package data
              directory, all directories are treated like packages.
        ********************************************************************************

!!
  check.warn(importable)
/home/fans/SA-work/MiniMax-M3/rubin-kernel-perf/indexer-dcp-perf/review/v13-formal/.venv/lib/python3.12/site-packages/setuptools/command/build_py.py:212: _Warning: Package 'fmha_sm100.cutlass.include.cutlass.epilogue.thread' is absent from the `packages` configuration.
!!

        ********************************************************************************
        ############################
        # Package would be ignored #
        ############################
        Python recognizes 'fmha_sm100.cutlass.include.cutlass.epilogue.thread' as an importable package[^1],
        but it is absent from setuptools' `packages` configuration.

        This leads to an ambiguous overall configuration. If you want to distribute this
        package, please make sure that 'fmha_sm100.cutlass.include.cutlass.epilogue.thread' is explicitly added
        to the `packages` configuration field.

        Alternatively, you can also rely on setuptools' discovery methods
        (for example by using `find_namespace_packages(...)`/`find_namespace:`
        instead of `find_packages(...)`/`find:`).

        You can read more about "package discovery" on setuptools documentation page:

        - https://setuptools.pypa.io/en/latest/userguide/package_discovery.html

        If you don't want 'fmha_sm100.cutlass.include.cutlass.epilogue.thread' to be distributed and are
        already explicitly excluding 'fmha_sm100.cutlass.include.cutlass.epilogue.thread' via
        `find_namespace_packages(...)/find_namespace` or `find_packages(...)/find`,
        you can try to use `exclude_package_data`, or `include-package-data=False` in
        combination with a more fine grained `package-data` configuration.

        You can read more about "package data files" on setuptools documentation page:

        - https://setuptools.pypa.io/en/latest/userguide/datafiles.html


        [^1]: For Python, any directory (with suitable naming) can be imported,
              even if it does not contain any `.py` files.
              On the other hand, currently there is no concept of package data
              directory, all directories are treated like packages.
        ********************************************************************************

!!
  check.warn(importable)
/home/fans/SA-work/MiniMax-M3/rubin-kernel-perf/indexer-dcp-perf/review/v13-formal/.venv/lib/python3.12/site-packages/setuptools/command/build_py.py:212: _Warning: Package 'fmha_sm100.cutlass.include.cutlass.epilogue.threadblock' is absent from the `packages` configuration.
!!

        ********************************************************************************
        ############################
        # Package would be ignored #
        ############################
        Python recognizes 'fmha_sm100.cutlass.include.cutlass.epilogue.threadblock' as an importable package[^1],
        but it is absent from setuptools' `packages` configuration.

        This leads to an ambiguous overall configuration. If you want to distribute this
        package, please make sure that 'fmha_sm100.cutlass.include.cutlass.epilogue.threadblock' is explicitly added
        to the `packages` configuration field.

        Alternatively, you can also rely on setuptools' discovery methods
        (for example by using `find_namespace_packages(...)`/`find_namespace:`
        instead of `find_packages(...)`/`find:`).

        You can read more about "package discovery" on setuptools documentation page:

        - https://setuptools.pypa.io/en/latest/userguide/package_discovery.html

        If you don't want 'fmha_sm100.cutlass.include.cutlass.epilogue.threadblock' to be distributed and are
        already explicitly excluding 'fmha_sm100.cutlass.include.cutlass.epilogue.threadblock' via
        `find_namespace_packages(...)/find_namespace` or `find_packages(...)/find`,
        you can try to use `exclude_package_data`, or `include-package-data=False` in
        combination with a more fine grained `package-data` configuration.

        You can read more about "package data files" on setuptools documentation page:

        - https://setuptools.pypa.io/en/latest/userguide/datafiles.html


        [^1]: For Python, any directory (with suitable naming) can be imported,
              even if it does not contain any `.py` files.
              On the other hand, currently there is no concept of package data
              directory, all directories are treated like packages.
        ********************************************************************************

!!
  check.warn(importable)
/home/fans/SA-work/MiniMax-M3/rubin-kernel-perf/indexer-dcp-perf/review/v13-formal/.venv/lib/python3.12/site-packages/setuptools/command/build_py.py:212: _Warning: Package 'fmha_sm100.cutlass.include.cutlass.epilogue.threadblock.fusion' is absent from the `packages` configuration.
!!

        ********************************************************************************
        ############################
        # Package would be ignored #
        ############################
        Python recognizes 'fmha_sm100.cutlass.include.cutlass.epilogue.threadblock.fusion' as an importable package[^1],
        but it is absent from setuptools' `packages` configuration.

        This leads to an ambiguous overall configuration. If you want to distribute this
        package, please make sure that 'fmha_sm100.cutlass.include.cutlass.epilogue.threadblock.fusion' is explicitly added
        to the `packages` configuration field.

        Alternatively, you can also rely on setuptools' discovery methods
        (for example by using `find_namespace_packages(...)`/`find_namespace:`
        instead of `find_packages(...)`/`find:`).

        You can read more about "package discovery" on setuptools documentation page:

        - https://setuptools.pypa.io/en/latest/userguide/package_discovery.html

        If you don't want 'fmha_sm100.cutlass.include.cutlass.epilogue.threadblock.fusion' to be distributed and are
        already explicitly excluding 'fmha_sm100.cutlass.include.cutlass.epilogue.threadblock.fusion' via
        `find_namespace_packages(...)/find_namespace` or `find_packages(...)/find`,
        you can try to use `exclude_package_data`, or `include-package-data=False` in
        combination with a more fine grained `package-data` configuration.

        You can read more about "package data files" on setuptools documentation page:

        - https://setuptools.pypa.io/en/latest/userguide/datafiles.html


        [^1]: For Python, any directory (with suitable naming) can be imported,
              even if it does not contain any `.py` files.
              On the other hand, currently there is no concept of package data
              directory, all directories are treated like packages.
        ********************************************************************************

!!
  check.warn(importable)
/home/fans/SA-work/MiniMax-M3/rubin-kernel-perf/indexer-dcp-perf/review/v13-formal/.venv/lib/python3.12/site-packages/setuptools/command/build_py.py:212: _Warning: Package 'fmha_sm100.cutlass.include.cutlass.epilogue.warp' is absent from the `packages` configuration.
!!

        ********************************************************************************
        ############################
        # Package would be ignored #
        ############################
        Python recognizes 'fmha_sm100.cutlass.include.cutlass.epilogue.warp' as an importable package[^1],
        but it is absent from setuptools' `packages` configuration.

        This leads to an ambiguous overall configuration. If you want to distribute this
        package, please make sure that 'fmha_sm100.cutlass.include.cutlass.epilogue.warp' is explicitly added
        to the `packages` configuration field.

        Alternatively, you can also rely on setuptools' discovery methods
        (for example by using `find_namespace_packages(...)`/`find_namespace:`
        instead of `find_packages(...)`/`find:`).

        You can read more about "package discovery" on setuptools documentation page:

        - https://setuptools.pypa.io/en/latest/userguide/package_discovery.html

        If you don't want 'fmha_sm100.cutlass.include.cutlass.epilogue.warp' to be distributed and are
        already explicitly excluding 'fmha_sm100.cutlass.include.cutlass.epilogue.warp' via
        `find_namespace_packages(...)/find_namespace` or `find_packages(...)/find`,
        you can try to use `exclude_package_data`, or `include-package-data=False` in
        combination with a more fine grained `package-data` configuration.

        You can read more about "package data files" on setuptools documentation page:

        - https://setuptools.pypa.io/en/latest/userguide/datafiles.html


        [^1]: For Python, any directory (with suitable naming) can be imported,
              even if it does not contain any `.py` files.
              On the other hand, currently there is no concept of package data
              directory, all directories are treated like packages.
        ********************************************************************************

!!
  check.warn(importable)
/home/fans/SA-work/MiniMax-M3/rubin-kernel-perf/indexer-dcp-perf/review/v13-formal/.venv/lib/python3.12/site-packages/setuptools/command/build_py.py:212: _Warning: Package 'fmha_sm100.cutlass.include.cutlass.experimental.distributed.device' is absent from the `packages` configuration.
!!

        ********************************************************************************
        ############################
        # Package would be ignored #
        ############################
        Python recognizes 'fmha_sm100.cutlass.include.cutlass.experimental.distributed.device' as an importable package[^1],
        but it is absent from setuptools' `packages` configuration.

        This leads to an ambiguous overall configuration. If you want to distribute this
        package, please make sure that 'fmha_sm100.cutlass.include.cutlass.experimental.distributed.device' is explicitly added
        to the `packages` configuration field.

        Alternatively, you can also rely on setuptools' discovery methods
        (for example by using `find_namespace_packages(...)`/`find_namespace:`
        instead of `find_packages(...)`/`find:`).

        You can read more about "package discovery" on setuptools documentation page:

        - https://setuptools.pypa.io/en/latest/userguide/package_discovery.html

        If you don't want 'fmha_sm100.cutlass.include.cutlass.experimental.distributed.device' to be distributed and are
        already explicitly excluding 'fmha_sm100.cutlass.include.cutlass.experimental.distributed.device' via
        `find_namespace_packages(...)/find_namespace` or `find_packages(...)/find`,
        you can try to use `exclude_package_data`, or `include-package-data=False` in
        combination with a more fine grained `package-data` configuration.

        You can read more about "package data files" on setuptools documentation page:

        - https://setuptools.pypa.io/en/latest/userguide/datafiles.html


        [^1]: For Python, any directory (with suitable naming) can be imported,
              even if it does not contain any `.py` files.
              On the other hand, currently there is no concept of package data
              directory, all directories are treated like packages.
        ********************************************************************************

!!
  check.warn(importable)
/home/fans/SA-work/MiniMax-M3/rubin-kernel-perf/indexer-dcp-perf/review/v13-formal/.venv/lib/python3.12/site-packages/setuptools/command/build_py.py:212: _Warning: Package 'fmha_sm100.cutlass.include.cutlass.experimental.distributed.kernel' is absent from the `packages` configuration.
!!

        ********************************************************************************
        ############################
        # Package would be ignored #
        ############################
        Python recognizes 'fmha_sm100.cutlass.include.cutlass.experimental.distributed.kernel' as an importable package[^1],
        but it is absent from setuptools' `packages` configuration.

        This leads to an ambiguous overall configuration. If you want to distribute this
        package, please make sure that 'fmha_sm100.cutlass.include.cutlass.experimental.distributed.kernel' is explicitly added
        to the `packages` configuration field.

        Alternatively, you can also rely on setuptools' discovery methods
        (for example by using `find_namespace_packages(...)`/`find_namespace:`
        instead of `find_packages(...)`/`find:`).

        You can read more about "package discovery" on setuptools documentation page:

        - https://setuptools.pypa.io/en/latest/userguide/package_discovery.html

        If you don't want 'fmha_sm100.cutlass.include.cutlass.experimental.distributed.kernel' to be distributed and are
        already explicitly excluding 'fmha_sm100.cutlass.include.cutlass.experimental.distributed.kernel' via
        `find_namespace_packages(...)/find_namespace` or `find_packages(...)/find`,
        you can try to use `exclude_package_data`, or `include-package-data=False` in
        combination with a more fine grained `package-data` configuration.

        You can read more about "package data files" on setuptools documentation page:

        - https://setuptools.pypa.io/en/latest/userguide/datafiles.html


        [^1]: For Python, any directory (with suitable naming) can be imported,
              even if it does not contain any `.py` files.
              On the other hand, currently there is no concept of package data
              directory, all directories are treated like packages.
        ********************************************************************************

!!
  check.warn(importable)
/home/fans/SA-work/MiniMax-M3/rubin-kernel-perf/indexer-dcp-perf/review/v13-formal/.venv/lib/python3.12/site-packages/setuptools/command/build_py.py:212: _Warning: Package 'fmha_sm100.cutlass.include.cutlass.experimental.distributed.schedules' is absent from the `packages` configuration.
!!

        ********************************************************************************
        ############################
        # Package would be ignored #
        ############################
        Python recognizes 'fmha_sm100.cutlass.include.cutlass.experimental.distributed.schedules' as an importable package[^1],
        but it is absent from setuptools' `packages` configuration.

        This leads to an ambiguous overall configuration. If you want to distribute this
        package, please make sure that 'fmha_sm100.cutlass.include.cutlass.experimental.distributed.schedules' is explicitly added
        to the `packages` configuration field.

        Alternatively, you can also rely on setuptools' discovery methods
        (for example by using `find_namespace_packages(...)`/`find_namespace:`
        instead of `find_packages(...)`/`find:`).

        You can read more about "package discovery" on setuptools documentation page:

        - https://setuptools.pypa.io/en/latest/userguide/package_discovery.html

        If you don't want 'fmha_sm100.cutlass.include.cutlass.experimental.distributed.schedules' to be distributed and are
        already explicitly excluding 'fmha_sm100.cutlass.include.cutlass.experimental.distributed.schedules' via
        `find_namespace_packages(...)/find_namespace` or `find_packages(...)/find`,
        you can try to use `exclude_package_data`, or `include-package-data=False` in
        combination with a more fine grained `package-data` configuration.

        You can read more about "package data files" on setuptools documentation page:

        - https://setuptools.pypa.io/en/latest/userguide/datafiles.html


        [^1]: For Python, any directory (with suitable naming) can be imported,
              even if it does not contain any `.py` files.
              On the other hand, currently there is no concept of package data
              directory, all directories are treated like packages.
        ********************************************************************************

!!
  check.warn(importable)
/home/fans/SA-work/MiniMax-M3/rubin-kernel-perf/indexer-dcp-perf/review/v13-formal/.venv/lib/python3.12/site-packages/setuptools/command/build_py.py:212: _Warning: Package 'fmha_sm100.cutlass.include.cutlass.gemm' is absent from the `packages` configuration.
!!

        ********************************************************************************
        ############################
        # Package would be ignored #
        ############################
        Python recognizes 'fmha_sm100.cutlass.include.cutlass.gemm' as an importable package[^1],
        but it is absent from setuptools' `packages` configuration.

        This leads to an ambiguous overall configuration. If you want to distribute this
        package, please make sure that 'fmha_sm100.cutlass.include.cutlass.gemm' is explicitly added
        to the `packages` configuration field.

        Alternatively, you can also rely on setuptools' discovery methods
        (for example by using `find_namespace_packages(...)`/`find_namespace:`
        instead of `find_packages(...)`/`find:`).

        You can read more about "package discovery" on setuptools documentation page:

        - https://setuptools.pypa.io/en/latest/userguide/package_discovery.html

        If you don't want 'fmha_sm100.cutlass.include.cutlass.gemm' to be distributed and are
        already explicitly excluding 'fmha_sm100.cutlass.include.cutlass.gemm' via
        `find_namespace_packages(...)/find_namespace` or `find_packages(...)/find`,
        you can try to use `exclude_package_data`, or `include-package-data=False` in
        combination with a more fine grained `package-data` configuration.

        You can read more about "package data files" on setuptools documentation page:

        - https://setuptools.pypa.io/en/latest/userguide/datafiles.html


        [^1]: For Python, any directory (with suitable naming) can be imported,
              even if it does not contain any `.py` files.
              On the other hand, currently there is no concept of package data
              directory, all directories are treated like packages.
        ********************************************************************************

!!
  check.warn(importable)
/home/fans/SA-work/MiniMax-M3/rubin-kernel-perf/indexer-dcp-perf/review/v13-formal/.venv/lib/python3.12/site-packages/setuptools/command/build_py.py:212: _Warning: Package 'fmha_sm100.cutlass.include.cutlass.gemm.collective' is absent from the `packages` configuration.
!!

        ********************************************************************************
        ############################
        # Package would be ignored #
        ############################
        Python recognizes 'fmha_sm100.cutlass.include.cutlass.gemm.collective' as an importable package[^1],
        but it is absent from setuptools' `packages` configuration.

        This leads to an ambiguous overall configuration. If you want to distribute this
        package, please make sure that 'fmha_sm100.cutlass.include.cutlass.gemm.collective' is explicitly added
        to the `packages` configuration field.

        Alternatively, you can also rely on setuptools' discovery methods
        (for example by using `find_namespace_packages(...)`/`find_namespace:`
        instead of `find_packages(...)`/`find:`).

        You can read more about "package discovery" on setuptools documentation page:

        - https://setuptools.pypa.io/en/latest/userguide/package_discovery.html

        If you don't want 'fmha_sm100.cutlass.include.cutlass.gemm.collective' to be distributed and are
        already explicitly excluding 'fmha_sm100.cutlass.include.cutlass.gemm.collective' via
        `find_namespace_packages(...)/find_namespace` or `find_packages(...)/find`,
        you can try to use `exclude_package_data`, or `include-package-data=False` in
        combination with a more fine grained `package-data` configuration.

        You can read more about "package data files" on setuptools documentation page:

        - https://setuptools.pypa.io/en/latest/userguide/datafiles.html


        [^1]: For Python, any directory (with suitable naming) can be imported,
              even if it does not contain any `.py` files.
              On the other hand, currently there is no concept of package data
              directory, all directories are treated like packages.
        ********************************************************************************

!!
  check.warn(importable)
/home/fans/SA-work/MiniMax-M3/rubin-kernel-perf/indexer-dcp-perf/review/v13-formal/.venv/lib/python3.12/site-packages/setuptools/command/build_py.py:212: _Warning: Package 'fmha_sm100.cutlass.include.cutlass.gemm.collective.builders' is absent from the `packages` configuration.
!!

        ********************************************************************************
        ############################
        # Package would be ignored #
        ############################
        Python recognizes 'fmha_sm100.cutlass.include.cutlass.gemm.collective.builders' as an importable package[^1],
        but it is absent from setuptools' `packages` configuration.

        This leads to an ambiguous overall configuration. If you want to distribute this
        package, please make sure that 'fmha_sm100.cutlass.include.cutlass.gemm.collective.builders' is explicitly added
        to the `packages` configuration field.

        Alternatively, you can also rely on setuptools' discovery methods
        (for example by using `find_namespace_packages(...)`/`find_namespace:`
        instead of `find_packages(...)`/`find:`).

        You can read more about "package discovery" on setuptools documentation page:

        - https://setuptools.pypa.io/en/latest/userguide/package_discovery.html

        If you don't want 'fmha_sm100.cutlass.include.cutlass.gemm.collective.builders' to be distributed and are
        already explicitly excluding 'fmha_sm100.cutlass.include.cutlass.gemm.collective.builders' via
        `find_namespace_packages(...)/find_namespace` or `find_packages(...)/find`,
        you can try to use `exclude_package_data`, or `include-package-data=False` in
        combination with a more fine grained `package-data` configuration.

        You can read more about "package data files" on setuptools documentation page:

        - https://setuptools.pypa.io/en/latest/userguide/datafiles.html


        [^1]: For Python, any directory (with suitable naming) can be imported,
              even if it does not contain any `.py` files.
              On the other hand, currently there is no concept of package data
              directory, all directories are treated like packages.
        ********************************************************************************

!!
  check.warn(importable)
/home/fans/SA-work/MiniMax-M3/rubin-kernel-perf/indexer-dcp-perf/review/v13-formal/.venv/lib/python3.12/site-packages/setuptools/command/build_py.py:212: _Warning: Package 'fmha_sm100.cutlass.include.cutlass.gemm.device' is absent from the `packages` configuration.
!!

        ********************************************************************************
        ############################
        # Package would be ignored #
        ############################
        Python recognizes 'fmha_sm100.cutlass.include.cutlass.gemm.device' as an importable package[^1],
        but it is absent from setuptools' `packages` configuration.

        This leads to an ambiguous overall configuration. If you want to distribute this
        package, please make sure that 'fmha_sm100.cutlass.include.cutlass.gemm.device' is explicitly added
        to the `packages` configuration field.

        Alternatively, you can also rely on setuptools' discovery methods
        (for example by using `find_namespace_packages(...)`/`find_namespace:`
        instead of `find_packages(...)`/`find:`).

        You can read more about "package discovery" on setuptools documentation page:

        - https://setuptools.pypa.io/en/latest/userguide/package_discovery.html

        If you don't want 'fmha_sm100.cutlass.include.cutlass.gemm.device' to be distributed and are
        already explicitly excluding 'fmha_sm100.cutlass.include.cutlass.gemm.device' via
        `find_namespace_packages(...)/find_namespace` or `find_packages(...)/find`,
        you can try to use `exclude_package_data`, or `include-package-data=False` in
        combination with a more fine grained `package-data` configuration.

        You can read more about "package data files" on setuptools documentation page:

        - https://setuptools.pypa.io/en/latest/userguide/datafiles.html


        [^1]: For Python, any directory (with suitable naming) can be imported,
              even if it does not contain any `.py` files.
              On the other hand, currently there is no concept of package data
              directory, all directories are treated like packages.
        ********************************************************************************

!!
  check.warn(importable)
/home/fans/SA-work/MiniMax-M3/rubin-kernel-perf/indexer-dcp-perf/review/v13-formal/.venv/lib/python3.12/site-packages/setuptools/command/build_py.py:212: _Warning: Package 'fmha_sm100.cutlass.include.cutlass.gemm.kernel' is absent from the `packages` configuration.
!!

        ********************************************************************************
        ############################
        # Package would be ignored #
        ############################
        Python recognizes 'fmha_sm100.cutlass.include.cutlass.gemm.kernel' as an importable package[^1],
        but it is absent from setuptools' `packages` configuration.

        This leads to an ambiguous overall configuration. If you want to distribute this
        package, please make sure that 'fmha_sm100.cutlass.include.cutlass.gemm.kernel' is explicitly added
        to the `packages` configuration field.

        Alternatively, you can also rely on setuptools' discovery methods
        (for example by using `find_namespace_packages(...)`/`find_namespace:`
        instead of `find_packages(...)`/`find:`).

        You can read more about "package discovery" on setuptools documentation page:

        - https://setuptools.pypa.io/en/latest/userguide/package_discovery.html

        If you don't want 'fmha_sm100.cutlass.include.cutlass.gemm.kernel' to be distributed and are
        already explicitly excluding 'fmha_sm100.cutlass.include.cutlass.gemm.kernel' via
        `find_namespace_packages(...)/find_namespace` or `find_packages(...)/find`,
        you can try to use `exclude_package_data`, or `include-package-data=False` in
        combination with a more fine grained `package-data` configuration.

        You can read more about "package data files" on setuptools documentation page:

        - https://setuptools.pypa.io/en/latest/userguide/datafiles.html


        [^1]: For Python, any directory (with suitable naming) can be imported,
              even if it does not contain any `.py` files.
              On the other hand, currently there is no concept of package data
              directory, all directories are treated like packages.
        ********************************************************************************

!!
  check.warn(importable)
/home/fans/SA-work/MiniMax-M3/rubin-kernel-perf/indexer-dcp-perf/review/v13-formal/.venv/lib/python3.12/site-packages/setuptools/command/build_py.py:212: _Warning: Package 'fmha_sm100.cutlass.include.cutlass.gemm.thread' is absent from the `packages` configuration.
!!

        ********************************************************************************
        ############################
        # Package would be ignored #
        ############################
        Python recognizes 'fmha_sm100.cutlass.include.cutlass.gemm.thread' as an importable package[^1],
        but it is absent from setuptools' `packages` configuration.

        This leads to an ambiguous overall configuration. If you want to distribute this
        package, please make sure that 'fmha_sm100.cutlass.include.cutlass.gemm.thread' is explicitly added
        to the `packages` configuration field.

        Alternatively, you can also rely on setuptools' discovery methods
        (for example by using `find_namespace_packages(...)`/`find_namespace:`
        instead of `find_packages(...)`/`find:`).

        You can read more about "package discovery" on setuptools documentation page:

        - https://setuptools.pypa.io/en/latest/userguide/package_discovery.html

        If you don't want 'fmha_sm100.cutlass.include.cutlass.gemm.thread' to be distributed and are
        already explicitly excluding 'fmha_sm100.cutlass.include.cutlass.gemm.thread' via
        `find_namespace_packages(...)/find_namespace` or `find_packages(...)/find`,
        you can try to use `exclude_package_data`, or `include-package-data=False` in
        combination with a more fine grained `package-data` configuration.

        You can read more about "package data files" on setuptools documentation page:

        - https://setuptools.pypa.io/en/latest/userguide/datafiles.html


        [^1]: For Python, any directory (with suitable naming) can be imported,
              even if it does not contain any `.py` files.
              On the other hand, currently there is no concept of package data
              directory, all directories are treated like packages.
        ********************************************************************************

!!
  check.warn(importable)
/home/fans/SA-work/MiniMax-M3/rubin-kernel-perf/indexer-dcp-perf/review/v13-formal/.venv/lib/python3.12/site-packages/setuptools/command/build_py.py:212: _Warning: Package 'fmha_sm100.cutlass.include.cutlass.gemm.threadblock' is absent from the `packages` configuration.
!!

        ********************************************************************************
        ############################
        # Package would be ignored #
        ############################
        Python recognizes 'fmha_sm100.cutlass.include.cutlass.gemm.threadblock' as an importable package[^1],
        but it is absent from setuptools' `packages` configuration.

        This leads to an ambiguous overall configuration. If you want to distribute this
        package, please make sure that 'fmha_sm100.cutlass.include.cutlass.gemm.threadblock' is explicitly added
        to the `packages` configuration field.

        Alternatively, you can also rely on setuptools' discovery methods
        (for example by using `find_namespace_packages(...)`/`find_namespace:`
        instead of `find_packages(...)`/`find:`).

        You can read more about "package discovery" on setuptools documentation page:

        - https://setuptools.pypa.io/en/latest/userguide/package_discovery.html

        If you don't want 'fmha_sm100.cutlass.include.cutlass.gemm.threadblock' to be distributed and are
        already explicitly excluding 'fmha_sm100.cutlass.include.cutlass.gemm.threadblock' via
        `find_namespace_packages(...)/find_namespace` or `find_packages(...)/find`,
        you can try to use `exclude_package_data`, or `include-package-data=False` in
        combination with a more fine grained `package-data` configuration.

        You can read more about "package data files" on setuptools documentation page:

        - https://setuptools.pypa.io/en/latest/userguide/datafiles.html


        [^1]: For Python, any directory (with suitable naming) can be imported,
              even if it does not contain any `.py` files.
              On the other hand, currently there is no concept of package data
              directory, all directories are treated like packages.
        ********************************************************************************

!!
  check.warn(importable)
/home/fans/SA-work/MiniMax-M3/rubin-kernel-perf/indexer-dcp-perf/review/v13-formal/.venv/lib/python3.12/site-packages/setuptools/command/build_py.py:212: _Warning: Package 'fmha_sm100.cutlass.include.cutlass.gemm.warp' is absent from the `packages` configuration.
!!

        ********************************************************************************
        ############################
        # Package would be ignored #
        ############################
        Python recognizes 'fmha_sm100.cutlass.include.cutlass.gemm.warp' as an importable package[^1],
        but it is absent from setuptools' `packages` configuration.

        This leads to an ambiguous overall configuration. If you want to distribute this
        package, please make sure that 'fmha_sm100.cutlass.include.cutlass.gemm.warp' is explicitly added
        to the `packages` configuration field.

        Alternatively, you can also rely on setuptools' discovery methods
        (for example by using `find_namespace_packages(...)`/`find_namespace:`
        instead of `find_packages(...)`/`find:`).

        You can read more about "package discovery" on setuptools documentation page:

        - https://setuptools.pypa.io/en/latest/userguide/package_discovery.html

        If you don't want 'fmha_sm100.cutlass.include.cutlass.gemm.warp' to be distributed and are
        already explicitly excluding 'fmha_sm100.cutlass.include.cutlass.gemm.warp' via
        `find_namespace_packages(...)/find_namespace` or `find_packages(...)/find`,
        you can try to use `exclude_package_data`, or `include-package-data=False` in
        combination with a more fine grained `package-data` configuration.

        You can read more about "package data files" on setuptools documentation page:

        - https://setuptools.pypa.io/en/latest/userguide/datafiles.html


        [^1]: For Python, any directory (with suitable naming) can be imported,
              even if it does not contain any `.py` files.
              On the other hand, currently there is no concept of package data
              directory, all directories are treated like packages.
        ********************************************************************************

!!
  check.warn(importable)
/home/fans/SA-work/MiniMax-M3/rubin-kernel-perf/indexer-dcp-perf/review/v13-formal/.venv/lib/python3.12/site-packages/setuptools/command/build_py.py:212: _Warning: Package 'fmha_sm100.cutlass.include.cutlass.layout' is absent from the `packages` configuration.
!!

        ********************************************************************************
        ############################
        # Package would be ignored #
        ############################
        Python recognizes 'fmha_sm100.cutlass.include.cutlass.layout' as an importable package[^1],
        but it is absent from setuptools' `packages` configuration.

        This leads to an ambiguous overall configuration. If you want to distribute this
        package, please make sure that 'fmha_sm100.cutlass.include.cutlass.layout' is explicitly added
        to the `packages` configuration field.

        Alternatively, you can also rely on setuptools' discovery methods
        (for example by using `find_namespace_packages(...)`/`find_namespace:`
        instead of `find_packages(...)`/`find:`).

        You can read more about "package discovery" on setuptools documentation page:

        - https://setuptools.pypa.io/en/latest/userguide/package_discovery.html

        If you don't want 'fmha_sm100.cutlass.include.cutlass.layout' to be distributed and are
        already explicitly excluding 'fmha_sm100.cutlass.include.cutlass.layout' via
        `find_namespace_packages(...)/find_namespace` or `find_packages(...)/find`,
        you can try to use `exclude_package_data`, or `include-package-data=False` in
        combination with a more fine grained `package-data` configuration.

        You can read more about "package data files" on setuptools documentation page:

        - https://setuptools.pypa.io/en/latest/userguide/datafiles.html


        [^1]: For Python, any directory (with suitable naming) can be imported,
              even if it does not contain any `.py` files.
              On the other hand, currently there is no concept of package data
              directory, all directories are treated like packages.
        ********************************************************************************

!!
  check.warn(importable)
/home/fans/SA-work/MiniMax-M3/rubin-kernel-perf/indexer-dcp-perf/review/v13-formal/.venv/lib/python3.12/site-packages/setuptools/command/build_py.py:212: _Warning: Package 'fmha_sm100.cutlass.include.cutlass.pipeline' is absent from the `packages` configuration.
!!

        ********************************************************************************
        ############################
        # Package would be ignored #
        ############################
        Python recognizes 'fmha_sm100.cutlass.include.cutlass.pipeline' as an importable package[^1],
        but it is absent from setuptools' `packages` configuration.

        This leads to an ambiguous overall configuration. If you want to distribute this
        package, please make sure that 'fmha_sm100.cutlass.include.cutlass.pipeline' is explicitly added
        to the `packages` configuration field.

        Alternatively, you can also rely on setuptools' discovery methods
        (for example by using `find_namespace_packages(...)`/`find_namespace:`
        instead of `find_packages(...)`/`find:`).

        You can read more about "package discovery" on setuptools documentation page:

        - https://setuptools.pypa.io/en/latest/userguide/package_discovery.html

        If you don't want 'fmha_sm100.cutlass.include.cutlass.pipeline' to be distributed and are
        already explicitly excluding 'fmha_sm100.cutlass.include.cutlass.pipeline' via
        `find_namespace_packages(...)/find_namespace` or `find_packages(...)/find`,
        you can try to use `exclude_package_data`, or `include-package-data=False` in
        combination with a more fine grained `package-data` configuration.

        You can read more about "package data files" on setuptools documentation page:

        - https://setuptools.pypa.io/en/latest/userguide/datafiles.html


        [^1]: For Python, any directory (with suitable naming) can be imported,
              even if it does not contain any `.py` files.
              On the other hand, currently there is no concept of package data
              directory, all directories are treated like packages.
        ********************************************************************************

!!
  check.warn(importable)
/home/fans/SA-work/MiniMax-M3/rubin-kernel-perf/indexer-dcp-perf/review/v13-formal/.venv/lib/python3.12/site-packages/setuptools/command/build_py.py:212: _Warning: Package 'fmha_sm100.cutlass.include.cutlass.platform' is absent from the `packages` configuration.
!!

        ********************************************************************************
        ############################
        # Package would be ignored #
        ############################
        Python recognizes 'fmha_sm100.cutlass.include.cutlass.platform' as an importable package[^1],
        but it is absent from setuptools' `packages` configuration.

        This leads to an ambiguous overall configuration. If you want to distribute this
        package, please make sure that 'fmha_sm100.cutlass.include.cutlass.platform' is explicitly added
        to the `packages` configuration field.

        Alternatively, you can also rely on setuptools' discovery methods
        (for example by using `find_namespace_packages(...)`/`find_namespace:`
        instead of `find_packages(...)`/`find:`).

        You can read more about "package discovery" on setuptools documentation page:

        - https://setuptools.pypa.io/en/latest/userguide/package_discovery.html

        If you don't want 'fmha_sm100.cutlass.include.cutlass.platform' to be distributed and are
        already explicitly excluding 'fmha_sm100.cutlass.include.cutlass.platform' via
        `find_namespace_packages(...)/find_namespace` or `find_packages(...)/find`,
        you can try to use `exclude_package_data`, or `include-package-data=False` in
        combination with a more fine grained `package-data` configuration.

        You can read more about "package data files" on setuptools documentation page:

        - https://setuptools.pypa.io/en/latest/userguide/datafiles.html


        [^1]: For Python, any directory (with suitable naming) can be imported,
              even if it does not contain any `.py` files.
              On the other hand, currently there is no concept of package data
              directory, all directories are treated like packages.
        ********************************************************************************

!!
  check.warn(importable)
/home/fans/SA-work/MiniMax-M3/rubin-kernel-perf/indexer-dcp-perf/review/v13-formal/.venv/lib/python3.12/site-packages/setuptools/command/build_py.py:212: _Warning: Package 'fmha_sm100.cutlass.include.cutlass.reduction' is absent from the `packages` configuration.
!!

        ********************************************************************************
        ############################
        # Package would be ignored #
        ############################
        Python recognizes 'fmha_sm100.cutlass.include.cutlass.reduction' as an importable package[^1],
        but it is absent from setuptools' `packages` configuration.

        This leads to an ambiguous overall configuration. If you want to distribute this
        package, please make sure that 'fmha_sm100.cutlass.include.cutlass.reduction' is explicitly added
        to the `packages` configuration field.

        Alternatively, you can also rely on setuptools' discovery methods
        (for example by using `find_namespace_packages(...)`/`find_namespace:`
        instead of `find_packages(...)`/`find:`).

        You can read more about "package discovery" on setuptools documentation page:

        - https://setuptools.pypa.io/en/latest/userguide/package_discovery.html

        If you don't want 'fmha_sm100.cutlass.include.cutlass.reduction' to be distributed and are
        already explicitly excluding 'fmha_sm100.cutlass.include.cutlass.reduction' via
        `find_namespace_packages(...)/find_namespace` or `find_packages(...)/find`,
        you can try to use `exclude_package_data`, or `include-package-data=False` in
        combination with a more fine grained `package-data` configuration.

        You can read more about "package data files" on setuptools documentation page:

        - https://setuptools.pypa.io/en/latest/userguide/datafiles.html


        [^1]: For Python, any directory (with suitable naming) can be imported,
              even if it does not contain any `.py` files.
              On the other hand, currently there is no concept of package data
              directory, all directories are treated like packages.
        ********************************************************************************

!!
  check.warn(importable)
/home/fans/SA-work/MiniMax-M3/rubin-kernel-perf/indexer-dcp-perf/review/v13-formal/.venv/lib/python3.12/site-packages/setuptools/command/build_py.py:212: _Warning: Package 'fmha_sm100.cutlass.include.cutlass.reduction.device' is absent from the `packages` configuration.
!!

        ********************************************************************************
        ############################
        # Package would be ignored #
        ############################
        Python recognizes 'fmha_sm100.cutlass.include.cutlass.reduction.device' as an importable package[^1],
        but it is absent from setuptools' `packages` configuration.

        This leads to an ambiguous overall configuration. If you want to distribute this
        package, please make sure that 'fmha_sm100.cutlass.include.cutlass.reduction.device' is explicitly added
        to the `packages` configuration field.

        Alternatively, you can also rely on setuptools' discovery methods
        (for example by using `find_namespace_packages(...)`/`find_namespace:`
        instead of `find_packages(...)`/`find:`).

        You can read more about "package discovery" on setuptools documentation page:

        - https://setuptools.pypa.io/en/latest/userguide/package_discovery.html

        If you don't want 'fmha_sm100.cutlass.include.cutlass.reduction.device' to be distributed and are
        already explicitly excluding 'fmha_sm100.cutlass.include.cutlass.reduction.device' via
        `find_namespace_packages(...)/find_namespace` or `find_packages(...)/find`,
        you can try to use `exclude_package_data`, or `include-package-data=False` in
        combination with a more fine grained `package-data` configuration.

        You can read more about "package data files" on setuptools documentation page:

        - https://setuptools.pypa.io/en/latest/userguide/datafiles.html


        [^1]: For Python, any directory (with suitable naming) can be imported,
              even if it does not contain any `.py` files.
              On the other hand, currently there is no concept of package data
              directory, all directories are treated like packages.
        ********************************************************************************

!!
  check.warn(importable)
/home/fans/SA-work/MiniMax-M3/rubin-kernel-perf/indexer-dcp-perf/review/v13-formal/.venv/lib/python3.12/site-packages/setuptools/command/build_py.py:212: _Warning: Package 'fmha_sm100.cutlass.include.cutlass.reduction.kernel' is absent from the `packages` configuration.
!!

        ********************************************************************************
        ############################
        # Package would be ignored #
        ############################
        Python recognizes 'fmha_sm100.cutlass.include.cutlass.reduction.kernel' as an importable package[^1],
        but it is absent from setuptools' `packages` configuration.

        This leads to an ambiguous overall configuration. If you want to distribute this
        package, please make sure that 'fmha_sm100.cutlass.include.cutlass.reduction.kernel' is explicitly added
        to the `packages` configuration field.

        Alternatively, you can also rely on setuptools' discovery methods
        (for example by using `find_namespace_packages(...)`/`find_namespace:`
        instead of `find_packages(...)`/`find:`).

        You can read more about "package discovery" on setuptools documentation page:

        - https://setuptools.pypa.io/en/latest/userguide/package_discovery.html

        If you don't want 'fmha_sm100.cutlass.include.cutlass.reduction.kernel' to be distributed and are
        already explicitly excluding 'fmha_sm100.cutlass.include.cutlass.reduction.kernel' via
        `find_namespace_packages(...)/find_namespace` or `find_packages(...)/find`,
        you can try to use `exclude_package_data`, or `include-package-data=False` in
        combination with a more fine grained `package-data` configuration.

        You can read more about "package data files" on setuptools documentation page:

        - https://setuptools.pypa.io/en/latest/userguide/datafiles.html


        [^1]: For Python, any directory (with suitable naming) can be imported,
              even if it does not contain any `.py` files.
              On the other hand, currently there is no concept of package data
              directory, all directories are treated like packages.
        ********************************************************************************

!!
  check.warn(importable)
/home/fans/SA-work/MiniMax-M3/rubin-kernel-perf/indexer-dcp-perf/review/v13-formal/.venv/lib/python3.12/site-packages/setuptools/command/build_py.py:212: _Warning: Package 'fmha_sm100.cutlass.include.cutlass.reduction.thread' is absent from the `packages` configuration.
!!

        ********************************************************************************
        ############################
        # Package would be ignored #
        ############################
        Python recognizes 'fmha_sm100.cutlass.include.cutlass.reduction.thread' as an importable package[^1],
        but it is absent from setuptools' `packages` configuration.

        This leads to an ambiguous overall configuration. If you want to distribute this
        package, please make sure that 'fmha_sm100.cutlass.include.cutlass.reduction.thread' is explicitly added
        to the `packages` configuration field.

        Alternatively, you can also rely on setuptools' discovery methods
        (for example by using `find_namespace_packages(...)`/`find_namespace:`
        instead of `find_packages(...)`/`find:`).

        You can read more about "package discovery" on setuptools documentation page:

        - https://setuptools.pypa.io/en/latest/userguide/package_discovery.html

        If you don't want 'fmha_sm100.cutlass.include.cutlass.reduction.thread' to be distributed and are
        already explicitly excluding 'fmha_sm100.cutlass.include.cutlass.reduction.thread' via
        `find_namespace_packages(...)/find_namespace` or `find_packages(...)/find`,
        you can try to use `exclude_package_data`, or `include-package-data=False` in
        combination with a more fine grained `package-data` configuration.

        You can read more about "package data files" on setuptools documentation page:

        - https://setuptools.pypa.io/en/latest/userguide/datafiles.html


        [^1]: For Python, any directory (with suitable naming) can be imported,
              even if it does not contain any `.py` files.
              On the other hand, currently there is no concept of package data
              directory, all directories are treated like packages.
        ********************************************************************************

!!
  check.warn(importable)
/home/fans/SA-work/MiniMax-M3/rubin-kernel-perf/indexer-dcp-perf/review/v13-formal/.venv/lib/python3.12/site-packages/setuptools/command/build_py.py:212: _Warning: Package 'fmha_sm100.cutlass.include.cutlass.thread' is absent from the `packages` configuration.
!!

        ********************************************************************************
        ############################
        # Package would be ignored #
        ############################
        Python recognizes 'fmha_sm100.cutlass.include.cutlass.thread' as an importable package[^1],
        but it is absent from setuptools' `packages` configuration.

        This leads to an ambiguous overall configuration. If you want to distribute this
        package, please make sure that 'fmha_sm100.cutlass.include.cutlass.thread' is explicitly added
        to the `packages` configuration field.

        Alternatively, you can also rely on setuptools' discovery methods
        (for example by using `find_namespace_packages(...)`/`find_namespace:`
        instead of `find_packages(...)`/`find:`).

        You can read more about "package discovery" on setuptools documentation page:

        - https://setuptools.pypa.io/en/latest/userguide/package_discovery.html

        If you don't want 'fmha_sm100.cutlass.include.cutlass.thread' to be distributed and are
        already explicitly excluding 'fmha_sm100.cutlass.include.cutlass.thread' via
        `find_namespace_packages(...)/find_namespace` or `find_packages(...)/find`,
        you can try to use `exclude_package_data`, or `include-package-data=False` in
        combination with a more fine grained `package-data` configuration.

        You can read more about "package data files" on setuptools documentation page:

        - https://setuptools.pypa.io/en/latest/userguide/datafiles.html


        [^1]: For Python, any directory (with suitable naming) can be imported,
              even if it does not contain any `.py` files.
              On the other hand, currently there is no concept of package data
              directory, all directories are treated like packages.
        ********************************************************************************

!!
  check.warn(importable)
/home/fans/SA-work/MiniMax-M3/rubin-kernel-perf/indexer-dcp-perf/review/v13-formal/.venv/lib/python3.12/site-packages/setuptools/command/build_py.py:212: _Warning: Package 'fmha_sm100.cutlass.include.cutlass.transform' is absent from the `packages` configuration.
!!

        ********************************************************************************
        ############################
        # Package would be ignored #
        ############################
        Python recognizes 'fmha_sm100.cutlass.include.cutlass.transform' as an importable package[^1],
        but it is absent from setuptools' `packages` configuration.

        This leads to an ambiguous overall configuration. If you want to distribute this
        package, please make sure that 'fmha_sm100.cutlass.include.cutlass.transform' is explicitly added
        to the `packages` configuration field.

        Alternatively, you can also rely on setuptools' discovery methods
        (for example by using `find_namespace_packages(...)`/`find_namespace:`
        instead of `find_packages(...)`/`find:`).

        You can read more about "package discovery" on setuptools documentation page:

        - https://setuptools.pypa.io/en/latest/userguide/package_discovery.html

        If you don't want 'fmha_sm100.cutlass.include.cutlass.transform' to be distributed and are
        already explicitly excluding 'fmha_sm100.cutlass.include.cutlass.transform' via
        `find_namespace_packages(...)/find_namespace` or `find_packages(...)/find`,
        you can try to use `exclude_package_data`, or `include-package-data=False` in
        combination with a more fine grained `package-data` configuration.

        You can read more about "package data files" on setuptools documentation page:

        - https://setuptools.pypa.io/en/latest/userguide/datafiles.html


        [^1]: For Python, any directory (with suitable naming) can be imported,
              even if it does not contain any `.py` files.
              On the other hand, currently there is no concept of package data
              directory, all directories are treated like packages.
        ********************************************************************************

!!
  check.warn(importable)
/home/fans/SA-work/MiniMax-M3/rubin-kernel-perf/indexer-dcp-perf/review/v13-formal/.venv/lib/python3.12/site-packages/setuptools/command/build_py.py:212: _Warning: Package 'fmha_sm100.cutlass.include.cutlass.transform.collective' is absent from the `packages` configuration.
!!

        ********************************************************************************
        ############################
        # Package would be ignored #
        ############################
        Python recognizes 'fmha_sm100.cutlass.include.cutlass.transform.collective' as an importable package[^1],
        but it is absent from setuptools' `packages` configuration.

        This leads to an ambiguous overall configuration. If you want to distribute this
        package, please make sure that 'fmha_sm100.cutlass.include.cutlass.transform.collective' is explicitly added
        to the `packages` configuration field.

        Alternatively, you can also rely on setuptools' discovery methods
        (for example by using `find_namespace_packages(...)`/`find_namespace:`
        instead of `find_packages(...)`/`find:`).

        You can read more about "package discovery" on setuptools documentation page:

        - https://setuptools.pypa.io/en/latest/userguide/package_discovery.html

        If you don't want 'fmha_sm100.cutlass.include.cutlass.transform.collective' to be distributed and are
        already explicitly excluding 'fmha_sm100.cutlass.include.cutlass.transform.collective' via
        `find_namespace_packages(...)/find_namespace` or `find_packages(...)/find`,
        you can try to use `exclude_package_data`, or `include-package-data=False` in
        combination with a more fine grained `package-data` configuration.

        You can read more about "package data files" on setuptools documentation page:

        - https://setuptools.pypa.io/en/latest/userguide/datafiles.html


        [^1]: For Python, any directory (with suitable naming) can be imported,
              even if it does not contain any `.py` files.
              On the other hand, currently there is no concept of package data
              directory, all directories are treated like packages.
        ********************************************************************************

!!
  check.warn(importable)
/home/fans/SA-work/MiniMax-M3/rubin-kernel-perf/indexer-dcp-perf/review/v13-formal/.venv/lib/python3.12/site-packages/setuptools/command/build_py.py:212: _Warning: Package 'fmha_sm100.cutlass.include.cutlass.transform.device' is absent from the `packages` configuration.
!!

        ********************************************************************************
        ############################
        # Package would be ignored #
        ############################
        Python recognizes 'fmha_sm100.cutlass.include.cutlass.transform.device' as an importable package[^1],
        but it is absent from setuptools' `packages` configuration.

        This leads to an ambiguous overall configuration. If you want to distribute this
        package, please make sure that 'fmha_sm100.cutlass.include.cutlass.transform.device' is explicitly added
        to the `packages` configuration field.

        Alternatively, you can also rely on setuptools' discovery methods
        (for example by using `find_namespace_packages(...)`/`find_namespace:`
        instead of `find_packages(...)`/`find:`).

        You can read more about "package discovery" on setuptools documentation page:

        - https://setuptools.pypa.io/en/latest/userguide/package_discovery.html

        If you don't want 'fmha_sm100.cutlass.include.cutlass.transform.device' to be distributed and are
        already explicitly excluding 'fmha_sm100.cutlass.include.cutlass.transform.device' via
        `find_namespace_packages(...)/find_namespace` or `find_packages(...)/find`,
        you can try to use `exclude_package_data`, or `include-package-data=False` in
        combination with a more fine grained `package-data` configuration.

        You can read more about "package data files" on setuptools documentation page:

        - https://setuptools.pypa.io/en/latest/userguide/datafiles.html


        [^1]: For Python, any directory (with suitable naming) can be imported,
              even if it does not contain any `.py` files.
              On the other hand, currently there is no concept of package data
              directory, all directories are treated like packages.
        ********************************************************************************

!!
  check.warn(importable)
/home/fans/SA-work/MiniMax-M3/rubin-kernel-perf/indexer-dcp-perf/review/v13-formal/.venv/lib/python3.12/site-packages/setuptools/command/build_py.py:212: _Warning: Package 'fmha_sm100.cutlass.include.cutlass.transform.kernel' is absent from the `packages` configuration.
!!

        ********************************************************************************
        ############################
        # Package would be ignored #
        ############################
        Python recognizes 'fmha_sm100.cutlass.include.cutlass.transform.kernel' as an importable package[^1],
        but it is absent from setuptools' `packages` configuration.

        This leads to an ambiguous overall configuration. If you want to distribute this
        package, please make sure that 'fmha_sm100.cutlass.include.cutlass.transform.kernel' is explicitly added
        to the `packages` configuration field.

        Alternatively, you can also rely on setuptools' discovery methods
        (for example by using `find_namespace_packages(...)`/`find_namespace:`
        instead of `find_packages(...)`/`find:`).

        You can read more about "package discovery" on setuptools documentation page:

        - https://setuptools.pypa.io/en/latest/userguide/package_discovery.html

        If you don't want 'fmha_sm100.cutlass.include.cutlass.transform.kernel' to be distributed and are
        already explicitly excluding 'fmha_sm100.cutlass.include.cutlass.transform.kernel' via
        `find_namespace_packages(...)/find_namespace` or `find_packages(...)/find`,
        you can try to use `exclude_package_data`, or `include-package-data=False` in
        combination with a more fine grained `package-data` configuration.

        You can read more about "package data files" on setuptools documentation page:

        - https://setuptools.pypa.io/en/latest/userguide/datafiles.html


        [^1]: For Python, any directory (with suitable naming) can be imported,
              even if it does not contain any `.py` files.
              On the other hand, currently there is no concept of package data
              directory, all directories are treated like packages.
        ********************************************************************************

!!
  check.warn(importable)
/home/fans/SA-work/MiniMax-M3/rubin-kernel-perf/indexer-dcp-perf/review/v13-formal/.venv/lib/python3.12/site-packages/setuptools/command/build_py.py:212: _Warning: Package 'fmha_sm100.cutlass.include.cutlass.transform.thread' is absent from the `packages` configuration.
!!

        ********************************************************************************
        ############################
        # Package would be ignored #
        ############################
        Python recognizes 'fmha_sm100.cutlass.include.cutlass.transform.thread' as an importable package[^1],
        but it is absent from setuptools' `packages` configuration.

        This leads to an ambiguous overall configuration. If you want to distribute this
        package, please make sure that 'fmha_sm100.cutlass.include.cutlass.transform.thread' is explicitly added
        to the `packages` configuration field.

        Alternatively, you can also rely on setuptools' discovery methods
        (for example by using `find_namespace_packages(...)`/`find_namespace:`
        instead of `find_packages(...)`/`find:`).

        You can read more about "package discovery" on setuptools documentation page:

        - https://setuptools.pypa.io/en/latest/userguide/package_discovery.html

        If you don't want 'fmha_sm100.cutlass.include.cutlass.transform.thread' to be distributed and are
        already explicitly excluding 'fmha_sm100.cutlass.include.cutlass.transform.thread' via
        `find_namespace_packages(...)/find_namespace` or `find_packages(...)/find`,
        you can try to use `exclude_package_data`, or `include-package-data=False` in
        combination with a more fine grained `package-data` configuration.

        You can read more about "package data files" on setuptools documentation page:

        - https://setuptools.pypa.io/en/latest/userguide/datafiles.html


        [^1]: For Python, any directory (with suitable naming) can be imported,
              even if it does not contain any `.py` files.
              On the other hand, currently there is no concept of package data
              directory, all directories are treated like packages.
        ********************************************************************************

!!
  check.warn(importable)
/home/fans/SA-work/MiniMax-M3/rubin-kernel-perf/indexer-dcp-perf/review/v13-formal/.venv/lib/python3.12/site-packages/setuptools/command/build_py.py:212: _Warning: Package 'fmha_sm100.cutlass.include.cutlass.transform.threadblock' is absent from the `packages` configuration.
!!

        ********************************************************************************
        ############################
        # Package would be ignored #
        ############################
        Python recognizes 'fmha_sm100.cutlass.include.cutlass.transform.threadblock' as an importable package[^1],
        but it is absent from setuptools' `packages` configuration.

        This leads to an ambiguous overall configuration. If you want to distribute this
        package, please make sure that 'fmha_sm100.cutlass.include.cutlass.transform.threadblock' is explicitly added
        to the `packages` configuration field.

        Alternatively, you can also rely on setuptools' discovery methods
        (for example by using `find_namespace_packages(...)`/`find_namespace:`
        instead of `find_packages(...)`/`find:`).

        You can read more about "package discovery" on setuptools documentation page:

        - https://setuptools.pypa.io/en/latest/userguide/package_discovery.html

        If you don't want 'fmha_sm100.cutlass.include.cutlass.transform.threadblock' to be distributed and are
        already explicitly excluding 'fmha_sm100.cutlass.include.cutlass.transform.threadblock' via
        `find_namespace_packages(...)/find_namespace` or `find_packages(...)/find`,
        you can try to use `exclude_package_data`, or `include-package-data=False` in
        combination with a more fine grained `package-data` configuration.

        You can read more about "package data files" on setuptools documentation page:

        - https://setuptools.pypa.io/en/latest/userguide/datafiles.html


        [^1]: For Python, any directory (with suitable naming) can be imported,
              even if it does not contain any `.py` files.
              On the other hand, currently there is no concept of package data
              directory, all directories are treated like packages.
        ********************************************************************************

!!
  check.warn(importable)
/home/fans/SA-work/MiniMax-M3/rubin-kernel-perf/indexer-dcp-perf/review/v13-formal/.venv/lib/python3.12/site-packages/setuptools/command/build_py.py:212: _Warning: Package 'fmha_sm100.cutlass.include.cutlass.transform.warp' is absent from the `packages` configuration.
!!

        ********************************************************************************
        ############################
        # Package would be ignored #
        ############################
        Python recognizes 'fmha_sm100.cutlass.include.cutlass.transform.warp' as an importable package[^1],
        but it is absent from setuptools' `packages` configuration.

        This leads to an ambiguous overall configuration. If you want to distribute this
        package, please make sure that 'fmha_sm100.cutlass.include.cutlass.transform.warp' is explicitly added
        to the `packages` configuration field.

        Alternatively, you can also rely on setuptools' discovery methods
        (for example by using `find_namespace_packages(...)`/`find_namespace:`
        instead of `find_packages(...)`/`find:`).

        You can read more about "package discovery" on setuptools documentation page:

        - https://setuptools.pypa.io/en/latest/userguide/package_discovery.html

        If you don't want 'fmha_sm100.cutlass.include.cutlass.transform.warp' to be distributed and are
        already explicitly excluding 'fmha_sm100.cutlass.include.cutlass.transform.warp' via
        `find_namespace_packages(...)/find_namespace` or `find_packages(...)/find`,
        you can try to use `exclude_package_data`, or `include-package-data=False` in
        combination with a more fine grained `package-data` configuration.

        You can read more about "package data files" on setuptools documentation page:

        - https://setuptools.pypa.io/en/latest/userguide/datafiles.html


        [^1]: For Python, any directory (with suitable naming) can be imported,
              even if it does not contain any `.py` files.
              On the other hand, currently there is no concept of package data
              directory, all directories are treated like packages.
        ********************************************************************************

!!
  check.warn(importable)
/home/fans/SA-work/MiniMax-M3/rubin-kernel-perf/indexer-dcp-perf/review/v13-formal/.venv/lib/python3.12/site-packages/setuptools/command/build_py.py:212: _Warning: Package 'fmha_sm100.cutlass.tools.util.include.cutlass.util' is absent from the `packages` configuration.
!!

        ********************************************************************************
        ############################
        # Package would be ignored #
        ############################
        Python recognizes 'fmha_sm100.cutlass.tools.util.include.cutlass.util' as an importable package[^1],
        but it is absent from setuptools' `packages` configuration.

        This leads to an ambiguous overall configuration. If you want to distribute this
        package, please make sure that 'fmha_sm100.cutlass.tools.util.include.cutlass.util' is explicitly added
        to the `packages` configuration field.

        Alternatively, you can also rely on setuptools' discovery methods
        (for example by using `find_namespace_packages(...)`/`find_namespace:`
        instead of `find_packages(...)`/`find:`).

        You can read more about "package discovery" on setuptools documentation page:

        - https://setuptools.pypa.io/en/latest/userguide/package_discovery.html

        If you don't want 'fmha_sm100.cutlass.tools.util.include.cutlass.util' to be distributed and are
        already explicitly excluding 'fmha_sm100.cutlass.tools.util.include.cutlass.util' via
        `find_namespace_packages(...)/find_namespace` or `find_packages(...)/find`,
        you can try to use `exclude_package_data`, or `include-package-data=False` in
        combination with a more fine grained `package-data` configuration.

        You can read more about "package data files" on setuptools documentation page:

        - https://setuptools.pypa.io/en/latest/userguide/datafiles.html


        [^1]: For Python, any directory (with suitable naming) can be imported,
              even if it does not contain any `.py` files.
              On the other hand, currently there is no concept of package data
              directory, all directories are treated like packages.
        ********************************************************************************

!!
  check.warn(importable)
/home/fans/SA-work/MiniMax-M3/rubin-kernel-perf/indexer-dcp-perf/review/v13-formal/.venv/lib/python3.12/site-packages/setuptools/command/build_py.py:212: _Warning: Package 'fmha_sm100.cutlass.tools.util.include.cutlass.util.reference.detail' is absent from the `packages` configuration.
!!

        ********************************************************************************
        ############################
        # Package would be ignored #
        ############################
        Python recognizes 'fmha_sm100.cutlass.tools.util.include.cutlass.util.reference.detail' as an importable package[^1],
        but it is absent from setuptools' `packages` configuration.

        This leads to an ambiguous overall configuration. If you want to distribute this
        package, please make sure that 'fmha_sm100.cutlass.tools.util.include.cutlass.util.reference.detail' is explicitly added
        to the `packages` configuration field.

        Alternatively, you can also rely on setuptools' discovery methods
        (for example by using `find_namespace_packages(...)`/`find_namespace:`
        instead of `find_packages(...)`/`find:`).

        You can read more about "package discovery" on setuptools documentation page:

        - https://setuptools.pypa.io/en/latest/userguide/package_discovery.html

        If you don't want 'fmha_sm100.cutlass.tools.util.include.cutlass.util.reference.detail' to be distributed and are
        already explicitly excluding 'fmha_sm100.cutlass.tools.util.include.cutlass.util.reference.detail' via
        `find_namespace_packages(...)/find_namespace` or `find_packages(...)/find`,
        you can try to use `exclude_package_data`, or `include-package-data=False` in
        combination with a more fine grained `package-data` configuration.

        You can read more about "package data files" on setuptools documentation page:

        - https://setuptools.pypa.io/en/latest/userguide/datafiles.html


        [^1]: For Python, any directory (with suitable naming) can be imported,
              even if it does not contain any `.py` files.
              On the other hand, currently there is no concept of package data
              directory, all directories are treated like packages.
        ********************************************************************************

!!
  check.warn(importable)
/home/fans/SA-work/MiniMax-M3/rubin-kernel-perf/indexer-dcp-perf/review/v13-formal/.venv/lib/python3.12/site-packages/setuptools/command/build_py.py:212: _Warning: Package 'fmha_sm100.cutlass.tools.util.include.cutlass.util.reference.device' is absent from the `packages` configuration.
!!

        ********************************************************************************
        ############################
        # Package would be ignored #
        ############################
        Python recognizes 'fmha_sm100.cutlass.tools.util.include.cutlass.util.reference.device' as an importable package[^1],
        but it is absent from setuptools' `packages` configuration.

        This leads to an ambiguous overall configuration. If you want to distribute this
        package, please make sure that 'fmha_sm100.cutlass.tools.util.include.cutlass.util.reference.device' is explicitly added
        to the `packages` configuration field.

        Alternatively, you can also rely on setuptools' discovery methods
        (for example by using `find_namespace_packages(...)`/`find_namespace:`
        instead of `find_packages(...)`/`find:`).

        You can read more about "package discovery" on setuptools documentation page:

        - https://setuptools.pypa.io/en/latest/userguide/package_discovery.html

        If you don't want 'fmha_sm100.cutlass.tools.util.include.cutlass.util.reference.device' to be distributed and are
        already explicitly excluding 'fmha_sm100.cutlass.tools.util.include.cutlass.util.reference.device' via
        `find_namespace_packages(...)/find_namespace` or `find_packages(...)/find`,
        you can try to use `exclude_package_data`, or `include-package-data=False` in
        combination with a more fine grained `package-data` configuration.

        You can read more about "package data files" on setuptools documentation page:

        - https://setuptools.pypa.io/en/latest/userguide/datafiles.html


        [^1]: For Python, any directory (with suitable naming) can be imported,
              even if it does not contain any `.py` files.
              On the other hand, currently there is no concept of package data
              directory, all directories are treated like packages.
        ********************************************************************************

!!
  check.warn(importable)
/home/fans/SA-work/MiniMax-M3/rubin-kernel-perf/indexer-dcp-perf/review/v13-formal/.venv/lib/python3.12/site-packages/setuptools/command/build_py.py:212: _Warning: Package 'fmha_sm100.cutlass.tools.util.include.cutlass.util.reference.device.kernel' is absent from the `packages` configuration.
!!

        ********************************************************************************
        ############################
        # Package would be ignored #
        ############################
        Python recognizes 'fmha_sm100.cutlass.tools.util.include.cutlass.util.reference.device.kernel' as an importable package[^1],
        but it is absent from setuptools' `packages` configuration.

        This leads to an ambiguous overall configuration. If you want to distribute this
        package, please make sure that 'fmha_sm100.cutlass.tools.util.include.cutlass.util.reference.device.kernel' is explicitly added
        to the `packages` configuration field.

        Alternatively, you can also rely on setuptools' discovery methods
        (for example by using `find_namespace_packages(...)`/`find_namespace:`
        instead of `find_packages(...)`/`find:`).

        You can read more about "package discovery" on setuptools documentation page:

        - https://setuptools.pypa.io/en/latest/userguide/package_discovery.html

        If you don't want 'fmha_sm100.cutlass.tools.util.include.cutlass.util.reference.device.kernel' to be distributed and are
        already explicitly excluding 'fmha_sm100.cutlass.tools.util.include.cutlass.util.reference.device.kernel' via
        `find_namespace_packages(...)/find_namespace` or `find_packages(...)/find`,
        you can try to use `exclude_package_data`, or `include-package-data=False` in
        combination with a more fine grained `package-data` configuration.

        You can read more about "package data files" on setuptools documentation page:

        - https://setuptools.pypa.io/en/latest/userguide/datafiles.html


        [^1]: For Python, any directory (with suitable naming) can be imported,
              even if it does not contain any `.py` files.
              On the other hand, currently there is no concept of package data
              directory, all directories are treated like packages.
        ********************************************************************************

!!
  check.warn(importable)
/home/fans/SA-work/MiniMax-M3/rubin-kernel-perf/indexer-dcp-perf/review/v13-formal/.venv/lib/python3.12/site-packages/setuptools/command/build_py.py:212: _Warning: Package 'fmha_sm100.cutlass.tools.util.include.cutlass.util.reference.device.thread' is absent from the `packages` configuration.
!!

        ********************************************************************************
        ############################
        # Package would be ignored #
        ############################
        Python recognizes 'fmha_sm100.cutlass.tools.util.include.cutlass.util.reference.device.thread' as an importable package[^1],
        but it is absent from setuptools' `packages` configuration.

        This leads to an ambiguous overall configuration. If you want to distribute this
        package, please make sure that 'fmha_sm100.cutlass.tools.util.include.cutlass.util.reference.device.thread' is explicitly added
        to the `packages` configuration field.

        Alternatively, you can also rely on setuptools' discovery methods
        (for example by using `find_namespace_packages(...)`/`find_namespace:`
        instead of `find_packages(...)`/`find:`).

        You can read more about "package discovery" on setuptools documentation page:

        - https://setuptools.pypa.io/en/latest/userguide/package_discovery.html

        If you don't want 'fmha_sm100.cutlass.tools.util.include.cutlass.util.reference.device.thread' to be distributed and are
        already explicitly excluding 'fmha_sm100.cutlass.tools.util.include.cutlass.util.reference.device.thread' via
        `find_namespace_packages(...)/find_namespace` or `find_packages(...)/find`,
        you can try to use `exclude_package_data`, or `include-package-data=False` in
        combination with a more fine grained `package-data` configuration.

        You can read more about "package data files" on setuptools documentation page:

        - https://setuptools.pypa.io/en/latest/userguide/datafiles.html


        [^1]: For Python, any directory (with suitable naming) can be imported,
              even if it does not contain any `.py` files.
              On the other hand, currently there is no concept of package data
              directory, all directories are treated like packages.
        ********************************************************************************

!!
  check.warn(importable)
/home/fans/SA-work/MiniMax-M3/rubin-kernel-perf/indexer-dcp-perf/review/v13-formal/.venv/lib/python3.12/site-packages/setuptools/command/build_py.py:212: _Warning: Package 'fmha_sm100.cutlass.tools.util.include.cutlass.util.reference.host' is absent from the `packages` configuration.
!!

        ********************************************************************************
        ############################
        # Package would be ignored #
        ############################
        Python recognizes 'fmha_sm100.cutlass.tools.util.include.cutlass.util.reference.host' as an importable package[^1],
        but it is absent from setuptools' `packages` configuration.

        This leads to an ambiguous overall configuration. If you want to distribute this
        package, please make sure that 'fmha_sm100.cutlass.tools.util.include.cutlass.util.reference.host' is explicitly added
        to the `packages` configuration field.

        Alternatively, you can also rely on setuptools' discovery methods
        (for example by using `find_namespace_packages(...)`/`find_namespace:`
        instead of `find_packages(...)`/`find:`).

        You can read more about "package discovery" on setuptools documentation page:

        - https://setuptools.pypa.io/en/latest/userguide/package_discovery.html

        If you don't want 'fmha_sm100.cutlass.tools.util.include.cutlass.util.reference.host' to be distributed and are
        already explicitly excluding 'fmha_sm100.cutlass.tools.util.include.cutlass.util.reference.host' via
        `find_namespace_packages(...)/find_namespace` or `find_packages(...)/find`,
        you can try to use `exclude_package_data`, or `include-package-data=False` in
        combination with a more fine grained `package-data` configuration.

        You can read more about "package data files" on setuptools documentation page:

        - https://setuptools.pypa.io/en/latest/userguide/datafiles.html


        [^1]: For Python, any directory (with suitable naming) can be imported,
              even if it does not contain any `.py` files.
              On the other hand, currently there is no concept of package data
              directory, all directories are treated like packages.
        ********************************************************************************

!!
  check.warn(importable)
creating build/lib/fmha_sm100/cutlass
copying python/fmha_sm100/cutlass/LICENSE.txt -> build/lib/fmha_sm100/cutlass
copying python/fmha_sm100/cutlass/SOURCE.json -> build/lib/fmha_sm100/cutlass
creating build/lib/fmha_sm100/cutlass/include/cute
copying python/fmha_sm100/cutlass/include/cute/config.hpp -> build/lib/fmha_sm100/cutlass/include/cute
copying python/fmha_sm100/cutlass/include/cute/int_tuple.hpp -> build/lib/fmha_sm100/cutlass/include/cute
copying python/fmha_sm100/cutlass/include/cute/layout.hpp -> build/lib/fmha_sm100/cutlass/include/cute
copying python/fmha_sm100/cutlass/include/cute/layout_composed.hpp -> build/lib/fmha_sm100/cutlass/include/cute
copying python/fmha_sm100/cutlass/include/cute/pointer.hpp -> build/lib/fmha_sm100/cutlass/include/cute
copying python/fmha_sm100/cutlass/include/cute/pointer_base.hpp -> build/lib/fmha_sm100/cutlass/include/cute
copying python/fmha_sm100/cutlass/include/cute/pointer_flagged.hpp -> build/lib/fmha_sm100/cutlass/include/cute
copying python/fmha_sm100/cutlass/include/cute/pointer_sparse.hpp -> build/lib/fmha_sm100/cutlass/include/cute
copying python/fmha_sm100/cutlass/include/cute/pointer_swizzle.hpp -> build/lib/fmha_sm100/cutlass/include/cute
copying python/fmha_sm100/cutlass/include/cute/stride.hpp -> build/lib/fmha_sm100/cutlass/include/cute
copying python/fmha_sm100/cutlass/include/cute/swizzle.hpp -> build/lib/fmha_sm100/cutlass/include/cute
copying python/fmha_sm100/cutlass/include/cute/swizzle_layout.hpp -> build/lib/fmha_sm100/cutlass/include/cute
copying python/fmha_sm100/cutlass/include/cute/tensor.hpp -> build/lib/fmha_sm100/cutlass/include/cute
copying python/fmha_sm100/cutlass/include/cute/tensor_impl.hpp -> build/lib/fmha_sm100/cutlass/include/cute
copying python/fmha_sm100/cutlass/include/cute/tensor_zip.hpp -> build/lib/fmha_sm100/cutlass/include/cute
copying python/fmha_sm100/cutlass/include/cute/underscore.hpp -> build/lib/fmha_sm100/cutlass/include/cute
creating build/lib/fmha_sm100/cutlass/include/cute/algorithm
copying python/fmha_sm100/cutlass/include/cute/algorithm/axpby.hpp -> build/lib/fmha_sm100/cutlass/include/cute/algorithm
copying python/fmha_sm100/cutlass/include/cute/algorithm/clear.hpp -> build/lib/fmha_sm100/cutlass/include/cute/algorithm
copying python/fmha_sm100/cutlass/include/cute/algorithm/cooperative_copy.hpp -> build/lib/fmha_sm100/cutlass/include/cute/algorithm
copying python/fmha_sm100/cutlass/include/cute/algorithm/cooperative_gemm.hpp -> build/lib/fmha_sm100/cutlass/include/cute/algorithm
copying python/fmha_sm100/cutlass/include/cute/algorithm/copy.hpp -> build/lib/fmha_sm100/cutlass/include/cute/algorithm
copying python/fmha_sm100/cutlass/include/cute/algorithm/fill.hpp -> build/lib/fmha_sm100/cutlass/include/cute/algorithm
copying python/fmha_sm100/cutlass/include/cute/algorithm/functional.hpp -> build/lib/fmha_sm100/cutlass/include/cute/algorithm
copying python/fmha_sm100/cutlass/include/cute/algorithm/gemm.hpp -> build/lib/fmha_sm100/cutlass/include/cute/algorithm
copying python/fmha_sm100/cutlass/include/cute/algorithm/prefer.hpp -> build/lib/fmha_sm100/cutlass/include/cute/algorithm
copying python/fmha_sm100/cutlass/include/cute/algorithm/prefetch.hpp -> build/lib/fmha_sm100/cutlass/include/cute/algorithm
copying python/fmha_sm100/cutlass/include/cute/algorithm/tensor_algorithms.hpp -> build/lib/fmha_sm100/cutlass/include/cute/algorithm
copying python/fmha_sm100/cutlass/include/cute/algorithm/tensor_reduce.hpp -> build/lib/fmha_sm100/cutlass/include/cute/algorithm
copying python/fmha_sm100/cutlass/include/cute/algorithm/tuple_algorithms.hpp -> build/lib/fmha_sm100/cutlass/include/cute/algorithm
creating build/lib/fmha_sm100/cutlass/include/cute/arch
copying python/fmha_sm100/cutlass/include/cute/arch/cluster_sm100.hpp -> build/lib/fmha_sm100/cutlass/include/cute/arch
copying python/fmha_sm100/cutlass/include/cute/arch/cluster_sm90.hpp -> build/lib/fmha_sm100/cutlass/include/cute/arch
copying python/fmha_sm100/cutlass/include/cute/arch/config.hpp -> build/lib/fmha_sm100/cutlass/include/cute/arch
copying python/fmha_sm100/cutlass/include/cute/arch/copy.hpp -> build/lib/fmha_sm100/cutlass/include/cute/arch
copying python/fmha_sm100/cutlass/include/cute/arch/copy_sm100.hpp -> build/lib/fmha_sm100/cutlass/include/cute/arch
copying python/fmha_sm100/cutlass/include/cute/arch/copy_sm100_tma.hpp -> build/lib/fmha_sm100/cutlass/include/cute/arch
copying python/fmha_sm100/cutlass/include/cute/arch/copy_sm50.hpp -> build/lib/fmha_sm100/cutlass/include/cute/arch
copying python/fmha_sm100/cutlass/include/cute/arch/copy_sm75.hpp -> build/lib/fmha_sm100/cutlass/include/cute/arch
copying python/fmha_sm100/cutlass/include/cute/arch/copy_sm80.hpp -> build/lib/fmha_sm100/cutlass/include/cute/arch
copying python/fmha_sm100/cutlass/include/cute/arch/copy_sm90.hpp -> build/lib/fmha_sm100/cutlass/include/cute/arch
copying python/fmha_sm100/cutlass/include/cute/arch/copy_sm90_desc.hpp -> build/lib/fmha_sm100/cutlass/include/cute/arch
copying python/fmha_sm100/cutlass/include/cute/arch/copy_sm90_tma.hpp -> build/lib/fmha_sm100/cutlass/include/cute/arch
copying python/fmha_sm100/cutlass/include/cute/arch/mma.hpp -> build/lib/fmha_sm100/cutlass/include/cute/arch
copying python/fmha_sm100/cutlass/include/cute/arch/mma_sm100.hpp -> build/lib/fmha_sm100/cutlass/include/cute/arch
copying python/fmha_sm100/cutlass/include/cute/arch/mma_sm100_desc.hpp -> build/lib/fmha_sm100/cutlass/include/cute/arch
copying python/fmha_sm100/cutlass/include/cute/arch/mma_sm100_umma.hpp -> build/lib/fmha_sm100/cutlass/include/cute/arch
copying python/fmha_sm100/cutlass/include/cute/arch/mma_sm107_desc.hpp -> build/lib/fmha_sm100/cutlass/include/cute/arch
copying python/fmha_sm100/cutlass/include/cute/arch/mma_sm107_umma.hpp -> build/lib/fmha_sm100/cutlass/include/cute/arch
copying python/fmha_sm100/cutlass/include/cute/arch/mma_sm120.hpp -> build/lib/fmha_sm100/cutlass/include/cute/arch
copying python/fmha_sm100/cutlass/include/cute/arch/mma_sm120_sparse.hpp -> build/lib/fmha_sm100/cutlass/include/cute/arch
copying python/fmha_sm100/cutlass/include/cute/arch/mma_sm61.hpp -> build/lib/fmha_sm100/cutlass/include/cute/arch
copying python/fmha_sm100/cutlass/include/cute/arch/mma_sm70.hpp -> build/lib/fmha_sm100/cutlass/include/cute/arch
copying python/fmha_sm100/cutlass/include/cute/arch/mma_sm75.hpp -> build/lib/fmha_sm100/cutlass/include/cute/arch
copying python/fmha_sm100/cutlass/include/cute/arch/mma_sm80.hpp -> build/lib/fmha_sm100/cutlass/include/cute/arch
copying python/fmha_sm100/cutlass/include/cute/arch/mma_sm89.hpp -> build/lib/fmha_sm100/cutlass/include/cute/arch
copying python/fmha_sm100/cutlass/include/cute/arch/mma_sm90.hpp -> build/lib/fmha_sm100/cutlass/include/cute/arch
copying python/fmha_sm100/cutlass/include/cute/arch/mma_sm90_desc.hpp -> build/lib/fmha_sm100/cutlass/include/cute/arch
copying python/fmha_sm100/cutlass/include/cute/arch/mma_sm90_gmma.hpp -> build/lib/fmha_sm100/cutlass/include/cute/arch
copying python/fmha_sm100/cutlass/include/cute/arch/mma_sm90_gmma_ext.hpp -> build/lib/fmha_sm100/cutlass/include/cute/arch
copying python/fmha_sm100/cutlass/include/cute/arch/mma_sm90_gmma_sparse.hpp -> build/lib/fmha_sm100/cutlass/include/cute/arch
copying python/fmha_sm100/cutlass/include/cute/arch/mma_sm90_gmma_sparse_ext.hpp -> build/lib/fmha_sm100/cutlass/include/cute/arch
copying python/fmha_sm100/cutlass/include/cute/arch/simd_sm100.hpp -> build/lib/fmha_sm100/cutlass/include/cute/arch
copying python/fmha_sm100/cutlass/include/cute/arch/tmem_allocator_sm100.hpp -> build/lib/fmha_sm100/cutlass/include/cute/arch
copying python/fmha_sm100/cutlass/include/cute/arch/tmem_capacity_sm100.hpp -> build/lib/fmha_sm100/cutlass/include/cute/arch
copying python/fmha_sm100/cutlass/include/cute/arch/util.hpp -> build/lib/fmha_sm100/cutlass/include/cute/arch
creating build/lib/fmha_sm100/cutlass/include/cute/atom
copying python/fmha_sm100/cutlass/include/cute/atom/copy_atom.hpp -> build/lib/fmha_sm100/cutlass/include/cute/atom
copying python/fmha_sm100/cutlass/include/cute/atom/copy_traits.hpp -> build/lib/fmha_sm100/cutlass/include/cute/atom
copying python/fmha_sm100/cutlass/include/cute/atom/copy_traits_sm100.hpp -> build/lib/fmha_sm100/cutlass/include/cute/atom
copying python/fmha_sm100/cutlass/include/cute/atom/copy_traits_sm100_im2col.hpp -> build/lib/fmha_sm100/cutlass/include/cute/atom
copying python/fmha_sm100/cutlass/include/cute/atom/copy_traits_sm100_tma.hpp -> build/lib/fmha_sm100/cutlass/include/cute/atom
copying python/fmha_sm100/cutlass/include/cute/atom/copy_traits_sm50.hpp -> build/lib/fmha_sm100/cutlass/include/cute/atom
copying python/fmha_sm100/cutlass/include/cute/atom/copy_traits_sm75.hpp -> build/lib/fmha_sm100/cutlass/include/cute/atom
copying python/fmha_sm100/cutlass/include/cute/atom/copy_traits_sm80.hpp -> build/lib/fmha_sm100/cutlass/include/cute/atom
copying python/fmha_sm100/cutlass/include/cute/atom/copy_traits_sm90.hpp -> build/lib/fmha_sm100/cutlass/include/cute/atom
copying python/fmha_sm100/cutlass/include/cute/atom/copy_traits_sm90_im2col.hpp -> build/lib/fmha_sm100/cutlass/include/cute/atom
copying python/fmha_sm100/cutlass/include/cute/atom/copy_traits_sm90_tma.hpp -> build/lib/fmha_sm100/cutlass/include/cute/atom
copying python/fmha_sm100/cutlass/include/cute/atom/copy_traits_sm90_tma_swizzle.hpp -> build/lib/fmha_sm100/cutlass/include/cute/atom
copying python/fmha_sm100/cutlass/include/cute/atom/mma_atom.hpp -> build/lib/fmha_sm100/cutlass/include/cute/atom
copying python/fmha_sm100/cutlass/include/cute/atom/mma_traits.hpp -> build/lib/fmha_sm100/cutlass/include/cute/atom
copying python/fmha_sm100/cutlass/include/cute/atom/mma_traits_sm100.hpp -> build/lib/fmha_sm100/cutlass/include/cute/atom
copying python/fmha_sm100/cutlass/include/cute/atom/mma_traits_sm100_frag.hpp -> build/lib/fmha_sm100/cutlass/include/cute/atom
copying python/fmha_sm100/cutlass/include/cute/atom/mma_traits_sm107.hpp -> build/lib/fmha_sm100/cutlass/include/cute/atom
copying python/fmha_sm100/cutlass/include/cute/atom/mma_traits_sm120.hpp -> build/lib/fmha_sm100/cutlass/include/cute/atom
copying python/fmha_sm100/cutlass/include/cute/atom/mma_traits_sm120_sparse.hpp -> build/lib/fmha_sm100/cutlass/include/cute/atom
copying python/fmha_sm100/cutlass/include/cute/atom/mma_traits_sm61.hpp -> build/lib/fmha_sm100/cutlass/include/cute/atom
copying python/fmha_sm100/cutlass/include/cute/atom/mma_traits_sm70.hpp -> build/lib/fmha_sm100/cutlass/include/cute/atom
copying python/fmha_sm100/cutlass/include/cute/atom/mma_traits_sm75.hpp -> build/lib/fmha_sm100/cutlass/include/cute/atom
copying python/fmha_sm100/cutlass/include/cute/atom/mma_traits_sm80.hpp -> build/lib/fmha_sm100/cutlass/include/cute/atom
copying python/fmha_sm100/cutlass/include/cute/atom/mma_traits_sm89.hpp -> build/lib/fmha_sm100/cutlass/include/cute/atom
copying python/fmha_sm100/cutlass/include/cute/atom/mma_traits_sm90.hpp -> build/lib/fmha_sm100/cutlass/include/cute/atom
copying python/fmha_sm100/cutlass/include/cute/atom/mma_traits_sm90_gmma.hpp -> build/lib/fmha_sm100/cutlass/include/cute/atom
copying python/fmha_sm100/cutlass/include/cute/atom/mma_traits_sm90_gmma_ext.hpp -> build/lib/fmha_sm100/cutlass/include/cute/atom
copying python/fmha_sm100/cutlass/include/cute/atom/mma_traits_sm90_gmma_sparse.hpp -> build/lib/fmha_sm100/cutlass/include/cute/atom
copying python/fmha_sm100/cutlass/include/cute/atom/mma_traits_sm90_gmma_sparse_ext.hpp -> build/lib/fmha_sm100/cutlass/include/cute/atom
copying python/fmha_sm100/cutlass/include/cute/atom/partitioner.hpp -> build/lib/fmha_sm100/cutlass/include/cute/atom
creating build/lib/fmha_sm100/cutlass/include/cute/container
copying python/fmha_sm100/cutlass/include/cute/container/alignment.hpp -> build/lib/fmha_sm100/cutlass/include/cute/container
copying python/fmha_sm100/cutlass/include/cute/container/array.hpp -> build/lib/fmha_sm100/cutlass/include/cute/container
copying python/fmha_sm100/cutlass/include/cute/container/array_aligned.hpp -> build/lib/fmha_sm100/cutlass/include/cute/container
copying python/fmha_sm100/cutlass/include/cute/container/array_subbyte.hpp -> build/lib/fmha_sm100/cutlass/include/cute/container
copying python/fmha_sm100/cutlass/include/cute/container/bit_field.hpp -> build/lib/fmha_sm100/cutlass/include/cute/container
copying python/fmha_sm100/cutlass/include/cute/container/cuda_types.hpp -> build/lib/fmha_sm100/cutlass/include/cute/container
copying python/fmha_sm100/cutlass/include/cute/container/tuple.hpp -> build/lib/fmha_sm100/cutlass/include/cute/container
copying python/fmha_sm100/cutlass/include/cute/container/type_list.hpp -> build/lib/fmha_sm100/cutlass/include/cute/container
creating build/lib/fmha_sm100/cutlass/include/cute/numeric
copying python/fmha_sm100/cutlass/include/cute/numeric/arithmetic_tuple.hpp -> build/lib/fmha_sm100/cutlass/include/cute/numeric
copying python/fmha_sm100/cutlass/include/cute/numeric/complex.hpp -> build/lib/fmha_sm100/cutlass/include/cute/numeric
copying python/fmha_sm100/cutlass/include/cute/numeric/int.hpp -> build/lib/fmha_sm100/cutlass/include/cute/numeric
copying python/fmha_sm100/cutlass/include/cute/numeric/integer_sequence.hpp -> build/lib/fmha_sm100/cutlass/include/cute/numeric
copying python/fmha_sm100/cutlass/include/cute/numeric/integral_constant.hpp -> build/lib/fmha_sm100/cutlass/include/cute/numeric
copying python/fmha_sm100/cutlass/include/cute/numeric/integral_ratio.hpp -> build/lib/fmha_sm100/cutlass/include/cute/numeric
copying python/fmha_sm100/cutlass/include/cute/numeric/math.hpp -> build/lib/fmha_sm100/cutlass/include/cute/numeric
copying python/fmha_sm100/cutlass/include/cute/numeric/numeric_types.hpp -> build/lib/fmha_sm100/cutlass/include/cute/numeric
copying python/fmha_sm100/cutlass/include/cute/numeric/real.hpp -> build/lib/fmha_sm100/cutlass/include/cute/numeric
creating build/lib/fmha_sm100/cutlass/include/cute/util
copying python/fmha_sm100/cutlass/include/cute/util/debug.hpp -> build/lib/fmha_sm100/cutlass/include/cute/util
copying python/fmha_sm100/cutlass/include/cute/util/print.hpp -> build/lib/fmha_sm100/cutlass/include/cute/util
copying python/fmha_sm100/cutlass/include/cute/util/print_latex.hpp -> build/lib/fmha_sm100/cutlass/include/cute/util
copying python/fmha_sm100/cutlass/include/cute/util/print_svg.hpp -> build/lib/fmha_sm100/cutlass/include/cute/util
copying python/fmha_sm100/cutlass/include/cute/util/print_tensor.hpp -> build/lib/fmha_sm100/cutlass/include/cute/util
copying python/fmha_sm100/cutlass/include/cute/util/type_traits.hpp -> build/lib/fmha_sm100/cutlass/include/cute/util
creating build/lib/fmha_sm100/cutlass/include/cutlass
copying python/fmha_sm100/cutlass/include/cutlass/aligned_buffer.h -> build/lib/fmha_sm100/cutlass/include/cutlass
copying python/fmha_sm100/cutlass/include/cutlass/array.h -> build/lib/fmha_sm100/cutlass/include/cutlass
copying python/fmha_sm100/cutlass/include/cutlass/array_planar_complex.h -> build/lib/fmha_sm100/cutlass/include/cutlass
copying python/fmha_sm100/cutlass/include/cutlass/array_subbyte.h -> build/lib/fmha_sm100/cutlass/include/cutlass
copying python/fmha_sm100/cutlass/include/cutlass/barrier.h -> build/lib/fmha_sm100/cutlass/include/cutlass
copying python/fmha_sm100/cutlass/include/cutlass/bfloat16.h -> build/lib/fmha_sm100/cutlass/include/cutlass
copying python/fmha_sm100/cutlass/include/cutlass/blas3.h -> build/lib/fmha_sm100/cutlass/include/cutlass
copying python/fmha_sm100/cutlass/include/cutlass/blas3_types.h -> build/lib/fmha_sm100/cutlass/include/cutlass
copying python/fmha_sm100/cutlass/include/cutlass/block_striped.h -> build/lib/fmha_sm100/cutlass/include/cutlass
copying python/fmha_sm100/cutlass/include/cutlass/cluster_launch.hpp -> build/lib/fmha_sm100/cutlass/include/cutlass
copying python/fmha_sm100/cutlass/include/cutlass/complex.h -> build/lib/fmha_sm100/cutlass/include/cutlass
copying python/fmha_sm100/cutlass/include/cutlass/constants.h -> build/lib/fmha_sm100/cutlass/include/cutlass
copying python/fmha_sm100/cutlass/include/cutlass/coord.h -> build/lib/fmha_sm100/cutlass/include/cutlass
copying python/fmha_sm100/cutlass/include/cutlass/core_io.h -> build/lib/fmha_sm100/cutlass/include/cutlass
copying python/fmha_sm100/cutlass/include/cutlass/cuda_host_adapter.hpp -> build/lib/fmha_sm100/cutlass/include/cutlass
copying python/fmha_sm100/cutlass/include/cutlass/cutlass.h -> build/lib/fmha_sm100/cutlass/include/cutlass
copying python/fmha_sm100/cutlass/include/cutlass/device_kernel.h -> build/lib/fmha_sm100/cutlass/include/cutlass
copying python/fmha_sm100/cutlass/include/cutlass/exmy_base.h -> build/lib/fmha_sm100/cutlass/include/cutlass
copying python/fmha_sm100/cutlass/include/cutlass/fast_math.h -> build/lib/fmha_sm100/cutlass/include/cutlass
copying python/fmha_sm100/cutlass/include/cutlass/float8.h -> build/lib/fmha_sm100/cutlass/include/cutlass
copying python/fmha_sm100/cutlass/include/cutlass/float_subbyte.h -> build/lib/fmha_sm100/cutlass/include/cutlass
copying python/fmha_sm100/cutlass/include/cutlass/floating_point_nvrtc.h -> build/lib/fmha_sm100/cutlass/include/cutlass
copying python/fmha_sm100/cutlass/include/cutlass/functional.h -> build/lib/fmha_sm100/cutlass/include/cutlass
copying python/fmha_sm100/cutlass/include/cutlass/gemm_coord.h -> build/lib/fmha_sm100/cutlass/include/cutlass
copying python/fmha_sm100/cutlass/include/cutlass/gemm_coord.hpp -> build/lib/fmha_sm100/cutlass/include/cutlass
copying python/fmha_sm100/cutlass/include/cutlass/half.h -> build/lib/fmha_sm100/cutlass/include/cutlass
copying python/fmha_sm100/cutlass/include/cutlass/integer_subbyte.h -> build/lib/fmha_sm100/cutlass/include/cutlass
copying python/fmha_sm100/cutlass/include/cutlass/kernel_hardware_info.h -> build/lib/fmha_sm100/cutlass/include/cutlass
copying python/fmha_sm100/cutlass/include/cutlass/kernel_hardware_info.hpp -> build/lib/fmha_sm100/cutlass/include/cutlass
copying python/fmha_sm100/cutlass/include/cutlass/kernel_launch.h -> build/lib/fmha_sm100/cutlass/include/cutlass
copying python/fmha_sm100/cutlass/include/cutlass/matrix.h -> build/lib/fmha_sm100/cutlass/include/cutlass
copying python/fmha_sm100/cutlass/include/cutlass/matrix_coord.h -> build/lib/fmha_sm100/cutlass/include/cutlass
copying python/fmha_sm100/cutlass/include/cutlass/matrix_shape.h -> build/lib/fmha_sm100/cutlass/include/cutlass
copying python/fmha_sm100/cutlass/include/cutlass/numeric_conversion.h -> build/lib/fmha_sm100/cutlass/include/cutlass
copying python/fmha_sm100/cutlass/include/cutlass/numeric_size.h -> build/lib/fmha_sm100/cutlass/include/cutlass
copying python/fmha_sm100/cutlass/include/cutlass/numeric_types.h -> build/lib/fmha_sm100/cutlass/include/cutlass
copying python/fmha_sm100/cutlass/include/cutlass/pitch_linear_coord.h -> build/lib/fmha_sm100/cutlass/include/cutlass
copying python/fmha_sm100/cutlass/include/cutlass/predicate_vector.h -> build/lib/fmha_sm100/cutlass/include/cutlass
copying python/fmha_sm100/cutlass/include/cutlass/quaternion.h -> build/lib/fmha_sm100/cutlass/include/cutlass
copying python/fmha_sm100/cutlass/include/cutlass/real.h -> build/lib/fmha_sm100/cutlass/include/cutlass
copying python/fmha_sm100/cutlass/include/cutlass/relatively_equal.h -> build/lib/fmha_sm100/cutlass/include/cutlass
copying python/fmha_sm100/cutlass/include/cutlass/semaphore.h -> build/lib/fmha_sm100/cutlass/include/cutlass
copying python/fmha_sm100/cutlass/include/cutlass/subbyte_reference.h -> build/lib/fmha_sm100/cutlass/include/cutlass
copying python/fmha_sm100/cutlass/include/cutlass/tensor_coord.h -> build/lib/fmha_sm100/cutlass/include/cutlass
copying python/fmha_sm100/cutlass/include/cutlass/tensor_ref.h -> build/lib/fmha_sm100/cutlass/include/cutlass
copying python/fmha_sm100/cutlass/include/cutlass/tensor_ref_planar_complex.h -> build/lib/fmha_sm100/cutlass/include/cutlass
copying python/fmha_sm100/cutlass/include/cutlass/tensor_view.h -> build/lib/fmha_sm100/cutlass/include/cutlass
copying python/fmha_sm100/cutlass/include/cutlass/tensor_view_planar_complex.h -> build/lib/fmha_sm100/cutlass/include/cutlass
copying python/fmha_sm100/cutlass/include/cutlass/tfloat32.h -> build/lib/fmha_sm100/cutlass/include/cutlass
copying python/fmha_sm100/cutlass/include/cutlass/trace.h -> build/lib/fmha_sm100/cutlass/include/cutlass
copying python/fmha_sm100/cutlass/include/cutlass/uint128.h -> build/lib/fmha_sm100/cutlass/include/cutlass
copying python/fmha_sm100/cutlass/include/cutlass/uint256.h -> build/lib/fmha_sm100/cutlass/include/cutlass
copying python/fmha_sm100/cutlass/include/cutlass/version.h -> build/lib/fmha_sm100/cutlass/include/cutlass
copying python/fmha_sm100/cutlass/include/cutlass/wmma_array.h -> build/lib/fmha_sm100/cutlass/include/cutlass
copying python/fmha_sm100/cutlass/include/cutlass/workspace.h -> build/lib/fmha_sm100/cutlass/include/cutlass
creating build/lib/fmha_sm100/cutlass/include/cutlass/arch
copying python/fmha_sm100/cutlass/include/cutlass/arch/arch.h -> build/lib/fmha_sm100/cutlass/include/cutlass/arch
copying python/fmha_sm100/cutlass/include/cutlass/arch/barrier.h -> build/lib/fmha_sm100/cutlass/include/cutlass/arch
copying python/fmha_sm100/cutlass/include/cutlass/arch/cache_operation.h -> build/lib/fmha_sm100/cutlass/include/cutlass/arch
copying python/fmha_sm100/cutlass/include/cutlass/arch/config.h -> build/lib/fmha_sm100/cutlass/include/cutlass/arch
copying python/fmha_sm100/cutlass/include/cutlass/arch/grid_dependency_control.h -> build/lib/fmha_sm100/cutlass/include/cutlass/arch
copying python/fmha_sm100/cutlass/include/cutlass/arch/memory.h -> build/lib/fmha_sm100/cutlass/include/cutlass/arch
copying python/fmha_sm100/cutlass/include/cutlass/arch/memory_sm75.h -> build/lib/fmha_sm100/cutlass/include/cutlass/arch
copying python/fmha_sm100/cutlass/include/cutlass/arch/memory_sm80.h -> build/lib/fmha_sm100/cutlass/include/cutlass/arch
copying python/fmha_sm100/cutlass/include/cutlass/arch/mma.h -> build/lib/fmha_sm100/cutlass/include/cutlass/arch
copying python/fmha_sm100/cutlass/include/cutlass/arch/mma_sm100.h -> build/lib/fmha_sm100/cutlass/include/cutlass/arch
copying python/fmha_sm100/cutlass/include/cutlass/arch/mma_sm50.h -> build/lib/fmha_sm100/cutlass/include/cutlass/arch
copying python/fmha_sm100/cutlass/include/cutlass/arch/mma_sm60.h -> build/lib/fmha_sm100/cutlass/include/cutlass/arch
copying python/fmha_sm100/cutlass/include/cutlass/arch/mma_sm61.h -> build/lib/fmha_sm100/cutlass/include/cutlass/arch
copying python/fmha_sm100/cutlass/include/cutlass/arch/mma_sm70.h -> build/lib/fmha_sm100/cutlass/include/cutlass/arch
copying python/fmha_sm100/cutlass/include/cutlass/arch/mma_sm75.h -> build/lib/fmha_sm100/cutlass/include/cutlass/arch
copying python/fmha_sm100/cutlass/include/cutlass/arch/mma_sm80.h -> build/lib/fmha_sm100/cutlass/include/cutlass/arch
copying python/fmha_sm100/cutlass/include/cutlass/arch/mma_sm89.h -> build/lib/fmha_sm100/cutlass/include/cutlass/arch
copying python/fmha_sm100/cutlass/include/cutlass/arch/mma_sm90.h -> build/lib/fmha_sm100/cutlass/include/cutlass/arch
copying python/fmha_sm100/cutlass/include/cutlass/arch/mma_sparse_sm80.h -> build/lib/fmha_sm100/cutlass/include/cutlass/arch
copying python/fmha_sm100/cutlass/include/cutlass/arch/mma_sparse_sm89.h -> build/lib/fmha_sm100/cutlass/include/cutlass/arch
copying python/fmha_sm100/cutlass/include/cutlass/arch/reg_reconfig.h -> build/lib/fmha_sm100/cutlass/include/cutlass/arch
copying python/fmha_sm100/cutlass/include/cutlass/arch/simd.h -> build/lib/fmha_sm100/cutlass/include/cutlass/arch
copying python/fmha_sm100/cutlass/include/cutlass/arch/simd_sm60.h -> build/lib/fmha_sm100/cutlass/include/cutlass/arch
copying python/fmha_sm100/cutlass/include/cutlass/arch/simd_sm61.h -> build/lib/fmha_sm100/cutlass/include/cutlass/arch
copying python/fmha_sm100/cutlass/include/cutlass/arch/synclog.hpp -> build/lib/fmha_sm100/cutlass/include/cutlass/arch
copying python/fmha_sm100/cutlass/include/cutlass/arch/wmma.h -> build/lib/fmha_sm100/cutlass/include/cutlass/arch
copying python/fmha_sm100/cutlass/include/cutlass/arch/wmma_sm70.h -> build/lib/fmha_sm100/cutlass/include/cutlass/arch
copying python/fmha_sm100/cutlass/include/cutlass/arch/wmma_sm72.h -> build/lib/fmha_sm100/cutlass/include/cutlass/arch
copying python/fmha_sm100/cutlass/include/cutlass/arch/wmma_sm75.h -> build/lib/fmha_sm100/cutlass/include/cutlass/arch
creating build/lib/fmha_sm100/cutlass/include/cutlass/conv
copying python/fmha_sm100/cutlass/include/cutlass/conv/conv2d_problem_size.h -> build/lib/fmha_sm100/cutlass/include/cutlass/conv
copying python/fmha_sm100/cutlass/include/cutlass/conv/conv3d_problem_size.h -> build/lib/fmha_sm100/cutlass/include/cutlass/conv
copying python/fmha_sm100/cutlass/include/cutlass/conv/convnd_problem_shape.hpp -> build/lib/fmha_sm100/cutlass/include/cutlass/conv
copying python/fmha_sm100/cutlass/include/cutlass/conv/convolution.h -> build/lib/fmha_sm100/cutlass/include/cutlass/conv
copying python/fmha_sm100/cutlass/include/cutlass/conv/detail.hpp -> build/lib/fmha_sm100/cutlass/include/cutlass/conv
copying python/fmha_sm100/cutlass/include/cutlass/conv/dispatch_policy.hpp -> build/lib/fmha_sm100/cutlass/include/cutlass/conv
creating build/lib/fmha_sm100/cutlass/include/cutlass/conv/collective
copying python/fmha_sm100/cutlass/include/cutlass/conv/collective/collective_builder.hpp -> build/lib/fmha_sm100/cutlass/include/cutlass/conv/collective
copying python/fmha_sm100/cutlass/include/cutlass/conv/collective/collective_conv.hpp -> build/lib/fmha_sm100/cutlass/include/cutlass/conv/collective
copying python/fmha_sm100/cutlass/include/cutlass/conv/collective/detail.hpp -> build/lib/fmha_sm100/cutlass/include/cutlass/conv/collective
copying python/fmha_sm100/cutlass/include/cutlass/conv/collective/sm100_implicit_gemm_umma_warpspecialized.hpp -> build/lib/fmha_sm100/cutlass/include/cutlass/conv/collective
copying python/fmha_sm100/cutlass/include/cutlass/conv/collective/sm90_implicit_gemm_gmma_ss_warpspecialized.hpp -> build/lib/fmha_sm100/cutlass/include/cutlass/conv/collective
creating build/lib/fmha_sm100/cutlass/include/cutlass/conv/collective/builders
copying python/fmha_sm100/cutlass/include/cutlass/conv/collective/builders/sm100_common.inl -> build/lib/fmha_sm100/cutlass/include/cutlass/conv/collective/builders
copying python/fmha_sm100/cutlass/include/cutlass/conv/collective/builders/sm100_umma_builder.inl -> build/lib/fmha_sm100/cutlass/include/cutlass/conv/collective/builders
copying python/fmha_sm100/cutlass/include/cutlass/conv/collective/builders/sm90_common.inl -> build/lib/fmha_sm100/cutlass/include/cutlass/conv/collective/builders
copying python/fmha_sm100/cutlass/include/cutlass/conv/collective/builders/sm90_gmma_builder.inl -> build/lib/fmha_sm100/cutlass/include/cutlass/conv/collective/builders
creating build/lib/fmha_sm100/cutlass/include/cutlass/conv/device
copying python/fmha_sm100/cutlass/include/cutlass/conv/device/conv_universal_adapter.hpp -> build/lib/fmha_sm100/cutlass/include/cutlass/conv/device
copying python/fmha_sm100/cutlass/include/cutlass/conv/device/direct_convolution.h -> build/lib/fmha_sm100/cutlass/include/cutlass/conv/device
copying python/fmha_sm100/cutlass/include/cutlass/conv/device/implicit_gemm_convolution.h -> build/lib/fmha_sm100/cutlass/include/cutlass/conv/device
copying python/fmha_sm100/cutlass/include/cutlass/conv/device/implicit_gemm_convolution_fusion.h -> build/lib/fmha_sm100/cutlass/include/cutlass/conv/device
creating build/lib/fmha_sm100/cutlass/include/cutlass/conv/kernel
copying python/fmha_sm100/cutlass/include/cutlass/conv/kernel/conv_universal.hpp -> build/lib/fmha_sm100/cutlass/include/cutlass/conv/kernel
copying python/fmha_sm100/cutlass/include/cutlass/conv/kernel/default_conv2d.h -> build/lib/fmha_sm100/cutlass/include/cutlass/conv/kernel
copying python/fmha_sm100/cutlass/include/cutlass/conv/kernel/default_conv2d_dgrad.h -> build/lib/fmha_sm100/cutlass/include/cutlass/conv/kernel
copying python/fmha_sm100/cutlass/include/cutlass/conv/kernel/default_conv2d_fprop.h -> build/lib/fmha_sm100/cutlass/include/cutlass/conv/kernel
copying python/fmha_sm100/cutlass/include/cutlass/conv/kernel/default_conv2d_fprop_fusion.h -> build/lib/fmha_sm100/cutlass/include/cutlass/conv/kernel
copying python/fmha_sm100/cutlass/include/cutlass/conv/kernel/default_conv2d_fprop_with_absmax.h -> build/lib/fmha_sm100/cutlass/include/cutlass/conv/kernel
copying python/fmha_sm100/cutlass/include/cutlass/conv/kernel/default_conv2d_fprop_with_broadcast.h -> build/lib/fmha_sm100/cutlass/include/cutlass/conv/kernel
copying python/fmha_sm100/cutlass/include/cutlass/conv/kernel/default_conv2d_fprop_with_reduction.h -> build/lib/fmha_sm100/cutlass/include/cutlass/conv/kernel
copying python/fmha_sm100/cutlass/include/cutlass/conv/kernel/default_conv2d_group_fprop.h -> build/lib/fmha_sm100/cutlass/include/cutlass/conv/kernel
copying python/fmha_sm100/cutlass/include/cutlass/conv/kernel/default_conv2d_wgrad.h -> build/lib/fmha_sm100/cutlass/include/cutlass/conv/kernel
copying python/fmha_sm100/cutlass/include/cutlass/conv/kernel/default_conv2d_wgrad_fusion.h -> build/lib/fmha_sm100/cutlass/include/cutlass/conv/kernel
copying python/fmha_sm100/cutlass/include/cutlass/conv/kernel/default_conv3d_dgrad.h -> build/lib/fmha_sm100/cutlass/include/cutlass/conv/kernel
copying python/fmha_sm100/cutlass/include/cutlass/conv/kernel/default_conv3d_fprop.h -> build/lib/fmha_sm100/cutlass/include/cutlass/conv/kernel
copying python/fmha_sm100/cutlass/include/cutlass/conv/kernel/default_conv3d_fprop_fusion.h -> build/lib/fmha_sm100/cutlass/include/cutlass/conv/kernel
copying python/fmha_sm100/cutlass/include/cutlass/conv/kernel/default_conv3d_fprop_with_broadcast.h -> build/lib/fmha_sm100/cutlass/include/cutlass/conv/kernel
copying python/fmha_sm100/cutlass/include/cutlass/conv/kernel/default_conv3d_wgrad.h -> build/lib/fmha_sm100/cutlass/include/cutlass/conv/kernel
copying python/fmha_sm100/cutlass/include/cutlass/conv/kernel/default_deconv2d.h -> build/lib/fmha_sm100/cutlass/include/cutlass/conv/kernel
copying python/fmha_sm100/cutlass/include/cutlass/conv/kernel/default_deconv2d_with_broadcast.h -> build/lib/fmha_sm100/cutlass/include/cutlass/conv/kernel
copying python/fmha_sm100/cutlass/include/cutlass/conv/kernel/default_deconv3d.h -> build/lib/fmha_sm100/cutlass/include/cutlass/conv/kernel
copying python/fmha_sm100/cutlass/include/cutlass/conv/kernel/default_deconv3d_with_broadcast.h -> build/lib/fmha_sm100/cutlass/include/cutlass/conv/kernel
copying python/fmha_sm100/cutlass/include/cutlass/conv/kernel/default_depthwise_fprop.h -> build/lib/fmha_sm100/cutlass/include/cutlass/conv/kernel
copying python/fmha_sm100/cutlass/include/cutlass/conv/kernel/direct_convolution.h -> build/lib/fmha_sm100/cutlass/include/cutlass/conv/kernel
copying python/fmha_sm100/cutlass/include/cutlass/conv/kernel/implicit_gemm_convolution.h -> build/lib/fmha_sm100/cutlass/include/cutlass/conv/kernel
copying python/fmha_sm100/cutlass/include/cutlass/conv/kernel/implicit_gemm_convolution_fusion.h -> build/lib/fmha_sm100/cutlass/include/cutlass/conv/kernel
copying python/fmha_sm100/cutlass/include/cutlass/conv/kernel/implicit_gemm_convolution_strided_dgrad.h -> build/lib/fmha_sm100/cutlass/include/cutlass/conv/kernel
copying python/fmha_sm100/cutlass/include/cutlass/conv/kernel/implicit_gemm_convolution_with_absmax.h -> build/lib/fmha_sm100/cutlass/include/cutlass/conv/kernel
copying python/fmha_sm100/cutlass/include/cutlass/conv/kernel/implicit_gemm_convolution_with_fused_epilogue.h -> build/lib/fmha_sm100/cutlass/include/cutlass/conv/kernel
copying python/fmha_sm100/cutlass/include/cutlass/conv/kernel/sm100_implicit_gemm_tma_warpspecialized.hpp -> build/lib/fmha_sm100/cutlass/include/cutlass/conv/kernel
copying python/fmha_sm100/cutlass/include/cutlass/conv/kernel/sm90_implicit_gemm_tma_warpspecialized.hpp -> build/lib/fmha_sm100/cutlass/include/cutlass/conv/kernel
creating build/lib/fmha_sm100/cutlass/include/cutlass/conv/thread
copying python/fmha_sm100/cutlass/include/cutlass/conv/thread/depthwise_mma.h -> build/lib/fmha_sm100/cutlass/include/cutlass/conv/thread
creating build/lib/fmha_sm100/cutlass/include/cutlass/conv/threadblock
copying python/fmha_sm100/cutlass/include/cutlass/conv/threadblock/conv2d_dgrad_filter_tile_access_iterator_analytic.h -> build/lib/fmha_sm100/cutlass/include/cutlass/conv/threadblock
copying python/fmha_sm100/cutlass/include/cutlass/conv/threadblock/conv2d_dgrad_filter_tile_access_iterator_optimized.h -> build/lib/fmha_sm100/cutlass/include/cutlass/conv/threadblock
copying python/fmha_sm100/cutlass/include/cutlass/conv/threadblock/conv2d_dgrad_output_gradient_tile_access_iterator_analytic.h -> build/lib/fmha_sm100/cutlass/include/cutlass/conv/threadblock
copying python/fmha_sm100/cutlass/include/cutlass/conv/threadblock/conv2d_dgrad_output_gradient_tile_access_iterator_optimized.h -> build/lib/fmha_sm100/cutlass/include/cutlass/conv/threadblock
copying python/fmha_sm100/cutlass/include/cutlass/conv/threadblock/conv2d_fprop_activation_tile_access_iterator_analytic.h -> build/lib/fmha_sm100/cutlass/include/cutlass/conv/threadblock
copying python/fmha_sm100/cutlass/include/cutlass/conv/threadblock/conv2d_fprop_activation_tile_access_iterator_few_channels.h -> build/lib/fmha_sm100/cutlass/include/cutlass/conv/threadblock
copying python/fmha_sm100/cutlass/include/cutlass/conv/threadblock/conv2d_fprop_activation_tile_access_iterator_fixed_channels.h -> build/lib/fmha_sm100/cutlass/include/cutlass/conv/threadblock
copying python/fmha_sm100/cutlass/include/cutlass/conv/threadblock/conv2d_fprop_activation_tile_access_iterator_optimized.h -> build/lib/fmha_sm100/cutlass/include/cutlass/conv/threadblock
copying python/fmha_sm100/cutlass/include/cutlass/conv/threadblock/conv2d_fprop_filter_tile_access_iterator_analytic.h -> build/lib/fmha_sm100/cutlass/include/cutlass/conv/threadblock
copying python/fmha_sm100/cutlass/include/cutlass/conv/threadblock/conv2d_fprop_filter_tile_access_iterator_few_channels.h -> build/lib/fmha_sm100/cutlass/include/cutlass/conv/threadblock
copying python/fmha_sm100/cutlass/include/cutlass/conv/threadblock/conv2d_fprop_filter_tile_access_iterator_fixed_channels.h -> build/lib/fmha_sm100/cutlass/include/cutlass/conv/threadblock
copying python/fmha_sm100/cutlass/include/cutlass/conv/threadblock/conv2d_fprop_filter_tile_access_iterator_optimized.h -> build/lib/fmha_sm100/cutlass/include/cutlass/conv/threadblock
copying python/fmha_sm100/cutlass/include/cutlass/conv/threadblock/conv2d_params.h -> build/lib/fmha_sm100/cutlass/include/cutlass/conv/threadblock
copying python/fmha_sm100/cutlass/include/cutlass/conv/threadblock/conv2d_tile_iterator.h -> build/lib/fmha_sm100/cutlass/include/cutlass/conv/threadblock
copying python/fmha_sm100/cutlass/include/cutlass/conv/threadblock/conv2d_wgrad_activation_tile_access_iterator_analytic.h -> build/lib/fmha_sm100/cutlass/include/cutlass/conv/threadblock
copying python/fmha_sm100/cutlass/include/cutlass/conv/threadblock/conv2d_wgrad_activation_tile_access_iterator_optimized.h -> build/lib/fmha_sm100/cutlass/include/cutlass/conv/threadblock
copying python/fmha_sm100/cutlass/include/cutlass/conv/threadblock/conv2d_wgrad_output_gradient_tile_access_iterator_analytic.h -> build/lib/fmha_sm100/cutlass/include/cutlass/conv/threadblock
copying python/fmha_sm100/cutlass/include/cutlass/conv/threadblock/conv2d_wgrad_output_gradient_tile_access_iterator_optimized.h -> build/lib/fmha_sm100/cutlass/include/cutlass/conv/threadblock
copying python/fmha_sm100/cutlass/include/cutlass/conv/threadblock/conv3d_dgrad_filter_tile_access_iterator_analytic.h -> build/lib/fmha_sm100/cutlass/include/cutlass/conv/threadblock
copying python/fmha_sm100/cutlass/include/cutlass/conv/threadblock/conv3d_dgrad_filter_tile_access_iterator_optimized.h -> build/lib/fmha_sm100/cutlass/include/cutlass/conv/threadblock
copying python/fmha_sm100/cutlass/include/cutlass/conv/threadblock/conv3d_dgrad_output_gradient_tile_access_iterator_analytic.h -> build/lib/fmha_sm100/cutlass/include/cutlass/conv/threadblock
copying python/fmha_sm100/cutlass/include/cutlass/conv/threadblock/conv3d_dgrad_output_gradient_tile_access_iterator_optimized.h -> build/lib/fmha_sm100/cutlass/include/cutlass/conv/threadblock
copying python/fmha_sm100/cutlass/include/cutlass/conv/threadblock/conv3d_fprop_activation_tile_access_iterator_analytic.h -> build/lib/fmha_sm100/cutlass/include/cutlass/conv/threadblock
copying python/fmha_sm100/cutlass/include/cutlass/conv/threadblock/conv3d_fprop_activation_tile_access_iterator_optimized.h -> build/lib/fmha_sm100/cutlass/include/cutlass/conv/threadblock
copying python/fmha_sm100/cutlass/include/cutlass/conv/threadblock/conv3d_fprop_filter_tile_access_iterator_analytic.h -> build/lib/fmha_sm100/cutlass/include/cutlass/conv/threadblock
copying python/fmha_sm100/cutlass/include/cutlass/conv/threadblock/conv3d_fprop_filter_tile_access_iterator_optimized.h -> build/lib/fmha_sm100/cutlass/include/cutlass/conv/threadblock
copying python/fmha_sm100/cutlass/include/cutlass/conv/threadblock/conv3d_params.h -> build/lib/fmha_sm100/cutlass/include/cutlass/conv/threadblock
copying python/fmha_sm100/cutlass/include/cutlass/conv/threadblock/conv3d_wgrad_activation_tile_access_iterator_analytic.h -> build/lib/fmha_sm100/cutlass/include/cutlass/conv/threadblock
copying python/fmha_sm100/cutlass/include/cutlass/conv/threadblock/conv3d_wgrad_activation_tile_access_iterator_optimized.h -> build/lib/fmha_sm100/cutlass/include/cutlass/conv/threadblock
copying python/fmha_sm100/cutlass/include/cutlass/conv/threadblock/conv3d_wgrad_output_gradient_tile_access_iterator_analytic.h -> build/lib/fmha_sm100/cutlass/include/cutlass/conv/threadblock
copying python/fmha_sm100/cutlass/include/cutlass/conv/threadblock/conv3d_wgrad_output_gradient_tile_access_iterator_optimized.h -> build/lib/fmha_sm100/cutlass/include/cutlass/conv/threadblock
copying python/fmha_sm100/cutlass/include/cutlass/conv/threadblock/depthwise_direct_conv_params.h -> build/lib/fmha_sm100/cutlass/include/cutlass/conv/threadblock
copying python/fmha_sm100/cutlass/include/cutlass/conv/threadblock/depthwise_fprop_activation_tile_access_iterator_direct_conv_fixed_stride_dilation.h -> build/lib/fmha_sm100/cutlass/include/cutlass/conv/threadblock
copying python/fmha_sm100/cutlass/include/cutlass/conv/threadblock/depthwise_fprop_activation_tile_access_iterator_direct_conv_optimized.h -> build/lib/fmha_sm100/cutlass/include/cutlass/conv/threadblock
copying python/fmha_sm100/cutlass/include/cutlass/conv/threadblock/depthwise_fprop_direct_conv_multistage.h -> build/lib/fmha_sm100/cutlass/include/cutlass/conv/threadblock
copying python/fmha_sm100/cutlass/include/cutlass/conv/threadblock/depthwise_fprop_filter_tile_access_iterator_direct_conv_optimized.h -> build/lib/fmha_sm100/cutlass/include/cutlass/conv/threadblock
copying python/fmha_sm100/cutlass/include/cutlass/conv/threadblock/depthwise_fprop_pipelined.h -> build/lib/fmha_sm100/cutlass/include/cutlass/conv/threadblock
copying python/fmha_sm100/cutlass/include/cutlass/conv/threadblock/depthwise_mma_base.h -> build/lib/fmha_sm100/cutlass/include/cutlass/conv/threadblock
copying python/fmha_sm100/cutlass/include/cutlass/conv/threadblock/depthwise_mma_core_with_lane_access_size.h -> build/lib/fmha_sm100/cutlass/include/cutlass/conv/threadblock
copying python/fmha_sm100/cutlass/include/cutlass/conv/threadblock/implicit_gemm_fprop_fusion_multistage.h -> build/lib/fmha_sm100/cutlass/include/cutlass/conv/threadblock
copying python/fmha_sm100/cutlass/include/cutlass/conv/threadblock/implicit_gemm_multistage.h -> build/lib/fmha_sm100/cutlass/include/cutlass/conv/threadblock
copying python/fmha_sm100/cutlass/include/cutlass/conv/threadblock/implicit_gemm_pipelined.h -> build/lib/fmha_sm100/cutlass/include/cutlass/conv/threadblock
copying python/fmha_sm100/cutlass/include/cutlass/conv/threadblock/implicit_gemm_wgrad_fusion_multistage.h -> build/lib/fmha_sm100/cutlass/include/cutlass/conv/threadblock
copying python/fmha_sm100/cutlass/include/cutlass/conv/threadblock/predicated_scale_bias_vector_access_iterator.h -> build/lib/fmha_sm100/cutlass/include/cutlass/conv/threadblock
copying python/fmha_sm100/cutlass/include/cutlass/conv/threadblock/predicated_scale_bias_vector_iterator.h -> build/lib/fmha_sm100/cutlass/include/cutlass/conv/threadblock
copying python/fmha_sm100/cutlass/include/cutlass/conv/threadblock/threadblock_swizzle.h -> build/lib/fmha_sm100/cutlass/include/cutlass/conv/threadblock
creating build/lib/fmha_sm100/cutlass/include/cutlass/conv/warp
copying python/fmha_sm100/cutlass/include/cutlass/conv/warp/mma_depthwise_simt.h -> build/lib/fmha_sm100/cutlass/include/cutlass/conv/warp
copying python/fmha_sm100/cutlass/include/cutlass/conv/warp/mma_depthwise_simt_tile_iterator.h -> build/lib/fmha_sm100/cutlass/include/cutlass/conv/warp
copying python/fmha_sm100/cutlass/include/cutlass/conv/warp/scale_bias_relu_transform.h -> build/lib/fmha_sm100/cutlass/include/cutlass/conv/warp
creating build/lib/fmha_sm100/cutlass/include/cutlass/detail
copying python/fmha_sm100/cutlass/include/cutlass/detail/blockwise_scale_layout.hpp -> build/lib/fmha_sm100/cutlass/include/cutlass/detail
copying python/fmha_sm100/cutlass/include/cutlass/detail/cluster.hpp -> build/lib/fmha_sm100/cutlass/include/cutlass/detail
copying python/fmha_sm100/cutlass/include/cutlass/detail/collective.hpp -> build/lib/fmha_sm100/cutlass/include/cutlass/detail
copying python/fmha_sm100/cutlass/include/cutlass/detail/dependent_false.hpp -> build/lib/fmha_sm100/cutlass/include/cutlass/detail
copying python/fmha_sm100/cutlass/include/cutlass/detail/helper_macros.hpp -> build/lib/fmha_sm100/cutlass/include/cutlass/detail
copying python/fmha_sm100/cutlass/include/cutlass/detail/layout.hpp -> build/lib/fmha_sm100/cutlass/include/cutlass/detail
copying python/fmha_sm100/cutlass/include/cutlass/detail/mainloop_fusion_helper_scale_factor.hpp -> build/lib/fmha_sm100/cutlass/include/cutlass/detail
copying python/fmha_sm100/cutlass/include/cutlass/detail/mma.hpp -> build/lib/fmha_sm100/cutlass/include/cutlass/detail
copying python/fmha_sm100/cutlass/include/cutlass/detail/sm100_blockscaled_layout.hpp -> build/lib/fmha_sm100/cutlass/include/cutlass/detail
copying python/fmha_sm100/cutlass/include/cutlass/detail/sm100_mixed_dtype_blockwise_layout.hpp -> build/lib/fmha_sm100/cutlass/include/cutlass/detail
copying python/fmha_sm100/cutlass/include/cutlass/detail/sm100_tmem_helper.hpp -> build/lib/fmha_sm100/cutlass/include/cutlass/detail
copying python/fmha_sm100/cutlass/include/cutlass/detail/sm103_blockscaled_layout.hpp -> build/lib/fmha_sm100/cutlass/include/cutlass/detail
copying python/fmha_sm100/cutlass/include/cutlass/detail/sm107_blockscaled_layout.hpp -> build/lib/fmha_sm100/cutlass/include/cutlass/detail
creating build/lib/fmha_sm100/cutlass/include/cutlass/detail/collective
copying python/fmha_sm100/cutlass/include/cutlass/detail/collective/mixed_input_utils.hpp -> build/lib/fmha_sm100/cutlass/include/cutlass/detail/collective
copying python/fmha_sm100/cutlass/include/cutlass/detail/collective/moe_stride_utils.hpp -> build/lib/fmha_sm100/cutlass/include/cutlass/detail/collective
copying python/fmha_sm100/cutlass/include/cutlass/detail/collective/sm103_kernel_type.hpp -> build/lib/fmha_sm100/cutlass/include/cutlass/detail/collective
creating build/lib/fmha_sm100/cutlass/include/cutlass/epilogue
copying python/fmha_sm100/cutlass/include/cutlass/epilogue/dispatch_policy.hpp -> build/lib/fmha_sm100/cutlass/include/cutlass/epilogue
creating build/lib/fmha_sm100/cutlass/include/cutlass/epilogue/collective
copying python/fmha_sm100/cutlass/include/cutlass/epilogue/collective/collective_builder.hpp -> build/lib/fmha_sm100/cutlass/include/cutlass/epilogue/collective
copying python/fmha_sm100/cutlass/include/cutlass/epilogue/collective/collective_epilogue.hpp -> build/lib/fmha_sm100/cutlass/include/cutlass/epilogue/collective
copying python/fmha_sm100/cutlass/include/cutlass/epilogue/collective/default_epilogue.hpp -> build/lib/fmha_sm100/cutlass/include/cutlass/epilogue/collective
copying python/fmha_sm100/cutlass/include/cutlass/epilogue/collective/default_epilogue_array.hpp -> build/lib/fmha_sm100/cutlass/include/cutlass/epilogue/collective
copying python/fmha_sm100/cutlass/include/cutlass/epilogue/collective/detail.hpp -> build/lib/fmha_sm100/cutlass/include/cutlass/epilogue/collective
copying python/fmha_sm100/cutlass/include/cutlass/epilogue/collective/epilogue_tensor_broadcast.hpp -> build/lib/fmha_sm100/cutlass/include/cutlass/epilogue/collective
copying python/fmha_sm100/cutlass/include/cutlass/epilogue/collective/sm100_epilogue_array_nosmem.hpp -> build/lib/fmha_sm100/cutlass/include/cutlass/epilogue/collective
copying python/fmha_sm100/cutlass/include/cutlass/epilogue/collective/sm100_epilogue_array_planar_complex_nosmem.hpp -> build/lib/fmha_sm100/cutlass/include/cutlass/epilogue/collective
copying python/fmha_sm100/cutlass/include/cutlass/epilogue/collective/sm100_epilogue_array_planar_complex_tma_warpspecialized.hpp -> build/lib/fmha_sm100/cutlass/include/cutlass/epilogue/collective
copying python/fmha_sm100/cutlass/include/cutlass/epilogue/collective/sm100_epilogue_array_tma_warpspecialized.hpp -> build/lib/fmha_sm100/cutlass/include/cutlass/epilogue/collective
copying python/fmha_sm100/cutlass/include/cutlass/epilogue/collective/sm100_epilogue_nosmem.hpp -> build/lib/fmha_sm100/cutlass/include/cutlass/epilogue/collective
copying python/fmha_sm100/cutlass/include/cutlass/epilogue/collective/sm100_epilogue_planar_complex_tma_warpspecialized.hpp -> build/lib/fmha_sm100/cutlass/include/cutlass/epilogue/collective
copying python/fmha_sm100/cutlass/include/cutlass/epilogue/collective/sm100_epilogue_tma_warpspecialized.hpp -> build/lib/fmha_sm100/cutlass/include/cutlass/epilogue/collective
copying python/fmha_sm100/cutlass/include/cutlass/epilogue/collective/sm70_epilogue_vectorized.hpp -> build/lib/fmha_sm100/cutlass/include/cutlass/epilogue/collective
copying python/fmha_sm100/cutlass/include/cutlass/epilogue/collective/sm70_epilogue_vectorized_array.hpp -> build/lib/fmha_sm100/cutlass/include/cutlass/epilogue/collective
copying python/fmha_sm100/cutlass/include/cutlass/epilogue/collective/sm90_epilogue_array_tma_warpspecialized.hpp -> build/lib/fmha_sm100/cutlass/include/cutlass/epilogue/collective
copying python/fmha_sm100/cutlass/include/cutlass/epilogue/collective/sm90_epilogue_tma_warpspecialized.hpp -> build/lib/fmha_sm100/cutlass/include/cutlass/epilogue/collective
copying python/fmha_sm100/cutlass/include/cutlass/epilogue/collective/sm90_epilogue_tma_warpspecialized_bias_elementwise.hpp -> build/lib/fmha_sm100/cutlass/include/cutlass/epilogue/collective
creating build/lib/fmha_sm100/cutlass/include/cutlass/epilogue/collective/builders
copying python/fmha_sm100/cutlass/include/cutlass/epilogue/collective/builders/sm100_builder.inl -> build/lib/fmha_sm100/cutlass/include/cutlass/epilogue/collective/builders
copying python/fmha_sm100/cutlass/include/cutlass/epilogue/collective/builders/sm103_builder.inl -> build/lib/fmha_sm100/cutlass/include/cutlass/epilogue/collective/builders
copying python/fmha_sm100/cutlass/include/cutlass/epilogue/collective/builders/sm107_builder.inl -> build/lib/fmha_sm100/cutlass/include/cutlass/epilogue/collective/builders
copying python/fmha_sm100/cutlass/include/cutlass/epilogue/collective/builders/sm120_builder.inl -> build/lib/fmha_sm100/cutlass/include/cutlass/epilogue/collective/builders
copying python/fmha_sm100/cutlass/include/cutlass/epilogue/collective/builders/sm120_common.inl -> build/lib/fmha_sm100/cutlass/include/cutlass/epilogue/collective/builders
copying python/fmha_sm100/cutlass/include/cutlass/epilogue/collective/builders/sm90_builder.inl -> build/lib/fmha_sm100/cutlass/include/cutlass/epilogue/collective/builders
copying python/fmha_sm100/cutlass/include/cutlass/epilogue/collective/builders/sm90_common.inl -> build/lib/fmha_sm100/cutlass/include/cutlass/epilogue/collective/builders
creating build/lib/fmha_sm100/cutlass/include/cutlass/epilogue/fusion
copying python/fmha_sm100/cutlass/include/cutlass/epilogue/fusion/callbacks.hpp -> build/lib/fmha_sm100/cutlass/include/cutlass/epilogue/fusion
copying python/fmha_sm100/cutlass/include/cutlass/epilogue/fusion/operations.hpp -> build/lib/fmha_sm100/cutlass/include/cutlass/epilogue/fusion
copying python/fmha_sm100/cutlass/include/cutlass/epilogue/fusion/sm100_callbacks_tma_warpspecialized.hpp -> build/lib/fmha_sm100/cutlass/include/cutlass/epilogue/fusion
copying python/fmha_sm100/cutlass/include/cutlass/epilogue/fusion/sm100_visitor_compute_tma_warpspecialized.hpp -> build/lib/fmha_sm100/cutlass/include/cutlass/epilogue/fusion
copying python/fmha_sm100/cutlass/include/cutlass/epilogue/fusion/sm100_visitor_store_tma_warpspecialized.hpp -> build/lib/fmha_sm100/cutlass/include/cutlass/epilogue/fusion
copying python/fmha_sm100/cutlass/include/cutlass/epilogue/fusion/sm120_callbacks_tma_warpspecialized.hpp -> build/lib/fmha_sm100/cutlass/include/cutlass/epilogue/fusion
copying python/fmha_sm100/cutlass/include/cutlass/epilogue/fusion/sm120_visitor_store_tma_warpspecialized.hpp -> build/lib/fmha_sm100/cutlass/include/cutlass/epilogue/fusion
copying python/fmha_sm100/cutlass/include/cutlass/epilogue/fusion/sm90_callbacks_tma_warpspecialized.hpp -> build/lib/fmha_sm100/cutlass/include/cutlass/epilogue/fusion
copying python/fmha_sm100/cutlass/include/cutlass/epilogue/fusion/sm90_visitor_compute_tma_warpspecialized.hpp -> build/lib/fmha_sm100/cutlass/include/cutlass/epilogue/fusion
copying python/fmha_sm100/cutlass/include/cutlass/epilogue/fusion/sm90_visitor_load_tma_warpspecialized.hpp -> build/lib/fmha_sm100/cutlass/include/cutlass/epilogue/fusion
copying python/fmha_sm100/cutlass/include/cutlass/epilogue/fusion/sm90_visitor_store_tma_warpspecialized.hpp -> build/lib/fmha_sm100/cutlass/include/cutlass/epilogue/fusion
copying python/fmha_sm100/cutlass/include/cutlass/epilogue/fusion/sm90_visitor_tma_warpspecialized.hpp -> build/lib/fmha_sm100/cutlass/include/cutlass/epilogue/fusion
copying python/fmha_sm100/cutlass/include/cutlass/epilogue/fusion/sm90_visitor_topk_softmax.hpp -> build/lib/fmha_sm100/cutlass/include/cutlass/epilogue/fusion
creating build/lib/fmha_sm100/cutlass/include/cutlass/epilogue/thread
copying python/fmha_sm100/cutlass/include/cutlass/epilogue/thread/activation.h -> build/lib/fmha_sm100/cutlass/include/cutlass/epilogue/thread
copying python/fmha_sm100/cutlass/include/cutlass/epilogue/thread/conversion_op.h -> build/lib/fmha_sm100/cutlass/include/cutlass/epilogue/thread
copying python/fmha_sm100/cutlass/include/cutlass/epilogue/thread/detail.hpp -> build/lib/fmha_sm100/cutlass/include/cutlass/epilogue/thread
copying python/fmha_sm100/cutlass/include/cutlass/epilogue/thread/linear_combination.h -> build/lib/fmha_sm100/cutlass/include/cutlass/epilogue/thread
copying python/fmha_sm100/cutlass/include/cutlass/epilogue/thread/linear_combination_bias_elementwise.h -> build/lib/fmha_sm100/cutlass/include/cutlass/epilogue/thread
copying python/fmha_sm100/cutlass/include/cutlass/epilogue/thread/linear_combination_bias_relu.h -> build/lib/fmha_sm100/cutlass/include/cutlass/epilogue/thread
copying python/fmha_sm100/cutlass/include/cutlass/epilogue/thread/linear_combination_clamp.h -> build/lib/fmha_sm100/cutlass/include/cutlass/epilogue/thread
copying python/fmha_sm100/cutlass/include/cutlass/epilogue/thread/linear_combination_dgelu.h -> build/lib/fmha_sm100/cutlass/include/cutlass/epilogue/thread
copying python/fmha_sm100/cutlass/include/cutlass/epilogue/thread/linear_combination_drelu.h -> build/lib/fmha_sm100/cutlass/include/cutlass/epilogue/thread
copying python/fmha_sm100/cutlass/include/cutlass/epilogue/thread/linear_combination_gelu.h -> build/lib/fmha_sm100/cutlass/include/cutlass/epilogue/thread
copying python/fmha_sm100/cutlass/include/cutlass/epilogue/thread/linear_combination_generic.h -> build/lib/fmha_sm100/cutlass/include/cutlass/epilogue/thread
copying python/fmha_sm100/cutlass/include/cutlass/epilogue/thread/linear_combination_generic_with_scaling.h -> build/lib/fmha_sm100/cutlass/include/cutlass/epilogue/thread
copying python/fmha_sm100/cutlass/include/cutlass/epilogue/thread/linear_combination_hardswish.h -> build/lib/fmha_sm100/cutlass/include/cutlass/epilogue/thread
copying python/fmha_sm100/cutlass/include/cutlass/epilogue/thread/linear_combination_leaky_relu.h -> build/lib/fmha_sm100/cutlass/include/cutlass/epilogue/thread
copying python/fmha_sm100/cutlass/include/cutlass/epilogue/thread/linear_combination_params.h -> build/lib/fmha_sm100/cutlass/include/cutlass/epilogue/thread
copying python/fmha_sm100/cutlass/include/cutlass/epilogue/thread/linear_combination_planar_complex.h -> build/lib/fmha_sm100/cutlass/include/cutlass/epilogue/thread
copying python/fmha_sm100/cutlass/include/cutlass/epilogue/thread/linear_combination_relu.h -> build/lib/fmha_sm100/cutlass/include/cutlass/epilogue/thread
copying python/fmha_sm100/cutlass/include/cutlass/epilogue/thread/linear_combination_relu0.h -> build/lib/fmha_sm100/cutlass/include/cutlass/epilogue/thread
copying python/fmha_sm100/cutlass/include/cutlass/epilogue/thread/linear_combination_residual_block.h -> build/lib/fmha_sm100/cutlass/include/cutlass/epilogue/thread
copying python/fmha_sm100/cutlass/include/cutlass/epilogue/thread/linear_combination_sigmoid.h -> build/lib/fmha_sm100/cutlass/include/cutlass/epilogue/thread
copying python/fmha_sm100/cutlass/include/cutlass/epilogue/thread/linear_combination_silu.h -> build/lib/fmha_sm100/cutlass/include/cutlass/epilogue/thread
copying python/fmha_sm100/cutlass/include/cutlass/epilogue/thread/linear_combination_tensor_broadcast.hpp -> build/lib/fmha_sm100/cutlass/include/cutlass/epilogue/thread
copying python/fmha_sm100/cutlass/include/cutlass/epilogue/thread/linear_combination_with_elementwise.h -> build/lib/fmha_sm100/cutlass/include/cutlass/epilogue/thread
copying python/fmha_sm100/cutlass/include/cutlass/epilogue/thread/reduction_op.h -> build/lib/fmha_sm100/cutlass/include/cutlass/epilogue/thread
copying python/fmha_sm100/cutlass/include/cutlass/epilogue/thread/scale_type.h -> build/lib/fmha_sm100/cutlass/include/cutlass/epilogue/thread
creating build/lib/fmha_sm100/cutlass/include/cutlass/epilogue/threadblock
copying python/fmha_sm100/cutlass/include/cutlass/epilogue/threadblock/default_epilogue_complex_tensor_op.h -> build/lib/fmha_sm100/cutlass/include/cutlass/epilogue/threadblock
copying python/fmha_sm100/cutlass/include/cutlass/epilogue/threadblock/default_epilogue_complex_tensor_op_blas3.h -> build/lib/fmha_sm100/cutlass/include/cutlass/epilogue/threadblock
copying python/fmha_sm100/cutlass/include/cutlass/epilogue/threadblock/default_epilogue_direct_store.h -> build/lib/fmha_sm100/cutlass/include/cutlass/epilogue/threadblock
copying python/fmha_sm100/cutlass/include/cutlass/epilogue/threadblock/default_epilogue_planar_complex.h -> build/lib/fmha_sm100/cutlass/include/cutlass/epilogue/threadblock
copying python/fmha_sm100/cutlass/include/cutlass/epilogue/threadblock/default_epilogue_simt.h -> build/lib/fmha_sm100/cutlass/include/cutlass/epilogue/threadblock
copying python/fmha_sm100/cutlass/include/cutlass/epilogue/threadblock/default_epilogue_tensor_op.h -> build/lib/fmha_sm100/cutlass/include/cutlass/epilogue/threadblock
copying python/fmha_sm100/cutlass/include/cutlass/epilogue/threadblock/default_epilogue_tensor_op_blas3.h -> build/lib/fmha_sm100/cutlass/include/cutlass/epilogue/threadblock
copying python/fmha_sm100/cutlass/include/cutlass/epilogue/threadblock/default_epilogue_volta_tensor_op.h -> build/lib/fmha_sm100/cutlass/include/cutlass/epilogue/threadblock
copying python/fmha_sm100/cutlass/include/cutlass/epilogue/threadblock/default_epilogue_with_absmax.h -> build/lib/fmha_sm100/cutlass/include/cutlass/epilogue/threadblock
copying python/fmha_sm100/cutlass/include/cutlass/epilogue/threadblock/default_epilogue_with_broadcast.h -> build/lib/fmha_sm100/cutlass/include/cutlass/epilogue/threadblock
copying python/fmha_sm100/cutlass/include/cutlass/epilogue/threadblock/default_epilogue_with_reduction.h -> build/lib/fmha_sm100/cutlass/include/cutlass/epilogue/threadblock
copying python/fmha_sm100/cutlass/include/cutlass/epilogue/threadblock/default_epilogue_wmma_tensor_op.h -> build/lib/fmha_sm100/cutlass/include/cutlass/epilogue/threadblock
copying python/fmha_sm100/cutlass/include/cutlass/epilogue/threadblock/default_thread_map_simt.h -> build/lib/fmha_sm100/cutlass/include/cutlass/epilogue/threadblock
copying python/fmha_sm100/cutlass/include/cutlass/epilogue/threadblock/default_thread_map_tensor_op.h -> build/lib/fmha_sm100/cutlass/include/cutlass/epilogue/threadblock
copying python/fmha_sm100/cutlass/include/cutlass/epilogue/threadblock/default_thread_map_volta_tensor_op.h -> build/lib/fmha_sm100/cutlass/include/cutlass/epilogue/threadblock
copying python/fmha_sm100/cutlass/include/cutlass/epilogue/threadblock/default_thread_map_wmma_tensor_op.h -> build/lib/fmha_sm100/cutlass/include/cutlass/epilogue/threadblock
copying python/fmha_sm100/cutlass/include/cutlass/epilogue/threadblock/direct_store_epilogue_iterator.h -> build/lib/fmha_sm100/cutlass/include/cutlass/epilogue/threadblock
copying python/fmha_sm100/cutlass/include/cutlass/epilogue/threadblock/epilogue.h -> build/lib/fmha_sm100/cutlass/include/cutlass/epilogue/threadblock
copying python/fmha_sm100/cutlass/include/cutlass/epilogue/threadblock/epilogue_base.h -> build/lib/fmha_sm100/cutlass/include/cutlass/epilogue/threadblock
copying python/fmha_sm100/cutlass/include/cutlass/epilogue/threadblock/epilogue_base_streamk.h -> build/lib/fmha_sm100/cutlass/include/cutlass/epilogue/threadblock
copying python/fmha_sm100/cutlass/include/cutlass/epilogue/threadblock/epilogue_depthwise.h -> build/lib/fmha_sm100/cutlass/include/cutlass/epilogue/threadblock
copying python/fmha_sm100/cutlass/include/cutlass/epilogue/threadblock/epilogue_direct_store.h -> build/lib/fmha_sm100/cutlass/include/cutlass/epilogue/threadblock
copying python/fmha_sm100/cutlass/include/cutlass/epilogue/threadblock/epilogue_gemm_k_reduction.h -> build/lib/fmha_sm100/cutlass/include/cutlass/epilogue/threadblock
copying python/fmha_sm100/cutlass/include/cutlass/epilogue/threadblock/epilogue_planar_complex.h -> build/lib/fmha_sm100/cutlass/include/cutlass/epilogue/threadblock
copying python/fmha_sm100/cutlass/include/cutlass/epilogue/threadblock/epilogue_smem_accumulator.h -> build/lib/fmha_sm100/cutlass/include/cutlass/epilogue/threadblock
copying python/fmha_sm100/cutlass/include/cutlass/epilogue/threadblock/epilogue_streamk_with_broadcast.h -> build/lib/fmha_sm100/cutlass/include/cutlass/epilogue/threadblock
copying python/fmha_sm100/cutlass/include/cutlass/epilogue/threadblock/epilogue_visitor_with_softmax.h -> build/lib/fmha_sm100/cutlass/include/cutlass/epilogue/threadblock
copying python/fmha_sm100/cutlass/include/cutlass/epilogue/threadblock/epilogue_with_absmax.h -> build/lib/fmha_sm100/cutlass/include/cutlass/epilogue/threadblock
copying python/fmha_sm100/cutlass/include/cutlass/epilogue/threadblock/epilogue_with_broadcast.h -> build/lib/fmha_sm100/cutlass/include/cutlass/epilogue/threadblock
copying python/fmha_sm100/cutlass/include/cutlass/epilogue/threadblock/epilogue_with_reduction.h -> build/lib/fmha_sm100/cutlass/include/cutlass/epilogue/threadblock
copying python/fmha_sm100/cutlass/include/cutlass/epilogue/threadblock/epilogue_with_scaling_factor.h -> build/lib/fmha_sm100/cutlass/include/cutlass/epilogue/threadblock
copying python/fmha_sm100/cutlass/include/cutlass/epilogue/threadblock/epilogue_with_visitor.h -> build/lib/fmha_sm100/cutlass/include/cutlass/epilogue/threadblock
copying python/fmha_sm100/cutlass/include/cutlass/epilogue/threadblock/epilogue_with_visitor_callbacks.h -> build/lib/fmha_sm100/cutlass/include/cutlass/epilogue/threadblock
copying python/fmha_sm100/cutlass/include/cutlass/epilogue/threadblock/epilogue_workspace.h -> build/lib/fmha_sm100/cutlass/include/cutlass/epilogue/threadblock
copying python/fmha_sm100/cutlass/include/cutlass/epilogue/threadblock/interleaved_epilogue.h -> build/lib/fmha_sm100/cutlass/include/cutlass/epilogue/threadblock
copying python/fmha_sm100/cutlass/include/cutlass/epilogue/threadblock/output_iterator_parameter.h -> build/lib/fmha_sm100/cutlass/include/cutlass/epilogue/threadblock
copying python/fmha_sm100/cutlass/include/cutlass/epilogue/threadblock/output_tile_thread_map.h -> build/lib/fmha_sm100/cutlass/include/cutlass/epilogue/threadblock
copying python/fmha_sm100/cutlass/include/cutlass/epilogue/threadblock/predicated_tile_iterator.h -> build/lib/fmha_sm100/cutlass/include/cutlass/epilogue/threadblock
copying python/fmha_sm100/cutlass/include/cutlass/epilogue/threadblock/predicated_tile_iterator_affine.h -> build/lib/fmha_sm100/cutlass/include/cutlass/epilogue/threadblock
copying python/fmha_sm100/cutlass/include/cutlass/epilogue/threadblock/predicated_tile_iterator_affine_layout_params.h -> build/lib/fmha_sm100/cutlass/include/cutlass/epilogue/threadblock
copying python/fmha_sm100/cutlass/include/cutlass/epilogue/threadblock/predicated_tile_iterator_blas3.h -> build/lib/fmha_sm100/cutlass/include/cutlass/epilogue/threadblock
copying python/fmha_sm100/cutlass/include/cutlass/epilogue/threadblock/predicated_tile_iterator_conv.h -> build/lib/fmha_sm100/cutlass/include/cutlass/epilogue/threadblock
copying python/fmha_sm100/cutlass/include/cutlass/epilogue/threadblock/predicated_tile_iterator_direct_conv.h -> build/lib/fmha_sm100/cutlass/include/cutlass/epilogue/threadblock
copying python/fmha_sm100/cutlass/include/cutlass/epilogue/threadblock/predicated_tile_iterator_params.h -> build/lib/fmha_sm100/cutlass/include/cutlass/epilogue/threadblock
copying python/fmha_sm100/cutlass/include/cutlass/epilogue/threadblock/predicated_tile_iterator_predicates.h -> build/lib/fmha_sm100/cutlass/include/cutlass/epilogue/threadblock
copying python/fmha_sm100/cutlass/include/cutlass/epilogue/threadblock/predicated_tile_iterator_strided_dgrad.h -> build/lib/fmha_sm100/cutlass/include/cutlass/epilogue/threadblock
copying python/fmha_sm100/cutlass/include/cutlass/epilogue/threadblock/shared_load_iterator.h -> build/lib/fmha_sm100/cutlass/include/cutlass/epilogue/threadblock
copying python/fmha_sm100/cutlass/include/cutlass/epilogue/threadblock/shared_load_iterator_mixed.h -> build/lib/fmha_sm100/cutlass/include/cutlass/epilogue/threadblock
copying python/fmha_sm100/cutlass/include/cutlass/epilogue/threadblock/shared_load_iterator_pitch_linear.h -> build/lib/fmha_sm100/cutlass/include/cutlass/epilogue/threadblock
creating build/lib/fmha_sm100/cutlass/include/cutlass/epilogue/threadblock/fusion
copying python/fmha_sm100/cutlass/include/cutlass/epilogue/threadblock/fusion/visitor_2x.hpp -> build/lib/fmha_sm100/cutlass/include/cutlass/epilogue/threadblock/fusion
copying python/fmha_sm100/cutlass/include/cutlass/epilogue/threadblock/fusion/visitor_compute.hpp -> build/lib/fmha_sm100/cutlass/include/cutlass/epilogue/threadblock/fusion
copying python/fmha_sm100/cutlass/include/cutlass/epilogue/threadblock/fusion/visitor_load.hpp -> build/lib/fmha_sm100/cutlass/include/cutlass/epilogue/threadblock/fusion
copying python/fmha_sm100/cutlass/include/cutlass/epilogue/threadblock/fusion/visitor_store.hpp -> build/lib/fmha_sm100/cutlass/include/cutlass/epilogue/threadblock/fusion
copying python/fmha_sm100/cutlass/include/cutlass/epilogue/threadblock/fusion/visitors.hpp -> build/lib/fmha_sm100/cutlass/include/cutlass/epilogue/threadblock/fusion
creating build/lib/fmha_sm100/cutlass/include/cutlass/epilogue/warp
copying python/fmha_sm100/cutlass/include/cutlass/epilogue/warp/fragment_iterator_complex_tensor_op.h -> build/lib/fmha_sm100/cutlass/include/cutlass/epilogue/warp
copying python/fmha_sm100/cutlass/include/cutlass/epilogue/warp/fragment_iterator_gaussian_complex_tensor_op.h -> build/lib/fmha_sm100/cutlass/include/cutlass/epilogue/warp
copying python/fmha_sm100/cutlass/include/cutlass/epilogue/warp/fragment_iterator_simt.h -> build/lib/fmha_sm100/cutlass/include/cutlass/epilogue/warp
copying python/fmha_sm100/cutlass/include/cutlass/epilogue/warp/fragment_iterator_tensor_op.h -> build/lib/fmha_sm100/cutlass/include/cutlass/epilogue/warp
copying python/fmha_sm100/cutlass/include/cutlass/epilogue/warp/fragment_iterator_volta_tensor_op.h -> build/lib/fmha_sm100/cutlass/include/cutlass/epilogue/warp
copying python/fmha_sm100/cutlass/include/cutlass/epilogue/warp/fragment_iterator_wmma_tensor_op.h -> build/lib/fmha_sm100/cutlass/include/cutlass/epilogue/warp
copying python/fmha_sm100/cutlass/include/cutlass/epilogue/warp/simt_policy.h -> build/lib/fmha_sm100/cutlass/include/cutlass/epilogue/warp
copying python/fmha_sm100/cutlass/include/cutlass/epilogue/warp/tensor_op_policy.h -> build/lib/fmha_sm100/cutlass/include/cutlass/epilogue/warp
copying python/fmha_sm100/cutlass/include/cutlass/epilogue/warp/tile_iterator_simt.h -> build/lib/fmha_sm100/cutlass/include/cutlass/epilogue/warp
copying python/fmha_sm100/cutlass/include/cutlass/epilogue/warp/tile_iterator_tensor_op.h -> build/lib/fmha_sm100/cutlass/include/cutlass/epilogue/warp
copying python/fmha_sm100/cutlass/include/cutlass/epilogue/warp/tile_iterator_tensor_op_mixed.h -> build/lib/fmha_sm100/cutlass/include/cutlass/epilogue/warp
copying python/fmha_sm100/cutlass/include/cutlass/epilogue/warp/tile_iterator_volta_tensor_op.h -> build/lib/fmha_sm100/cutlass/include/cutlass/epilogue/warp
copying python/fmha_sm100/cutlass/include/cutlass/epilogue/warp/tile_iterator_wmma_tensor_op.h -> build/lib/fmha_sm100/cutlass/include/cutlass/epilogue/warp
copying python/fmha_sm100/cutlass/include/cutlass/epilogue/warp/volta_tensor_op_policy.h -> build/lib/fmha_sm100/cutlass/include/cutlass/epilogue/warp
copying python/fmha_sm100/cutlass/include/cutlass/epilogue/warp/wmma_tensor_op_policy.h -> build/lib/fmha_sm100/cutlass/include/cutlass/epilogue/warp
creating build/lib/fmha_sm100/cutlass/include/cutlass/experimental/distributed/device
copying python/fmha_sm100/cutlass/include/cutlass/experimental/distributed/device/detail.hpp -> build/lib/fmha_sm100/cutlass/include/cutlass/experimental/distributed/device
copying python/fmha_sm100/cutlass/include/cutlass/experimental/distributed/device/dist_gemm_universal_wrapper.hpp -> build/lib/fmha_sm100/cutlass/include/cutlass/experimental/distributed/device
copying python/fmha_sm100/cutlass/include/cutlass/experimental/distributed/device/full_barrier.hpp -> build/lib/fmha_sm100/cutlass/include/cutlass/experimental/distributed/device
creating build/lib/fmha_sm100/cutlass/include/cutlass/experimental/distributed/kernel
copying python/fmha_sm100/cutlass/include/cutlass/experimental/distributed/kernel/detail.hpp -> build/lib/fmha_sm100/cutlass/include/cutlass/experimental/distributed/kernel
copying python/fmha_sm100/cutlass/include/cutlass/experimental/distributed/kernel/dist_gemm_kernel_wrapper.hpp -> build/lib/fmha_sm100/cutlass/include/cutlass/experimental/distributed/kernel
copying python/fmha_sm100/cutlass/include/cutlass/experimental/distributed/kernel/full_barrier.hpp -> build/lib/fmha_sm100/cutlass/include/cutlass/experimental/distributed/kernel
creating build/lib/fmha_sm100/cutlass/include/cutlass/experimental/distributed/schedules
copying python/fmha_sm100/cutlass/include/cutlass/experimental/distributed/schedules/dist_gemm_1d_schedules.hpp -> build/lib/fmha_sm100/cutlass/include/cutlass/experimental/distributed/schedules
copying python/fmha_sm100/cutlass/include/cutlass/experimental/distributed/schedules/dist_gemm_base_schedule.hpp -> build/lib/fmha_sm100/cutlass/include/cutlass/experimental/distributed/schedules
creating build/lib/fmha_sm100/cutlass/include/cutlass/gemm
copying python/fmha_sm100/cutlass/include/cutlass/gemm/dispatch_policy.hpp -> build/lib/fmha_sm100/cutlass/include/cutlass/gemm
copying python/fmha_sm100/cutlass/include/cutlass/gemm/gemm.h -> build/lib/fmha_sm100/cutlass/include/cutlass/gemm
copying python/fmha_sm100/cutlass/include/cutlass/gemm/gemm_enumerated_types.h -> build/lib/fmha_sm100/cutlass/include/cutlass/gemm
copying python/fmha_sm100/cutlass/include/cutlass/gemm/group_array_problem_shape.hpp -> build/lib/fmha_sm100/cutlass/include/cutlass/gemm
creating build/lib/fmha_sm100/cutlass/include/cutlass/gemm/collective
copying python/fmha_sm100/cutlass/include/cutlass/gemm/collective/collective_builder.hpp -> build/lib/fmha_sm100/cutlass/include/cutlass/gemm/collective
copying python/fmha_sm100/cutlass/include/cutlass/gemm/collective/collective_builder_decl.hpp -> build/lib/fmha_sm100/cutlass/include/cutlass/gemm/collective
copying python/fmha_sm100/cutlass/include/cutlass/gemm/collective/collective_mma.hpp -> build/lib/fmha_sm100/cutlass/include/cutlass/gemm/collective
copying python/fmha_sm100/cutlass/include/cutlass/gemm/collective/collective_mma_decl.hpp -> build/lib/fmha_sm100/cutlass/include/cutlass/gemm/collective
copying python/fmha_sm100/cutlass/include/cutlass/gemm/collective/fp8_accumulation.hpp -> build/lib/fmha_sm100/cutlass/include/cutlass/gemm/collective
copying python/fmha_sm100/cutlass/include/cutlass/gemm/collective/sm100_blockscaled_mma_array_warpspecialized.hpp -> build/lib/fmha_sm100/cutlass/include/cutlass/gemm/collective
copying python/fmha_sm100/cutlass/include/cutlass/gemm/collective/sm100_blockscaled_mma_array_warpspecialized_rcggemm.hpp -> build/lib/fmha_sm100/cutlass/include/cutlass/gemm/collective
copying python/fmha_sm100/cutlass/include/cutlass/gemm/collective/sm100_blockscaled_mma_mixed_tma_cpasync_warpspecialized.hpp -> build/lib/fmha_sm100/cutlass/include/cutlass/gemm/collective
copying python/fmha_sm100/cutlass/include/cutlass/gemm/collective/sm100_blockscaled_mma_warpspecialized.hpp -> build/lib/fmha_sm100/cutlass/include/cutlass/gemm/collective
copying python/fmha_sm100/cutlass/include/cutlass/gemm/collective/sm100_blockscaled_sparse_mma_warpspecialized.hpp -> build/lib/fmha_sm100/cutlass/include/cutlass/gemm/collective
copying python/fmha_sm100/cutlass/include/cutlass/gemm/collective/sm100_mma_array_warpspecialized.hpp -> build/lib/fmha_sm100/cutlass/include/cutlass/gemm/collective
copying python/fmha_sm100/cutlass/include/cutlass/gemm/collective/sm100_mma_array_warpspecialized_blockwise_scaling.hpp -> build/lib/fmha_sm100/cutlass/include/cutlass/gemm/collective
copying python/fmha_sm100/cutlass/include/cutlass/gemm/collective/sm100_mma_array_warpspecialized_emulated.hpp -> build/lib/fmha_sm100/cutlass/include/cutlass/gemm/collective
copying python/fmha_sm100/cutlass/include/cutlass/gemm/collective/sm100_mma_array_warpspecialized_interleaved_complex_emulated.hpp -> build/lib/fmha_sm100/cutlass/include/cutlass/gemm/collective
copying python/fmha_sm100/cutlass/include/cutlass/gemm/collective/sm100_mma_array_warpspecialized_interleaved_complex_tf32.hpp -> build/lib/fmha_sm100/cutlass/include/cutlass/gemm/collective
copying python/fmha_sm100/cutlass/include/cutlass/gemm/collective/sm100_mma_array_warpspecialized_planar_complex.hpp -> build/lib/fmha_sm100/cutlass/include/cutlass/gemm/collective
copying python/fmha_sm100/cutlass/include/cutlass/gemm/collective/sm100_mma_array_warpspecialized_rcggemm.hpp -> build/lib/fmha_sm100/cutlass/include/cutlass/gemm/collective
copying python/fmha_sm100/cutlass/include/cutlass/gemm/collective/sm100_mma_cpasync_warpspecialized.hpp -> build/lib/fmha_sm100/cutlass/include/cutlass/gemm/collective
copying python/fmha_sm100/cutlass/include/cutlass/gemm/collective/sm100_mma_mixed_tma_cpasync_warpspecialized.hpp -> build/lib/fmha_sm100/cutlass/include/cutlass/gemm/collective
copying python/fmha_sm100/cutlass/include/cutlass/gemm/collective/sm100_mma_warpspecialized.hpp -> build/lib/fmha_sm100/cutlass/include/cutlass/gemm/collective
copying python/fmha_sm100/cutlass/include/cutlass/gemm/collective/sm100_mma_warpspecialized_blockwise_scaling.hpp -> build/lib/fmha_sm100/cutlass/include/cutlass/gemm/collective
copying python/fmha_sm100/cutlass/include/cutlass/gemm/collective/sm100_mma_warpspecialized_emulated.hpp -> build/lib/fmha_sm100/cutlass/include/cutlass/gemm/collective
copying python/fmha_sm100/cutlass/include/cutlass/gemm/collective/sm100_mma_warpspecialized_interleaved_complex_emulated.hpp -> build/lib/fmha_sm100/cutlass/include/cutlass/gemm/collective
copying python/fmha_sm100/cutlass/include/cutlass/gemm/collective/sm100_mma_warpspecialized_interleaved_complex_tf32.hpp -> build/lib/fmha_sm100/cutlass/include/cutlass/gemm/collective
copying python/fmha_sm100/cutlass/include/cutlass/gemm/collective/sm100_mma_warpspecialized_mixed_input.hpp -> build/lib/fmha_sm100/cutlass/include/cutlass/gemm/collective
copying python/fmha_sm100/cutlass/include/cutlass/gemm/collective/sm100_mma_warpspecialized_planar_complex.hpp -> build/lib/fmha_sm100/cutlass/include/cutlass/gemm/collective
copying python/fmha_sm100/cutlass/include/cutlass/gemm/collective/sm100_sparse_mma_warpspecialized.hpp -> build/lib/fmha_sm100/cutlass/include/cutlass/gemm/collective
copying python/fmha_sm100/cutlass/include/cutlass/gemm/collective/sm103_blockscaled_mma_array_warpspecialized.hpp -> build/lib/fmha_sm100/cutlass/include/cutlass/gemm/collective
copying python/fmha_sm100/cutlass/include/cutlass/gemm/collective/sm103_blockscaled_mma_warpspecialized.hpp -> build/lib/fmha_sm100/cutlass/include/cutlass/gemm/collective
copying python/fmha_sm100/cutlass/include/cutlass/gemm/collective/sm107_blockscaled_mma_warpspecialized.hpp -> build/lib/fmha_sm100/cutlass/include/cutlass/gemm/collective
copying python/fmha_sm100/cutlass/include/cutlass/gemm/collective/sm107_mma_warpspecialized.hpp -> build/lib/fmha_sm100/cutlass/include/cutlass/gemm/collective
copying python/fmha_sm100/cutlass/include/cutlass/gemm/collective/sm120_blockscaled_mma_array_tma.hpp -> build/lib/fmha_sm100/cutlass/include/cutlass/gemm/collective
copying python/fmha_sm100/cutlass/include/cutlass/gemm/collective/sm120_blockscaled_mma_tma.hpp -> build/lib/fmha_sm100/cutlass/include/cutlass/gemm/collective
copying python/fmha_sm100/cutlass/include/cutlass/gemm/collective/sm120_blockscaled_sparse_mma_tma.hpp -> build/lib/fmha_sm100/cutlass/include/cutlass/gemm/collective
copying python/fmha_sm100/cutlass/include/cutlass/gemm/collective/sm120_mma_array_tma.hpp -> build/lib/fmha_sm100/cutlass/include/cutlass/gemm/collective
copying python/fmha_sm100/cutlass/include/cutlass/gemm/collective/sm120_mma_array_tma_blockwise_scaling.hpp -> build/lib/fmha_sm100/cutlass/include/cutlass/gemm/collective
copying python/fmha_sm100/cutlass/include/cutlass/gemm/collective/sm120_mma_tma.hpp -> build/lib/fmha_sm100/cutlass/include/cutlass/gemm/collective
copying python/fmha_sm100/cutlass/include/cutlass/gemm/collective/sm120_mma_tma_blockwise_scaling.hpp -> build/lib/fmha_sm100/cutlass/include/cutlass/gemm/collective
copying python/fmha_sm100/cutlass/include/cutlass/gemm/collective/sm120_sparse_mma_tma.hpp -> build/lib/fmha_sm100/cutlass/include/cutlass/gemm/collective
copying python/fmha_sm100/cutlass/include/cutlass/gemm/collective/sm70_mma_twostage.hpp -> build/lib/fmha_sm100/cutlass/include/cutlass/gemm/collective
copying python/fmha_sm100/cutlass/include/cutlass/gemm/collective/sm80_mma_array_multistage.hpp -> build/lib/fmha_sm100/cutlass/include/cutlass/gemm/collective
copying python/fmha_sm100/cutlass/include/cutlass/gemm/collective/sm80_mma_multistage.hpp -> build/lib/fmha_sm100/cutlass/include/cutlass/gemm/collective
copying python/fmha_sm100/cutlass/include/cutlass/gemm/collective/sm90_mma_array_tma_gmma_rs_warpspecialized_mixed_input.hpp -> build/lib/fmha_sm100/cutlass/include/cutlass/gemm/collective
copying python/fmha_sm100/cutlass/include/cutlass/gemm/collective/sm90_mma_array_tma_gmma_ss_warpspecialized.hpp -> build/lib/fmha_sm100/cutlass/include/cutlass/gemm/collective
copying python/fmha_sm100/cutlass/include/cutlass/gemm/collective/sm90_mma_array_tma_gmma_ss_warpspecialized_fp8.hpp -> build/lib/fmha_sm100/cutlass/include/cutlass/gemm/collective
copying python/fmha_sm100/cutlass/include/cutlass/gemm/collective/sm90_mma_array_tma_gmma_ss_warpspecialized_fp8_blockwise_scaling.hpp -> build/lib/fmha_sm100/cutlass/include/cutlass/gemm/collective
copying python/fmha_sm100/cutlass/include/cutlass/gemm/collective/sm90_mma_multistage_gmma_rs_warpspecialized.hpp -> build/lib/fmha_sm100/cutlass/include/cutlass/gemm/collective
copying python/fmha_sm100/cutlass/include/cutlass/gemm/collective/sm90_mma_multistage_gmma_ss_warpspecialized.hpp -> build/lib/fmha_sm100/cutlass/include/cutlass/gemm/collective
copying python/fmha_sm100/cutlass/include/cutlass/gemm/collective/sm90_mma_tma_gmma_rs_warpspecialized.hpp -> build/lib/fmha_sm100/cutlass/include/cutlass/gemm/collective
copying python/fmha_sm100/cutlass/include/cutlass/gemm/collective/sm90_mma_tma_gmma_rs_warpspecialized_mixed_input.hpp -> build/lib/fmha_sm100/cutlass/include/cutlass/gemm/collective
copying python/fmha_sm100/cutlass/include/cutlass/gemm/collective/sm90_mma_tma_gmma_ss.hpp -> build/lib/fmha_sm100/cutlass/include/cutlass/gemm/collective
copying python/fmha_sm100/cutlass/include/cutlass/gemm/collective/sm90_mma_tma_gmma_ss_warpspecialized.hpp -> build/lib/fmha_sm100/cutlass/include/cutlass/gemm/collective
copying python/fmha_sm100/cutlass/include/cutlass/gemm/collective/sm90_mma_tma_gmma_ss_warpspecialized_fp8.hpp -> build/lib/fmha_sm100/cutlass/include/cutlass/gemm/collective
copying python/fmha_sm100/cutlass/include/cutlass/gemm/collective/sm90_mma_tma_gmma_ss_warpspecialized_fp8_blockwise_scaling.hpp -> build/lib/fmha_sm100/cutlass/include/cutlass/gemm/collective
copying python/fmha_sm100/cutlass/include/cutlass/gemm/collective/sm90_sparse_mma_tma_gmma_ss_warpspecialized.hpp -> build/lib/fmha_sm100/cutlass/include/cutlass/gemm/collective
copying python/fmha_sm100/cutlass/include/cutlass/gemm/collective/sm90_sparse_mma_tma_gmma_ss_warpspecialized_fp8.hpp -> build/lib/fmha_sm100/cutlass/include/cutlass/gemm/collective
creating build/lib/fmha_sm100/cutlass/include/cutlass/gemm/collective/builders
copying python/fmha_sm100/cutlass/include/cutlass/gemm/collective/builders/sm100_9xBF16_interleaved_complex_umma_builder.inl -> build/lib/fmha_sm100/cutlass/include/cutlass/gemm/collective/builders
copying python/fmha_sm100/cutlass/include/cutlass/gemm/collective/builders/sm100_9xBF16_umma_builder.inl -> build/lib/fmha_sm100/cutlass/include/cutlass/gemm/collective/builders
copying python/fmha_sm100/cutlass/include/cutlass/gemm/collective/builders/sm100_blockscaled_mixed_tma_cpasync_umma_builder.inl -> build/lib/fmha_sm100/cutlass/include/cutlass/gemm/collective/builders
copying python/fmha_sm100/cutlass/include/cutlass/gemm/collective/builders/sm100_blockscaled_sparse_umma_builder.inl -> build/lib/fmha_sm100/cutlass/include/cutlass/gemm/collective/builders
copying python/fmha_sm100/cutlass/include/cutlass/gemm/collective/builders/sm100_blockscaled_umma_builder.inl -> build/lib/fmha_sm100/cutlass/include/cutlass/gemm/collective/builders
copying python/fmha_sm100/cutlass/include/cutlass/gemm/collective/builders/sm100_blockwise_umma_builder.inl -> build/lib/fmha_sm100/cutlass/include/cutlass/gemm/collective/builders
copying python/fmha_sm100/cutlass/include/cutlass/gemm/collective/builders/sm100_common.inl -> build/lib/fmha_sm100/cutlass/include/cutlass/gemm/collective/builders
copying python/fmha_sm100/cutlass/include/cutlass/gemm/collective/builders/sm100_cpasync_umma_builder.inl -> build/lib/fmha_sm100/cutlass/include/cutlass/gemm/collective/builders
copying python/fmha_sm100/cutlass/include/cutlass/gemm/collective/builders/sm100_interleaved_complex_umma_builder.inl -> build/lib/fmha_sm100/cutlass/include/cutlass/gemm/collective/builders
copying python/fmha_sm100/cutlass/include/cutlass/gemm/collective/builders/sm100_mixed_input_umma_builder.inl -> build/lib/fmha_sm100/cutlass/include/cutlass/gemm/collective/builders
copying python/fmha_sm100/cutlass/include/cutlass/gemm/collective/builders/sm100_mixed_tma_cpasync_umma_builder.inl -> build/lib/fmha_sm100/cutlass/include/cutlass/gemm/collective/builders
copying python/fmha_sm100/cutlass/include/cutlass/gemm/collective/builders/sm100_pipeline_carveout.inl -> build/lib/fmha_sm100/cutlass/include/cutlass/gemm/collective/builders
copying python/fmha_sm100/cutlass/include/cutlass/gemm/collective/builders/sm100_planar_complex_umma_builder.inl -> build/lib/fmha_sm100/cutlass/include/cutlass/gemm/collective/builders
copying python/fmha_sm100/cutlass/include/cutlass/gemm/collective/builders/sm100_simt_builder.inl -> build/lib/fmha_sm100/cutlass/include/cutlass/gemm/collective/builders
copying python/fmha_sm100/cutlass/include/cutlass/gemm/collective/builders/sm100_sparse_umma_builder.inl -> build/lib/fmha_sm100/cutlass/include/cutlass/gemm/collective/builders
copying python/fmha_sm100/cutlass/include/cutlass/gemm/collective/builders/sm100_umma_builder.inl -> build/lib/fmha_sm100/cutlass/include/cutlass/gemm/collective/builders
copying python/fmha_sm100/cutlass/include/cutlass/gemm/collective/builders/sm103_blockscaled_umma_builder.inl -> build/lib/fmha_sm100/cutlass/include/cutlass/gemm/collective/builders
copying python/fmha_sm100/cutlass/include/cutlass/gemm/collective/builders/sm107_blockscaled_umma_builder.inl -> build/lib/fmha_sm100/cutlass/include/cutlass/gemm/collective/builders
copying python/fmha_sm100/cutlass/include/cutlass/gemm/collective/builders/sm107_common.inl -> build/lib/fmha_sm100/cutlass/include/cutlass/gemm/collective/builders
copying python/fmha_sm100/cutlass/include/cutlass/gemm/collective/builders/sm107_sparse_config.inl -> build/lib/fmha_sm100/cutlass/include/cutlass/gemm/collective/builders
copying python/fmha_sm100/cutlass/include/cutlass/gemm/collective/builders/sm107_umma_builder.inl -> build/lib/fmha_sm100/cutlass/include/cutlass/gemm/collective/builders
copying python/fmha_sm100/cutlass/include/cutlass/gemm/collective/builders/sm120_array_mma_builder.inl -> build/lib/fmha_sm100/cutlass/include/cutlass/gemm/collective/builders
copying python/fmha_sm100/cutlass/include/cutlass/gemm/collective/builders/sm120_blockscaled_mma_builder.inl -> build/lib/fmha_sm100/cutlass/include/cutlass/gemm/collective/builders
copying python/fmha_sm100/cutlass/include/cutlass/gemm/collective/builders/sm120_blockscaled_sparse_mma_builder.inl -> build/lib/fmha_sm100/cutlass/include/cutlass/gemm/collective/builders
copying python/fmha_sm100/cutlass/include/cutlass/gemm/collective/builders/sm120_blockwise_mma_builder.inl -> build/lib/fmha_sm100/cutlass/include/cutlass/gemm/collective/builders
copying python/fmha_sm100/cutlass/include/cutlass/gemm/collective/builders/sm120_common.inl -> build/lib/fmha_sm100/cutlass/include/cutlass/gemm/collective/builders
copying python/fmha_sm100/cutlass/include/cutlass/gemm/collective/builders/sm120_mma_builder.inl -> build/lib/fmha_sm100/cutlass/include/cutlass/gemm/collective/builders
copying python/fmha_sm100/cutlass/include/cutlass/gemm/collective/builders/sm120_sparse_mma_builder.inl -> build/lib/fmha_sm100/cutlass/include/cutlass/gemm/collective/builders
copying python/fmha_sm100/cutlass/include/cutlass/gemm/collective/builders/sm1xx_common.inl -> build/lib/fmha_sm100/cutlass/include/cutlass/gemm/collective/builders
copying python/fmha_sm100/cutlass/include/cutlass/gemm/collective/builders/sm1xx_sparse_config.inl -> build/lib/fmha_sm100/cutlass/include/cutlass/gemm/collective/builders
copying python/fmha_sm100/cutlass/include/cutlass/gemm/collective/builders/sm90_common.inl -> build/lib/fmha_sm100/cutlass/include/cutlass/gemm/collective/builders
copying python/fmha_sm100/cutlass/include/cutlass/gemm/collective/builders/sm90_gmma_builder.inl -> build/lib/fmha_sm100/cutlass/include/cutlass/gemm/collective/builders
copying python/fmha_sm100/cutlass/include/cutlass/gemm/collective/builders/sm90_sparse_config.inl -> build/lib/fmha_sm100/cutlass/include/cutlass/gemm/collective/builders
copying python/fmha_sm100/cutlass/include/cutlass/gemm/collective/builders/sm90_sparse_gmma_builder.inl -> build/lib/fmha_sm100/cutlass/include/cutlass/gemm/collective/builders
creating build/lib/fmha_sm100/cutlass/include/cutlass/gemm/device
copying python/fmha_sm100/cutlass/include/cutlass/gemm/device/base_grouped.h -> build/lib/fmha_sm100/cutlass/include/cutlass/gemm/device
copying python/fmha_sm100/cutlass/include/cutlass/gemm/device/default_gemm_configuration.h -> build/lib/fmha_sm100/cutlass/include/cutlass/gemm/device
copying python/fmha_sm100/cutlass/include/cutlass/gemm/device/ell_gemm.h -> build/lib/fmha_sm100/cutlass/include/cutlass/gemm/device
copying python/fmha_sm100/cutlass/include/cutlass/gemm/device/gemm.h -> build/lib/fmha_sm100/cutlass/include/cutlass/gemm/device
copying python/fmha_sm100/cutlass/include/cutlass/gemm/device/gemm_array.h -> build/lib/fmha_sm100/cutlass/include/cutlass/gemm/device
copying python/fmha_sm100/cutlass/include/cutlass/gemm/device/gemm_batched.h -> build/lib/fmha_sm100/cutlass/include/cutlass/gemm/device
copying python/fmha_sm100/cutlass/include/cutlass/gemm/device/gemm_blockwise.h -> build/lib/fmha_sm100/cutlass/include/cutlass/gemm/device
copying python/fmha_sm100/cutlass/include/cutlass/gemm/device/gemm_complex.h -> build/lib/fmha_sm100/cutlass/include/cutlass/gemm/device
copying python/fmha_sm100/cutlass/include/cutlass/gemm/device/gemm_grouped.h -> build/lib/fmha_sm100/cutlass/include/cutlass/gemm/device
copying python/fmha_sm100/cutlass/include/cutlass/gemm/device/gemm_layernorm_mainloop_fusion.h -> build/lib/fmha_sm100/cutlass/include/cutlass/gemm/device
copying python/fmha_sm100/cutlass/include/cutlass/gemm/device/gemm_sparse.h -> build/lib/fmha_sm100/cutlass/include/cutlass/gemm/device
copying python/fmha_sm100/cutlass/include/cutlass/gemm/device/gemm_sparse_universal.h -> build/lib/fmha_sm100/cutlass/include/cutlass/gemm/device
copying python/fmha_sm100/cutlass/include/cutlass/gemm/device/gemm_sparse_universal_with_absmax.h -> build/lib/fmha_sm100/cutlass/include/cutlass/gemm/device
copying python/fmha_sm100/cutlass/include/cutlass/gemm/device/gemm_sparse_with_absmax.h -> build/lib/fmha_sm100/cutlass/include/cutlass/gemm/device
copying python/fmha_sm100/cutlass/include/cutlass/gemm/device/gemm_sparse_with_visitor.h -> build/lib/fmha_sm100/cutlass/include/cutlass/gemm/device
copying python/fmha_sm100/cutlass/include/cutlass/gemm/device/gemm_splitk_parallel.h -> build/lib/fmha_sm100/cutlass/include/cutlass/gemm/device
copying python/fmha_sm100/cutlass/include/cutlass/gemm/device/gemm_universal.h -> build/lib/fmha_sm100/cutlass/include/cutlass/gemm/device
copying python/fmha_sm100/cutlass/include/cutlass/gemm/device/gemm_universal_adapter.h -> build/lib/fmha_sm100/cutlass/include/cutlass/gemm/device
copying python/fmha_sm100/cutlass/include/cutlass/gemm/device/gemm_universal_base.h -> build/lib/fmha_sm100/cutlass/include/cutlass/gemm/device
copying python/fmha_sm100/cutlass/include/cutlass/gemm/device/gemm_universal_streamk_with_broadcast.h -> build/lib/fmha_sm100/cutlass/include/cutlass/gemm/device
copying python/fmha_sm100/cutlass/include/cutlass/gemm/device/gemm_universal_with_absmax.h -> build/lib/fmha_sm100/cutlass/include/cutlass/gemm/device
copying python/fmha_sm100/cutlass/include/cutlass/gemm/device/gemm_universal_with_broadcast.h -> build/lib/fmha_sm100/cutlass/include/cutlass/gemm/device
copying python/fmha_sm100/cutlass/include/cutlass/gemm/device/gemm_with_k_reduction.h -> build/lib/fmha_sm100/cutlass/include/cutlass/gemm/device
copying python/fmha_sm100/cutlass/include/cutlass/gemm/device/gemv.h -> build/lib/fmha_sm100/cutlass/include/cutlass/gemm/device
copying python/fmha_sm100/cutlass/include/cutlass/gemm/device/gemv_blockscaled.h -> build/lib/fmha_sm100/cutlass/include/cutlass/gemm/device
copying python/fmha_sm100/cutlass/include/cutlass/gemm/device/rank_2k.h -> build/lib/fmha_sm100/cutlass/include/cutlass/gemm/device
copying python/fmha_sm100/cutlass/include/cutlass/gemm/device/rank_2k_grouped.h -> build/lib/fmha_sm100/cutlass/include/cutlass/gemm/device
copying python/fmha_sm100/cutlass/include/cutlass/gemm/device/rank_k.h -> build/lib/fmha_sm100/cutlass/include/cutlass/gemm/device
copying python/fmha_sm100/cutlass/include/cutlass/gemm/device/symm.h -> build/lib/fmha_sm100/cutlass/include/cutlass/gemm/device
copying python/fmha_sm100/cutlass/include/cutlass/gemm/device/trmm.h -> build/lib/fmha_sm100/cutlass/include/cutlass/gemm/device
creating build/lib/fmha_sm100/cutlass/include/cutlass/gemm/kernel
copying python/fmha_sm100/cutlass/include/cutlass/gemm/kernel/default_ell_gemm.h -> build/lib/fmha_sm100/cutlass/include/cutlass/gemm/kernel
copying python/fmha_sm100/cutlass/include/cutlass/gemm/kernel/default_gemm.h -> build/lib/fmha_sm100/cutlass/include/cutlass/gemm/kernel
copying python/fmha_sm100/cutlass/include/cutlass/gemm/kernel/default_gemm_complex.h -> build/lib/fmha_sm100/cutlass/include/cutlass/gemm/kernel
copying python/fmha_sm100/cutlass/include/cutlass/gemm/kernel/default_gemm_grouped.h -> build/lib/fmha_sm100/cutlass/include/cutlass/gemm/kernel
copying python/fmha_sm100/cutlass/include/cutlass/gemm/kernel/default_gemm_grouped_per_group_scale.h -> build/lib/fmha_sm100/cutlass/include/cutlass/gemm/kernel
copying python/fmha_sm100/cutlass/include/cutlass/gemm/kernel/default_gemm_grouped_softmax_mainloop_fusion.h -> build/lib/fmha_sm100/cutlass/include/cutlass/gemm/kernel
copying python/fmha_sm100/cutlass/include/cutlass/gemm/kernel/default_gemm_layernorm_mainloop_fusion.h -> build/lib/fmha_sm100/cutlass/include/cutlass/gemm/kernel
copying python/fmha_sm100/cutlass/include/cutlass/gemm/kernel/default_gemm_planar_complex_universal.h -> build/lib/fmha_sm100/cutlass/include/cutlass/gemm/kernel
copying python/fmha_sm100/cutlass/include/cutlass/gemm/kernel/default_gemm_sparse.h -> build/lib/fmha_sm100/cutlass/include/cutlass/gemm/kernel
copying python/fmha_sm100/cutlass/include/cutlass/gemm/kernel/default_gemm_sparse_universal.h -> build/lib/fmha_sm100/cutlass/include/cutlass/gemm/kernel
copying python/fmha_sm100/cutlass/include/cutlass/gemm/kernel/default_gemm_sparse_universal_with_absmax.h -> build/lib/fmha_sm100/cutlass/include/cutlass/gemm/kernel
copying python/fmha_sm100/cutlass/include/cutlass/gemm/kernel/default_gemm_sparse_with_absmax.h -> build/lib/fmha_sm100/cutlass/include/cutlass/gemm/kernel
copying python/fmha_sm100/cutlass/include/cutlass/gemm/kernel/default_gemm_sparse_with_visitor.h -> build/lib/fmha_sm100/cutlass/include/cutlass/gemm/kernel
copying python/fmha_sm100/cutlass/include/cutlass/gemm/kernel/default_gemm_splitk_parallel.h -> build/lib/fmha_sm100/cutlass/include/cutlass/gemm/kernel
copying python/fmha_sm100/cutlass/include/cutlass/gemm/kernel/default_gemm_streamk_with_broadcast.h -> build/lib/fmha_sm100/cutlass/include/cutlass/gemm/kernel
copying python/fmha_sm100/cutlass/include/cutlass/gemm/kernel/default_gemm_universal.h -> build/lib/fmha_sm100/cutlass/include/cutlass/gemm/kernel
copying python/fmha_sm100/cutlass/include/cutlass/gemm/kernel/default_gemm_universal_with_visitor.h -> build/lib/fmha_sm100/cutlass/include/cutlass/gemm/kernel
copying python/fmha_sm100/cutlass/include/cutlass/gemm/kernel/default_gemm_with_absmax.h -> build/lib/fmha_sm100/cutlass/include/cutlass/gemm/kernel
copying python/fmha_sm100/cutlass/include/cutlass/gemm/kernel/default_gemm_with_broadcast.h -> build/lib/fmha_sm100/cutlass/include/cutlass/gemm/kernel
copying python/fmha_sm100/cutlass/include/cutlass/gemm/kernel/default_gemm_with_k_reduction.h -> build/lib/fmha_sm100/cutlass/include/cutlass/gemm/kernel
copying python/fmha_sm100/cutlass/include/cutlass/gemm/kernel/default_gemm_with_reduction.h -> build/lib/fmha_sm100/cutlass/include/cutlass/gemm/kernel
copying python/fmha_sm100/cutlass/include/cutlass/gemm/kernel/default_gemv.h -> build/lib/fmha_sm100/cutlass/include/cutlass/gemm/kernel
copying python/fmha_sm100/cutlass/include/cutlass/gemm/kernel/default_rank_2k.h -> build/lib/fmha_sm100/cutlass/include/cutlass/gemm/kernel
copying python/fmha_sm100/cutlass/include/cutlass/gemm/kernel/default_rank_2k_complex.h -> build/lib/fmha_sm100/cutlass/include/cutlass/gemm/kernel
copying python/fmha_sm100/cutlass/include/cutlass/gemm/kernel/default_rank_2k_grouped.h -> build/lib/fmha_sm100/cutlass/include/cutlass/gemm/kernel
copying python/fmha_sm100/cutlass/include/cutlass/gemm/kernel/default_rank_2k_universal.h -> build/lib/fmha_sm100/cutlass/include/cutlass/gemm/kernel
copying python/fmha_sm100/cutlass/include/cutlass/gemm/kernel/default_rank_k.h -> build/lib/fmha_sm100/cutlass/include/cutlass/gemm/kernel
copying python/fmha_sm100/cutlass/include/cutlass/gemm/kernel/default_rank_k_complex.h -> build/lib/fmha_sm100/cutlass/include/cutlass/gemm/kernel
copying python/fmha_sm100/cutlass/include/cutlass/gemm/kernel/default_rank_k_universal.h -> build/lib/fmha_sm100/cutlass/include/cutlass/gemm/kernel
copying python/fmha_sm100/cutlass/include/cutlass/gemm/kernel/default_symm.h -> build/lib/fmha_sm100/cutlass/include/cutlass/gemm/kernel
copying python/fmha_sm100/cutlass/include/cutlass/gemm/kernel/default_symm_complex.h -> build/lib/fmha_sm100/cutlass/include/cutlass/gemm/kernel
copying python/fmha_sm100/cutlass/include/cutlass/gemm/kernel/default_symm_universal.h -> build/lib/fmha_sm100/cutlass/include/cutlass/gemm/kernel
copying python/fmha_sm100/cutlass/include/cutlass/gemm/kernel/default_trmm.h -> build/lib/fmha_sm100/cutlass/include/cutlass/gemm/kernel
copying python/fmha_sm100/cutlass/include/cutlass/gemm/kernel/default_trmm_complex.h -> build/lib/fmha_sm100/cutlass/include/cutlass/gemm/kernel
copying python/fmha_sm100/cutlass/include/cutlass/gemm/kernel/default_trmm_universal.h -> build/lib/fmha_sm100/cutlass/include/cutlass/gemm/kernel
copying python/fmha_sm100/cutlass/include/cutlass/gemm/kernel/ell_gemm.h -> build/lib/fmha_sm100/cutlass/include/cutlass/gemm/kernel
copying python/fmha_sm100/cutlass/include/cutlass/gemm/kernel/gemm.h -> build/lib/fmha_sm100/cutlass/include/cutlass/gemm/kernel
copying python/fmha_sm100/cutlass/include/cutlass/gemm/kernel/gemm_array.h -> build/lib/fmha_sm100/cutlass/include/cutlass/gemm/kernel
copying python/fmha_sm100/cutlass/include/cutlass/gemm/kernel/gemm_batched.h -> build/lib/fmha_sm100/cutlass/include/cutlass/gemm/kernel
copying python/fmha_sm100/cutlass/include/cutlass/gemm/kernel/gemm_blockwise.h -> build/lib/fmha_sm100/cutlass/include/cutlass/gemm/kernel
copying python/fmha_sm100/cutlass/include/cutlass/gemm/kernel/gemm_grouped.h -> build/lib/fmha_sm100/cutlass/include/cutlass/gemm/kernel
copying python/fmha_sm100/cutlass/include/cutlass/gemm/kernel/gemm_grouped_per_group_scale.h -> build/lib/fmha_sm100/cutlass/include/cutlass/gemm/kernel
copying python/fmha_sm100/cutlass/include/cutlass/gemm/kernel/gemm_grouped_problem_visitor.h -> build/lib/fmha_sm100/cutlass/include/cutlass/gemm/kernel
copying python/fmha_sm100/cutlass/include/cutlass/gemm/kernel/gemm_grouped_softmax_mainloop_fusion.h -> build/lib/fmha_sm100/cutlass/include/cutlass/gemm/kernel
copying python/fmha_sm100/cutlass/include/cutlass/gemm/kernel/gemm_layernorm_mainloop_fusion.h -> build/lib/fmha_sm100/cutlass/include/cutlass/gemm/kernel
copying python/fmha_sm100/cutlass/include/cutlass/gemm/kernel/gemm_params.h -> build/lib/fmha_sm100/cutlass/include/cutlass/gemm/kernel
copying python/fmha_sm100/cutlass/include/cutlass/gemm/kernel/gemm_pipelined.h -> build/lib/fmha_sm100/cutlass/include/cutlass/gemm/kernel
copying python/fmha_sm100/cutlass/include/cutlass/gemm/kernel/gemm_planar_complex.h -> build/lib/fmha_sm100/cutlass/include/cutlass/gemm/kernel
copying python/fmha_sm100/cutlass/include/cutlass/gemm/kernel/gemm_planar_complex_array.h -> build/lib/fmha_sm100/cutlass/include/cutlass/gemm/kernel
copying python/fmha_sm100/cutlass/include/cutlass/gemm/kernel/gemm_sparse_universal.h -> build/lib/fmha_sm100/cutlass/include/cutlass/gemm/kernel
copying python/fmha_sm100/cutlass/include/cutlass/gemm/kernel/gemm_sparse_universal_with_absmax.h -> build/lib/fmha_sm100/cutlass/include/cutlass/gemm/kernel
copying python/fmha_sm100/cutlass/include/cutlass/gemm/kernel/gemm_splitk_parallel.h -> build/lib/fmha_sm100/cutlass/include/cutlass/gemm/kernel
copying python/fmha_sm100/cutlass/include/cutlass/gemm/kernel/gemm_streamk_with_fused_epilogue.h -> build/lib/fmha_sm100/cutlass/include/cutlass/gemm/kernel
copying python/fmha_sm100/cutlass/include/cutlass/gemm/kernel/gemm_transpose_operands.h -> build/lib/fmha_sm100/cutlass/include/cutlass/gemm/kernel
copying python/fmha_sm100/cutlass/include/cutlass/gemm/kernel/gemm_universal.h -> build/lib/fmha_sm100/cutlass/include/cutlass/gemm/kernel
copying python/fmha_sm100/cutlass/include/cutlass/gemm/kernel/gemm_universal.hpp -> build/lib/fmha_sm100/cutlass/include/cutlass/gemm/kernel
copying python/fmha_sm100/cutlass/include/cutlass/gemm/kernel/gemm_universal_blockwise.h -> build/lib/fmha_sm100/cutlass/include/cutlass/gemm/kernel
copying python/fmha_sm100/cutlass/include/cutlass/gemm/kernel/gemm_universal_decl.h -> build/lib/fmha_sm100/cutlass/include/cutlass/gemm/kernel
copying python/fmha_sm100/cutlass/include/cutlass/gemm/kernel/gemm_universal_streamk.h -> build/lib/fmha_sm100/cutlass/include/cutlass/gemm/kernel
copying python/fmha_sm100/cutlass/include/cutlass/gemm/kernel/gemm_universal_with_visitor.h -> build/lib/fmha_sm100/cutlass/include/cutlass/gemm/kernel
copying python/fmha_sm100/cutlass/include/cutlass/gemm/kernel/gemm_universal_with_visitor_streamk.h -> build/lib/fmha_sm100/cutlass/include/cutlass/gemm/kernel
copying python/fmha_sm100/cutlass/include/cutlass/gemm/kernel/gemm_with_absmax.h -> build/lib/fmha_sm100/cutlass/include/cutlass/gemm/kernel
copying python/fmha_sm100/cutlass/include/cutlass/gemm/kernel/gemm_with_fused_epilogue.h -> build/lib/fmha_sm100/cutlass/include/cutlass/gemm/kernel
copying python/fmha_sm100/cutlass/include/cutlass/gemm/kernel/gemm_with_k_reduction.h -> build/lib/fmha_sm100/cutlass/include/cutlass/gemm/kernel
copying python/fmha_sm100/cutlass/include/cutlass/gemm/kernel/gemv.h -> build/lib/fmha_sm100/cutlass/include/cutlass/gemm/kernel
copying python/fmha_sm100/cutlass/include/cutlass/gemm/kernel/gemv_batched_strided.h -> build/lib/fmha_sm100/cutlass/include/cutlass/gemm/kernel
copying python/fmha_sm100/cutlass/include/cutlass/gemm/kernel/gemv_blockscaled.h -> build/lib/fmha_sm100/cutlass/include/cutlass/gemm/kernel
copying python/fmha_sm100/cutlass/include/cutlass/gemm/kernel/grouped_problem_visitor.h -> build/lib/fmha_sm100/cutlass/include/cutlass/gemm/kernel
copying python/fmha_sm100/cutlass/include/cutlass/gemm/kernel/params_sparse_base.h -> build/lib/fmha_sm100/cutlass/include/cutlass/gemm/kernel
copying python/fmha_sm100/cutlass/include/cutlass/gemm/kernel/params_universal_base.h -> build/lib/fmha_sm100/cutlass/include/cutlass/gemm/kernel
copying python/fmha_sm100/cutlass/include/cutlass/gemm/kernel/rank_2k_grouped.h -> build/lib/fmha_sm100/cutlass/include/cutlass/gemm/kernel
copying python/fmha_sm100/cutlass/include/cutlass/gemm/kernel/rank_2k_grouped_problem_visitor.h -> build/lib/fmha_sm100/cutlass/include/cutlass/gemm/kernel
copying python/fmha_sm100/cutlass/include/cutlass/gemm/kernel/rank_2k_transpose_operands.h -> build/lib/fmha_sm100/cutlass/include/cutlass/gemm/kernel
copying python/fmha_sm100/cutlass/include/cutlass/gemm/kernel/rank_2k_universal.h -> build/lib/fmha_sm100/cutlass/include/cutlass/gemm/kernel
copying python/fmha_sm100/cutlass/include/cutlass/gemm/kernel/rank_k_universal.h -> build/lib/fmha_sm100/cutlass/include/cutlass/gemm/kernel
copying python/fmha_sm100/cutlass/include/cutlass/gemm/kernel/sm100_gemm_array_tma_warpspecialized.hpp -> build/lib/fmha_sm100/cutlass/include/cutlass/gemm/kernel
copying python/fmha_sm100/cutlass/include/cutlass/gemm/kernel/sm100_gemm_array_tma_warpspecialized_input_transform.hpp -> build/lib/fmha_sm100/cutlass/include/cutlass/gemm/kernel
copying python/fmha_sm100/cutlass/include/cutlass/gemm/kernel/sm100_gemm_array_tma_warpspecialized_mma_transform.hpp -> build/lib/fmha_sm100/cutlass/include/cutlass/gemm/kernel
copying python/fmha_sm100/cutlass/include/cutlass/gemm/kernel/sm100_gemm_cpasync_warpspecialized.hpp -> build/lib/fmha_sm100/cutlass/include/cutlass/gemm/kernel
copying python/fmha_sm100/cutlass/include/cutlass/gemm/kernel/sm100_gemm_mixed_tma_cpasync_warpspecialized.hpp -> build/lib/fmha_sm100/cutlass/include/cutlass/gemm/kernel
copying python/fmha_sm100/cutlass/include/cutlass/gemm/kernel/sm100_gemm_tma_warpspecialized.hpp -> build/lib/fmha_sm100/cutlass/include/cutlass/gemm/kernel
copying python/fmha_sm100/cutlass/include/cutlass/gemm/kernel/sm100_gemm_tma_warpspecialized_input_transform.hpp -> build/lib/fmha_sm100/cutlass/include/cutlass/gemm/kernel
copying python/fmha_sm100/cutlass/include/cutlass/gemm/kernel/sm100_gemm_tma_warpspecialized_mixed_input_transform.hpp -> build/lib/fmha_sm100/cutlass/include/cutlass/gemm/kernel
copying python/fmha_sm100/cutlass/include/cutlass/gemm/kernel/sm100_gemm_tma_warpspecialized_mma_transform.hpp -> build/lib/fmha_sm100/cutlass/include/cutlass/gemm/kernel
copying python/fmha_sm100/cutlass/include/cutlass/gemm/kernel/sm100_sparse_gemm_tma_warpspecialized.hpp -> build/lib/fmha_sm100/cutlass/include/cutlass/gemm/kernel
copying python/fmha_sm100/cutlass/include/cutlass/gemm/kernel/sm100_static_tile_scheduler.hpp -> build/lib/fmha_sm100/cutlass/include/cutlass/gemm/kernel
copying python/fmha_sm100/cutlass/include/cutlass/gemm/kernel/sm100_tile_scheduler.hpp -> build/lib/fmha_sm100/cutlass/include/cutlass/gemm/kernel
copying python/fmha_sm100/cutlass/include/cutlass/gemm/kernel/sm100_tile_scheduler_group.hpp -> build/lib/fmha_sm100/cutlass/include/cutlass/gemm/kernel
copying python/fmha_sm100/cutlass/include/cutlass/gemm/kernel/sm100_tile_scheduler_stream_k.hpp -> build/lib/fmha_sm100/cutlass/include/cutlass/gemm/kernel
copying python/fmha_sm100/cutlass/include/cutlass/gemm/kernel/sm103_blockscaled_gemm_array_tma_warpspecialized.hpp -> build/lib/fmha_sm100/cutlass/include/cutlass/gemm/kernel
copying python/fmha_sm100/cutlass/include/cutlass/gemm/kernel/sm103_blockscaled_gemm_tma_warpspecialized.hpp -> build/lib/fmha_sm100/cutlass/include/cutlass/gemm/kernel
copying python/fmha_sm100/cutlass/include/cutlass/gemm/kernel/sm107_gemm_tma_warpspecialized.hpp -> build/lib/fmha_sm100/cutlass/include/cutlass/gemm/kernel
copying python/fmha_sm100/cutlass/include/cutlass/gemm/kernel/sm120_gemm_tma_warpspecialized_cooperative_asymmetric_dma.hpp -> build/lib/fmha_sm100/cutlass/include/cutlass/gemm/kernel
copying python/fmha_sm100/cutlass/include/cutlass/gemm/kernel/sm70_gemm.hpp -> build/lib/fmha_sm100/cutlass/include/cutlass/gemm/kernel
copying python/fmha_sm100/cutlass/include/cutlass/gemm/kernel/sm70_gemm_array.hpp -> build/lib/fmha_sm100/cutlass/include/cutlass/gemm/kernel
copying python/fmha_sm100/cutlass/include/cutlass/gemm/kernel/sm90_gemm_array_tma_warpspecialized_cooperative.hpp -> build/lib/fmha_sm100/cutlass/include/cutlass/gemm/kernel
copying python/fmha_sm100/cutlass/include/cutlass/gemm/kernel/sm90_gemm_array_tma_warpspecialized_pingpong.hpp -> build/lib/fmha_sm100/cutlass/include/cutlass/gemm/kernel
copying python/fmha_sm100/cutlass/include/cutlass/gemm/kernel/sm90_gemm_tma.hpp -> build/lib/fmha_sm100/cutlass/include/cutlass/gemm/kernel
copying python/fmha_sm100/cutlass/include/cutlass/gemm/kernel/sm90_gemm_tma_warpspecialized.hpp -> build/lib/fmha_sm100/cutlass/include/cutlass/gemm/kernel
copying python/fmha_sm100/cutlass/include/cutlass/gemm/kernel/sm90_gemm_tma_warpspecialized_cooperative.hpp -> build/lib/fmha_sm100/cutlass/include/cutlass/gemm/kernel
copying python/fmha_sm100/cutlass/include/cutlass/gemm/kernel/sm90_gemm_tma_warpspecialized_pingpong.hpp -> build/lib/fmha_sm100/cutlass/include/cutlass/gemm/kernel
copying python/fmha_sm100/cutlass/include/cutlass/gemm/kernel/sm90_gemm_warpspecialized.hpp -> build/lib/fmha_sm100/cutlass/include/cutlass/gemm/kernel
copying python/fmha_sm100/cutlass/include/cutlass/gemm/kernel/sm90_gemm_warpspecialized_cooperative.hpp -> build/lib/fmha_sm100/cutlass/include/cutlass/gemm/kernel
copying python/fmha_sm100/cutlass/include/cutlass/gemm/kernel/sm90_gemm_warpspecialized_pingpong.hpp -> build/lib/fmha_sm100/cutlass/include/cutlass/gemm/kernel
copying python/fmha_sm100/cutlass/include/cutlass/gemm/kernel/sm90_tile_scheduler.hpp -> build/lib/fmha_sm100/cutlass/include/cutlass/gemm/kernel
copying python/fmha_sm100/cutlass/include/cutlass/gemm/kernel/sm90_tile_scheduler_group.hpp -> build/lib/fmha_sm100/cutlass/include/cutlass/gemm/kernel
copying python/fmha_sm100/cutlass/include/cutlass/gemm/kernel/sm90_tile_scheduler_stream_k.hpp -> build/lib/fmha_sm100/cutlass/include/cutlass/gemm/kernel
copying python/fmha_sm100/cutlass/include/cutlass/gemm/kernel/sparse_gemm.h -> build/lib/fmha_sm100/cutlass/include/cutlass/gemm/kernel
copying python/fmha_sm100/cutlass/include/cutlass/gemm/kernel/sparse_gemm_with_absmax.h -> build/lib/fmha_sm100/cutlass/include/cutlass/gemm/kernel
copying python/fmha_sm100/cutlass/include/cutlass/gemm/kernel/sparse_gemm_with_visitor.h -> build/lib/fmha_sm100/cutlass/include/cutlass/gemm/kernel
copying python/fmha_sm100/cutlass/include/cutlass/gemm/kernel/static_tile_scheduler.hpp -> build/lib/fmha_sm100/cutlass/include/cutlass/gemm/kernel
copying python/fmha_sm100/cutlass/include/cutlass/gemm/kernel/symm_universal.h -> build/lib/fmha_sm100/cutlass/include/cutlass/gemm/kernel
copying python/fmha_sm100/cutlass/include/cutlass/gemm/kernel/tile_scheduler.hpp -> build/lib/fmha_sm100/cutlass/include/cutlass/gemm/kernel
copying python/fmha_sm100/cutlass/include/cutlass/gemm/kernel/tile_scheduler_detail.hpp -> build/lib/fmha_sm100/cutlass/include/cutlass/gemm/kernel
copying python/fmha_sm100/cutlass/include/cutlass/gemm/kernel/tile_scheduler_params.h -> build/lib/fmha_sm100/cutlass/include/cutlass/gemm/kernel
copying python/fmha_sm100/cutlass/include/cutlass/gemm/kernel/trmm_universal.h -> build/lib/fmha_sm100/cutlass/include/cutlass/gemm/kernel
creating build/lib/fmha_sm100/cutlass/include/cutlass/gemm/thread
copying python/fmha_sm100/cutlass/include/cutlass/gemm/thread/mma.h -> build/lib/fmha_sm100/cutlass/include/cutlass/gemm/thread
copying python/fmha_sm100/cutlass/include/cutlass/gemm/thread/mma_sm50.h -> build/lib/fmha_sm100/cutlass/include/cutlass/gemm/thread
copying python/fmha_sm100/cutlass/include/cutlass/gemm/thread/mma_sm60.h -> build/lib/fmha_sm100/cutlass/include/cutlass/gemm/thread
copying python/fmha_sm100/cutlass/include/cutlass/gemm/thread/mma_sm61.h -> build/lib/fmha_sm100/cutlass/include/cutlass/gemm/thread
creating build/lib/fmha_sm100/cutlass/include/cutlass/gemm/threadblock
copying python/fmha_sm100/cutlass/include/cutlass/gemm/threadblock/default_ell_mma.h -> build/lib/fmha_sm100/cutlass/include/cutlass/gemm/threadblock
copying python/fmha_sm100/cutlass/include/cutlass/gemm/threadblock/default_gemv_core.h -> build/lib/fmha_sm100/cutlass/include/cutlass/gemm/threadblock
copying python/fmha_sm100/cutlass/include/cutlass/gemm/threadblock/default_mma.h -> build/lib/fmha_sm100/cutlass/include/cutlass/gemm/threadblock
copying python/fmha_sm100/cutlass/include/cutlass/gemm/threadblock/default_mma_core.h -> build/lib/fmha_sm100/cutlass/include/cutlass/gemm/threadblock
copying python/fmha_sm100/cutlass/include/cutlass/gemm/threadblock/default_mma_core_simt.h -> build/lib/fmha_sm100/cutlass/include/cutlass/gemm/threadblock
copying python/fmha_sm100/cutlass/include/cutlass/gemm/threadblock/default_mma_core_sm70.h -> build/lib/fmha_sm100/cutlass/include/cutlass/gemm/threadblock
copying python/fmha_sm100/cutlass/include/cutlass/gemm/threadblock/default_mma_core_sm75.h -> build/lib/fmha_sm100/cutlass/include/cutlass/gemm/threadblock
copying python/fmha_sm100/cutlass/include/cutlass/gemm/threadblock/default_mma_core_sm80.h -> build/lib/fmha_sm100/cutlass/include/cutlass/gemm/threadblock
copying python/fmha_sm100/cutlass/include/cutlass/gemm/threadblock/default_mma_core_sparse_sm80.h -> build/lib/fmha_sm100/cutlass/include/cutlass/gemm/threadblock
copying python/fmha_sm100/cutlass/include/cutlass/gemm/threadblock/default_mma_core_with_access_size.h -> build/lib/fmha_sm100/cutlass/include/cutlass/gemm/threadblock
copying python/fmha_sm100/cutlass/include/cutlass/gemm/threadblock/default_mma_core_with_reduction.h -> build/lib/fmha_sm100/cutlass/include/cutlass/gemm/threadblock
copying python/fmha_sm100/cutlass/include/cutlass/gemm/threadblock/default_mma_core_wmma.h -> build/lib/fmha_sm100/cutlass/include/cutlass/gemm/threadblock
copying python/fmha_sm100/cutlass/include/cutlass/gemm/threadblock/default_mma_layernorm_mainloop_fusion.h -> build/lib/fmha_sm100/cutlass/include/cutlass/gemm/threadblock
copying python/fmha_sm100/cutlass/include/cutlass/gemm/threadblock/default_mma_multistage_blockwise.h -> build/lib/fmha_sm100/cutlass/include/cutlass/gemm/threadblock
copying python/fmha_sm100/cutlass/include/cutlass/gemm/threadblock/default_mma_planar_complex_multistage.h -> build/lib/fmha_sm100/cutlass/include/cutlass/gemm/threadblock
copying python/fmha_sm100/cutlass/include/cutlass/gemm/threadblock/default_mma_planar_complex_pipelined.h -> build/lib/fmha_sm100/cutlass/include/cutlass/gemm/threadblock
copying python/fmha_sm100/cutlass/include/cutlass/gemm/threadblock/default_mma_softmax_mainloop_fusion.h -> build/lib/fmha_sm100/cutlass/include/cutlass/gemm/threadblock
copying python/fmha_sm100/cutlass/include/cutlass/gemm/threadblock/default_mma_with_reduction.h -> build/lib/fmha_sm100/cutlass/include/cutlass/gemm/threadblock
copying python/fmha_sm100/cutlass/include/cutlass/gemm/threadblock/default_multistage_mma_complex.h -> build/lib/fmha_sm100/cutlass/include/cutlass/gemm/threadblock
copying python/fmha_sm100/cutlass/include/cutlass/gemm/threadblock/default_multistage_mma_complex_core.h -> build/lib/fmha_sm100/cutlass/include/cutlass/gemm/threadblock
copying python/fmha_sm100/cutlass/include/cutlass/gemm/threadblock/default_multistage_mma_complex_core_sm80.h -> build/lib/fmha_sm100/cutlass/include/cutlass/gemm/threadblock
copying python/fmha_sm100/cutlass/include/cutlass/gemm/threadblock/default_multistage_trmm_complex.h -> build/lib/fmha_sm100/cutlass/include/cutlass/gemm/threadblock
copying python/fmha_sm100/cutlass/include/cutlass/gemm/threadblock/default_sparse_mma.h -> build/lib/fmha_sm100/cutlass/include/cutlass/gemm/threadblock
copying python/fmha_sm100/cutlass/include/cutlass/gemm/threadblock/default_trmm.h -> build/lib/fmha_sm100/cutlass/include/cutlass/gemm/threadblock
copying python/fmha_sm100/cutlass/include/cutlass/gemm/threadblock/ell_mma_multistage.h -> build/lib/fmha_sm100/cutlass/include/cutlass/gemm/threadblock
copying python/fmha_sm100/cutlass/include/cutlass/gemm/threadblock/ell_mma_pipelined.h -> build/lib/fmha_sm100/cutlass/include/cutlass/gemm/threadblock
copying python/fmha_sm100/cutlass/include/cutlass/gemm/threadblock/gemv.h -> build/lib/fmha_sm100/cutlass/include/cutlass/gemm/threadblock
copying python/fmha_sm100/cutlass/include/cutlass/gemm/threadblock/index_remat.h -> build/lib/fmha_sm100/cutlass/include/cutlass/gemm/threadblock
copying python/fmha_sm100/cutlass/include/cutlass/gemm/threadblock/mma_base.h -> build/lib/fmha_sm100/cutlass/include/cutlass/gemm/threadblock
copying python/fmha_sm100/cutlass/include/cutlass/gemm/threadblock/mma_blas3_multistage.h -> build/lib/fmha_sm100/cutlass/include/cutlass/gemm/threadblock
copying python/fmha_sm100/cutlass/include/cutlass/gemm/threadblock/mma_layernorm_mainloop_fusion_multistage.h -> build/lib/fmha_sm100/cutlass/include/cutlass/gemm/threadblock
copying python/fmha_sm100/cutlass/include/cutlass/gemm/threadblock/mma_multistage.h -> build/lib/fmha_sm100/cutlass/include/cutlass/gemm/threadblock
copying python/fmha_sm100/cutlass/include/cutlass/gemm/threadblock/mma_multistage_blockwise.h -> build/lib/fmha_sm100/cutlass/include/cutlass/gemm/threadblock
copying python/fmha_sm100/cutlass/include/cutlass/gemm/threadblock/mma_pipelined.h -> build/lib/fmha_sm100/cutlass/include/cutlass/gemm/threadblock
copying python/fmha_sm100/cutlass/include/cutlass/gemm/threadblock/mma_planar_complex_base.h -> build/lib/fmha_sm100/cutlass/include/cutlass/gemm/threadblock
copying python/fmha_sm100/cutlass/include/cutlass/gemm/threadblock/mma_planar_complex_multistage.h -> build/lib/fmha_sm100/cutlass/include/cutlass/gemm/threadblock
copying python/fmha_sm100/cutlass/include/cutlass/gemm/threadblock/mma_planar_complex_pipelined.h -> build/lib/fmha_sm100/cutlass/include/cutlass/gemm/threadblock
copying python/fmha_sm100/cutlass/include/cutlass/gemm/threadblock/mma_singlestage.h -> build/lib/fmha_sm100/cutlass/include/cutlass/gemm/threadblock
copying python/fmha_sm100/cutlass/include/cutlass/gemm/threadblock/mma_softmax_mainloop_fusion_multistage.h -> build/lib/fmha_sm100/cutlass/include/cutlass/gemm/threadblock
copying python/fmha_sm100/cutlass/include/cutlass/gemm/threadblock/mma_sparse_base.h -> build/lib/fmha_sm100/cutlass/include/cutlass/gemm/threadblock
copying python/fmha_sm100/cutlass/include/cutlass/gemm/threadblock/mma_sparse_multistage.h -> build/lib/fmha_sm100/cutlass/include/cutlass/gemm/threadblock
copying python/fmha_sm100/cutlass/include/cutlass/gemm/threadblock/mma_with_reduction_multistage.h -> build/lib/fmha_sm100/cutlass/include/cutlass/gemm/threadblock
copying python/fmha_sm100/cutlass/include/cutlass/gemm/threadblock/threadblock_swizzle.h -> build/lib/fmha_sm100/cutlass/include/cutlass/gemm/threadblock
copying python/fmha_sm100/cutlass/include/cutlass/gemm/threadblock/threadblock_swizzle_streamk.h -> build/lib/fmha_sm100/cutlass/include/cutlass/gemm/threadblock
creating build/lib/fmha_sm100/cutlass/include/cutlass/gemm/warp
copying python/fmha_sm100/cutlass/include/cutlass/gemm/warp/default_mma_complex_tensor_op.h -> build/lib/fmha_sm100/cutlass/include/cutlass/gemm/warp
copying python/fmha_sm100/cutlass/include/cutlass/gemm/warp/default_mma_sparse_tensor_op.h -> build/lib/fmha_sm100/cutlass/include/cutlass/gemm/warp
copying python/fmha_sm100/cutlass/include/cutlass/gemm/warp/default_mma_tensor_op.h -> build/lib/fmha_sm100/cutlass/include/cutlass/gemm/warp
copying python/fmha_sm100/cutlass/include/cutlass/gemm/warp/default_mma_tensor_op_sm80.h -> build/lib/fmha_sm100/cutlass/include/cutlass/gemm/warp
copying python/fmha_sm100/cutlass/include/cutlass/gemm/warp/default_mma_with_reduction_tensor_op.h -> build/lib/fmha_sm100/cutlass/include/cutlass/gemm/warp
copying python/fmha_sm100/cutlass/include/cutlass/gemm/warp/default_mma_wmma_tensor_op.h -> build/lib/fmha_sm100/cutlass/include/cutlass/gemm/warp
copying python/fmha_sm100/cutlass/include/cutlass/gemm/warp/layernorm_scale_bias_transform.h -> build/lib/fmha_sm100/cutlass/include/cutlass/gemm/warp
copying python/fmha_sm100/cutlass/include/cutlass/gemm/warp/mma.h -> build/lib/fmha_sm100/cutlass/include/cutlass/gemm/warp
copying python/fmha_sm100/cutlass/include/cutlass/gemm/warp/mma_complex_tensor_op.h -> build/lib/fmha_sm100/cutlass/include/cutlass/gemm/warp
copying python/fmha_sm100/cutlass/include/cutlass/gemm/warp/mma_complex_tensor_op_fast_f32.h -> build/lib/fmha_sm100/cutlass/include/cutlass/gemm/warp
copying python/fmha_sm100/cutlass/include/cutlass/gemm/warp/mma_complex_tensor_op_tile_iterator_sm80.h -> build/lib/fmha_sm100/cutlass/include/cutlass/gemm/warp
copying python/fmha_sm100/cutlass/include/cutlass/gemm/warp/mma_gaussian_complex_tensor_op.h -> build/lib/fmha_sm100/cutlass/include/cutlass/gemm/warp
copying python/fmha_sm100/cutlass/include/cutlass/gemm/warp/mma_gaussian_complex_tensor_op_tile_iterator_sm80.h -> build/lib/fmha_sm100/cutlass/include/cutlass/gemm/warp
copying python/fmha_sm100/cutlass/include/cutlass/gemm/warp/mma_mixed_input_tensor_op.h -> build/lib/fmha_sm100/cutlass/include/cutlass/gemm/warp
copying python/fmha_sm100/cutlass/include/cutlass/gemm/warp/mma_planar_complex.h -> build/lib/fmha_sm100/cutlass/include/cutlass/gemm/warp
copying python/fmha_sm100/cutlass/include/cutlass/gemm/warp/mma_simt.h -> build/lib/fmha_sm100/cutlass/include/cutlass/gemm/warp
copying python/fmha_sm100/cutlass/include/cutlass/gemm/warp/mma_simt_policy.h -> build/lib/fmha_sm100/cutlass/include/cutlass/gemm/warp
copying python/fmha_sm100/cutlass/include/cutlass/gemm/warp/mma_simt_tile_iterator.h -> build/lib/fmha_sm100/cutlass/include/cutlass/gemm/warp
copying python/fmha_sm100/cutlass/include/cutlass/gemm/warp/mma_sparse_tensor_op.h -> build/lib/fmha_sm100/cutlass/include/cutlass/gemm/warp
copying python/fmha_sm100/cutlass/include/cutlass/gemm/warp/mma_tensor_op.h -> build/lib/fmha_sm100/cutlass/include/cutlass/gemm/warp
copying python/fmha_sm100/cutlass/include/cutlass/gemm/warp/mma_tensor_op_fast_f32.h -> build/lib/fmha_sm100/cutlass/include/cutlass/gemm/warp
copying python/fmha_sm100/cutlass/include/cutlass/gemm/warp/mma_tensor_op_fragment_iterator.h -> build/lib/fmha_sm100/cutlass/include/cutlass/gemm/warp
copying python/fmha_sm100/cutlass/include/cutlass/gemm/warp/mma_tensor_op_policy.h -> build/lib/fmha_sm100/cutlass/include/cutlass/gemm/warp
copying python/fmha_sm100/cutlass/include/cutlass/gemm/warp/mma_tensor_op_sm70.h -> build/lib/fmha_sm100/cutlass/include/cutlass/gemm/warp
copying python/fmha_sm100/cutlass/include/cutlass/gemm/warp/mma_tensor_op_tile_access_iterator.h -> build/lib/fmha_sm100/cutlass/include/cutlass/gemm/warp
copying python/fmha_sm100/cutlass/include/cutlass/gemm/warp/mma_tensor_op_tile_iterator.h -> build/lib/fmha_sm100/cutlass/include/cutlass/gemm/warp
copying python/fmha_sm100/cutlass/include/cutlass/gemm/warp/mma_tensor_op_tile_iterator_sm70.h -> build/lib/fmha_sm100/cutlass/include/cutlass/gemm/warp
copying python/fmha_sm100/cutlass/include/cutlass/gemm/warp/mma_tensor_op_tile_iterator_sm80.h -> build/lib/fmha_sm100/cutlass/include/cutlass/gemm/warp
copying python/fmha_sm100/cutlass/include/cutlass/gemm/warp/mma_tensor_op_tile_iterator_sparse.h -> build/lib/fmha_sm100/cutlass/include/cutlass/gemm/warp
copying python/fmha_sm100/cutlass/include/cutlass/gemm/warp/mma_tensor_op_tile_iterator_wmma.h -> build/lib/fmha_sm100/cutlass/include/cutlass/gemm/warp
copying python/fmha_sm100/cutlass/include/cutlass/gemm/warp/mma_tensor_op_wmma.h -> build/lib/fmha_sm100/cutlass/include/cutlass/gemm/warp
copying python/fmha_sm100/cutlass/include/cutlass/gemm/warp/mma_with_reduction_tensor_op.h -> build/lib/fmha_sm100/cutlass/include/cutlass/gemm/warp
copying python/fmha_sm100/cutlass/include/cutlass/gemm/warp/scale_bias_tile_iterator.h -> build/lib/fmha_sm100/cutlass/include/cutlass/gemm/warp
copying python/fmha_sm100/cutlass/include/cutlass/gemm/warp/softmax_scale_bias_transform.h -> build/lib/fmha_sm100/cutlass/include/cutlass/gemm/warp
copying python/fmha_sm100/cutlass/include/cutlass/gemm/warp/tile_iterator_planar_complex.h -> build/lib/fmha_sm100/cutlass/include/cutlass/gemm/warp
creating build/lib/fmha_sm100/cutlass/include/cutlass/layout
copying python/fmha_sm100/cutlass/include/cutlass/layout/layout.h -> build/lib/fmha_sm100/cutlass/include/cutlass/layout
copying python/fmha_sm100/cutlass/include/cutlass/layout/matrix.h -> build/lib/fmha_sm100/cutlass/include/cutlass/layout
copying python/fmha_sm100/cutlass/include/cutlass/layout/permute.h -> build/lib/fmha_sm100/cutlass/include/cutlass/layout
copying python/fmha_sm100/cutlass/include/cutlass/layout/pitch_linear.h -> build/lib/fmha_sm100/cutlass/include/cutlass/layout
copying python/fmha_sm100/cutlass/include/cutlass/layout/tensor.h -> build/lib/fmha_sm100/cutlass/include/cutlass/layout
copying python/fmha_sm100/cutlass/include/cutlass/layout/tensor_op_multiplicand_sm70.h -> build/lib/fmha_sm100/cutlass/include/cutlass/layout
copying python/fmha_sm100/cutlass/include/cutlass/layout/tensor_op_multiplicand_sm75.h -> build/lib/fmha_sm100/cutlass/include/cutlass/layout
copying python/fmha_sm100/cutlass/include/cutlass/layout/tensor_op_multiplicand_sm80.h -> build/lib/fmha_sm100/cutlass/include/cutlass/layout
copying python/fmha_sm100/cutlass/include/cutlass/layout/vector.h -> build/lib/fmha_sm100/cutlass/include/cutlass/layout
creating build/lib/fmha_sm100/cutlass/include/cutlass/pipeline
copying python/fmha_sm100/cutlass/include/cutlass/pipeline/pipeline.hpp -> build/lib/fmha_sm100/cutlass/include/cutlass/pipeline
copying python/fmha_sm100/cutlass/include/cutlass/pipeline/sm100_pipeline.hpp -> build/lib/fmha_sm100/cutlass/include/cutlass/pipeline
copying python/fmha_sm100/cutlass/include/cutlass/pipeline/sm90_pipeline.hpp -> build/lib/fmha_sm100/cutlass/include/cutlass/pipeline
creating build/lib/fmha_sm100/cutlass/include/cutlass/platform
copying python/fmha_sm100/cutlass/include/cutlass/platform/platform.h -> build/lib/fmha_sm100/cutlass/include/cutlass/platform
creating build/lib/fmha_sm100/cutlass/include/cutlass/reduction
copying python/fmha_sm100/cutlass/include/cutlass/reduction/threadblock_swizzle.h -> build/lib/fmha_sm100/cutlass/include/cutlass/reduction
creating build/lib/fmha_sm100/cutlass/include/cutlass/reduction/device
copying python/fmha_sm100/cutlass/include/cutlass/reduction/device/reduce_split_k.h -> build/lib/fmha_sm100/cutlass/include/cutlass/reduction/device
copying python/fmha_sm100/cutlass/include/cutlass/reduction/device/tensor_reduce.h -> build/lib/fmha_sm100/cutlass/include/cutlass/reduction/device
copying python/fmha_sm100/cutlass/include/cutlass/reduction/device/tensor_reduce_affine_contiguous.h -> build/lib/fmha_sm100/cutlass/include/cutlass/reduction/device
copying python/fmha_sm100/cutlass/include/cutlass/reduction/device/tensor_reduce_affine_strided.h -> build/lib/fmha_sm100/cutlass/include/cutlass/reduction/device
creating build/lib/fmha_sm100/cutlass/include/cutlass/reduction/kernel
copying python/fmha_sm100/cutlass/include/cutlass/reduction/kernel/reduce_softmax_final.h -> build/lib/fmha_sm100/cutlass/include/cutlass/reduction/kernel
copying python/fmha_sm100/cutlass/include/cutlass/reduction/kernel/reduce_split_k.h -> build/lib/fmha_sm100/cutlass/include/cutlass/reduction/kernel
copying python/fmha_sm100/cutlass/include/cutlass/reduction/kernel/tensor_reduce_affine_contiguous.h -> build/lib/fmha_sm100/cutlass/include/cutlass/reduction/kernel
copying python/fmha_sm100/cutlass/include/cutlass/reduction/kernel/tensor_reduce_affine_strided.h -> build/lib/fmha_sm100/cutlass/include/cutlass/reduction/kernel
creating build/lib/fmha_sm100/cutlass/include/cutlass/reduction/thread
copying python/fmha_sm100/cutlass/include/cutlass/reduction/thread/reduce.h -> build/lib/fmha_sm100/cutlass/include/cutlass/reduction/thread
copying python/fmha_sm100/cutlass/include/cutlass/reduction/thread/reduction_operators.h -> build/lib/fmha_sm100/cutlass/include/cutlass/reduction/thread
creating build/lib/fmha_sm100/cutlass/include/cutlass/thread
copying python/fmha_sm100/cutlass/include/cutlass/thread/matrix.h -> build/lib/fmha_sm100/cutlass/include/cutlass/thread
creating build/lib/fmha_sm100/cutlass/include/cutlass/transform
copying python/fmha_sm100/cutlass/include/cutlass/transform/pitch_linear_thread_map.h -> build/lib/fmha_sm100/cutlass/include/cutlass/transform
creating build/lib/fmha_sm100/cutlass/include/cutlass/transform/collective
copying python/fmha_sm100/cutlass/include/cutlass/transform/collective/sm90_wgmma_transpose.hpp -> build/lib/fmha_sm100/cutlass/include/cutlass/transform/collective
creating build/lib/fmha_sm100/cutlass/include/cutlass/transform/device
copying python/fmha_sm100/cutlass/include/cutlass/transform/device/transform_universal_adapter.hpp -> build/lib/fmha_sm100/cutlass/include/cutlass/transform/device
creating build/lib/fmha_sm100/cutlass/include/cutlass/transform/kernel
copying python/fmha_sm100/cutlass/include/cutlass/transform/kernel/filter_format_transformer.hpp -> build/lib/fmha_sm100/cutlass/include/cutlass/transform/kernel
copying python/fmha_sm100/cutlass/include/cutlass/transform/kernel/sm90_sparse_gemm_compressor.hpp -> build/lib/fmha_sm100/cutlass/include/cutlass/transform/kernel
copying python/fmha_sm100/cutlass/include/cutlass/transform/kernel/sparse_gemm_compressor.hpp -> build/lib/fmha_sm100/cutlass/include/cutlass/transform/kernel
creating build/lib/fmha_sm100/cutlass/include/cutlass/transform/thread
copying python/fmha_sm100/cutlass/include/cutlass/transform/thread/transpose.h -> build/lib/fmha_sm100/cutlass/include/cutlass/transform/thread
copying python/fmha_sm100/cutlass/include/cutlass/transform/thread/unary_op.h -> build/lib/fmha_sm100/cutlass/include/cutlass/transform/thread
creating build/lib/fmha_sm100/cutlass/include/cutlass/transform/threadblock
copying python/fmha_sm100/cutlass/include/cutlass/transform/threadblock/ell_iterator.h -> build/lib/fmha_sm100/cutlass/include/cutlass/transform/threadblock
copying python/fmha_sm100/cutlass/include/cutlass/transform/threadblock/ell_predicated_tile_access_iterator.h -> build/lib/fmha_sm100/cutlass/include/cutlass/transform/threadblock
copying python/fmha_sm100/cutlass/include/cutlass/transform/threadblock/ell_predicated_tile_iterator.h -> build/lib/fmha_sm100/cutlass/include/cutlass/transform/threadblock
copying python/fmha_sm100/cutlass/include/cutlass/transform/threadblock/predicated_scale_bias_vector_access_iterator.h -> build/lib/fmha_sm100/cutlass/include/cutlass/transform/threadblock
copying python/fmha_sm100/cutlass/include/cutlass/transform/threadblock/predicated_scale_bias_vector_iterator.h -> build/lib/fmha_sm100/cutlass/include/cutlass/transform/threadblock
copying python/fmha_sm100/cutlass/include/cutlass/transform/threadblock/predicated_tile_access_iterator.h -> build/lib/fmha_sm100/cutlass/include/cutlass/transform/threadblock
copying python/fmha_sm100/cutlass/include/cutlass/transform/threadblock/predicated_tile_access_iterator_2dthreadtile.h -> build/lib/fmha_sm100/cutlass/include/cutlass/transform/threadblock
copying python/fmha_sm100/cutlass/include/cutlass/transform/threadblock/predicated_tile_access_iterator_params.h -> build/lib/fmha_sm100/cutlass/include/cutlass/transform/threadblock
copying python/fmha_sm100/cutlass/include/cutlass/transform/threadblock/predicated_tile_access_iterator_triangular_matrix.h -> build/lib/fmha_sm100/cutlass/include/cutlass/transform/threadblock
copying python/fmha_sm100/cutlass/include/cutlass/transform/threadblock/predicated_tile_iterator.h -> build/lib/fmha_sm100/cutlass/include/cutlass/transform/threadblock
copying python/fmha_sm100/cutlass/include/cutlass/transform/threadblock/predicated_tile_iterator_2dthreadtile.h -> build/lib/fmha_sm100/cutlass/include/cutlass/transform/threadblock
copying python/fmha_sm100/cutlass/include/cutlass/transform/threadblock/predicated_tile_iterator_triangular_matrix.h -> build/lib/fmha_sm100/cutlass/include/cutlass/transform/threadblock
copying python/fmha_sm100/cutlass/include/cutlass/transform/threadblock/predicated_vector_access_iterator.h -> build/lib/fmha_sm100/cutlass/include/cutlass/transform/threadblock
copying python/fmha_sm100/cutlass/include/cutlass/transform/threadblock/regular_scale_bias_vector_access_iterator.h -> build/lib/fmha_sm100/cutlass/include/cutlass/transform/threadblock
copying python/fmha_sm100/cutlass/include/cutlass/transform/threadblock/regular_tile_access_iterator.h -> build/lib/fmha_sm100/cutlass/include/cutlass/transform/threadblock
copying python/fmha_sm100/cutlass/include/cutlass/transform/threadblock/regular_tile_access_iterator_pitch_linear.h -> build/lib/fmha_sm100/cutlass/include/cutlass/transform/threadblock
copying python/fmha_sm100/cutlass/include/cutlass/transform/threadblock/regular_tile_access_iterator_pitch_linear_direct_conv.h -> build/lib/fmha_sm100/cutlass/include/cutlass/transform/threadblock
copying python/fmha_sm100/cutlass/include/cutlass/transform/threadblock/regular_tile_access_iterator_tensor_op.h -> build/lib/fmha_sm100/cutlass/include/cutlass/transform/threadblock
copying python/fmha_sm100/cutlass/include/cutlass/transform/threadblock/regular_tile_access_iterator_tensor_op_sm80.h -> build/lib/fmha_sm100/cutlass/include/cutlass/transform/threadblock
copying python/fmha_sm100/cutlass/include/cutlass/transform/threadblock/regular_tile_iterator.h -> build/lib/fmha_sm100/cutlass/include/cutlass/transform/threadblock
copying python/fmha_sm100/cutlass/include/cutlass/transform/threadblock/regular_tile_iterator_pitch_linear.h -> build/lib/fmha_sm100/cutlass/include/cutlass/transform/threadblock
copying python/fmha_sm100/cutlass/include/cutlass/transform/threadblock/regular_tile_iterator_pitch_linear_2dthreadtile.h -> build/lib/fmha_sm100/cutlass/include/cutlass/transform/threadblock
copying python/fmha_sm100/cutlass/include/cutlass/transform/threadblock/regular_tile_iterator_tensor_op.h -> build/lib/fmha_sm100/cutlass/include/cutlass/transform/threadblock
copying python/fmha_sm100/cutlass/include/cutlass/transform/threadblock/regular_tile_iterator_tensor_op_sm70.h -> build/lib/fmha_sm100/cutlass/include/cutlass/transform/threadblock
copying python/fmha_sm100/cutlass/include/cutlass/transform/threadblock/vector_iterator.h -> build/lib/fmha_sm100/cutlass/include/cutlass/transform/threadblock
creating build/lib/fmha_sm100/cutlass/include/cutlass/transform/warp
copying python/fmha_sm100/cutlass/include/cutlass/transform/warp/vector_fragment_iterator.h -> build/lib/fmha_sm100/cutlass/include/cutlass/transform/warp
creating build/lib/fmha_sm100/cutlass/tools/util/include/cutlass/util
copying python/fmha_sm100/cutlass/tools/util/include/cutlass/util/GPU_Clock.hpp -> build/lib/fmha_sm100/cutlass/tools/util/include/cutlass/util
copying python/fmha_sm100/cutlass/tools/util/include/cutlass/util/command_line.h -> build/lib/fmha_sm100/cutlass/tools/util/include/cutlass/util
copying python/fmha_sm100/cutlass/tools/util/include/cutlass/util/cublas_wrappers.hpp -> build/lib/fmha_sm100/cutlass/tools/util/include/cutlass/util
copying python/fmha_sm100/cutlass/tools/util/include/cutlass/util/debug.h -> build/lib/fmha_sm100/cutlass/tools/util/include/cutlass/util
copying python/fmha_sm100/cutlass/tools/util/include/cutlass/util/device_dump.h -> build/lib/fmha_sm100/cutlass/tools/util/include/cutlass/util
copying python/fmha_sm100/cutlass/tools/util/include/cutlass/util/device_groupnorm.h -> build/lib/fmha_sm100/cutlass/tools/util/include/cutlass/util
copying python/fmha_sm100/cutlass/tools/util/include/cutlass/util/device_layernorm.h -> build/lib/fmha_sm100/cutlass/tools/util/include/cutlass/util
copying python/fmha_sm100/cutlass/tools/util/include/cutlass/util/device_memory.h -> build/lib/fmha_sm100/cutlass/tools/util/include/cutlass/util
copying python/fmha_sm100/cutlass/tools/util/include/cutlass/util/device_nchw_to_nhwc.h -> build/lib/fmha_sm100/cutlass/tools/util/include/cutlass/util
copying python/fmha_sm100/cutlass/tools/util/include/cutlass/util/device_nhwc_padding.h -> build/lib/fmha_sm100/cutlass/tools/util/include/cutlass/util
copying python/fmha_sm100/cutlass/tools/util/include/cutlass/util/device_nhwc_pooling.h -> build/lib/fmha_sm100/cutlass/tools/util/include/cutlass/util
copying python/fmha_sm100/cutlass/tools/util/include/cutlass/util/device_nhwc_to_nchw.h -> build/lib/fmha_sm100/cutlass/tools/util/include/cutlass/util
copying python/fmha_sm100/cutlass/tools/util/include/cutlass/util/device_rmsnorm.h -> build/lib/fmha_sm100/cutlass/tools/util/include/cutlass/util
copying python/fmha_sm100/cutlass/tools/util/include/cutlass/util/device_utils.h -> build/lib/fmha_sm100/cutlass/tools/util/include/cutlass/util
copying python/fmha_sm100/cutlass/tools/util/include/cutlass/util/distribution.h -> build/lib/fmha_sm100/cutlass/tools/util/include/cutlass/util
copying python/fmha_sm100/cutlass/tools/util/include/cutlass/util/exceptions.h -> build/lib/fmha_sm100/cutlass/tools/util/include/cutlass/util
copying python/fmha_sm100/cutlass/tools/util/include/cutlass/util/gett_commandline.hpp -> build/lib/fmha_sm100/cutlass/tools/util/include/cutlass/util
copying python/fmha_sm100/cutlass/tools/util/include/cutlass/util/helper_cuda.hpp -> build/lib/fmha_sm100/cutlass/tools/util/include/cutlass/util
copying python/fmha_sm100/cutlass/tools/util/include/cutlass/util/host_reorder.h -> build/lib/fmha_sm100/cutlass/tools/util/include/cutlass/util
copying python/fmha_sm100/cutlass/tools/util/include/cutlass/util/host_tensor.h -> build/lib/fmha_sm100/cutlass/tools/util/include/cutlass/util
copying python/fmha_sm100/cutlass/tools/util/include/cutlass/util/host_tensor_planar_complex.h -> build/lib/fmha_sm100/cutlass/tools/util/include/cutlass/util
copying python/fmha_sm100/cutlass/tools/util/include/cutlass/util/host_uncompress.h -> build/lib/fmha_sm100/cutlass/tools/util/include/cutlass/util
copying python/fmha_sm100/cutlass/tools/util/include/cutlass/util/index_sequence.h -> build/lib/fmha_sm100/cutlass/tools/util/include/cutlass/util
copying python/fmha_sm100/cutlass/tools/util/include/cutlass/util/mixed_dtype_utils.hpp -> build/lib/fmha_sm100/cutlass/tools/util/include/cutlass/util
copying python/fmha_sm100/cutlass/tools/util/include/cutlass/util/packed_stride.hpp -> build/lib/fmha_sm100/cutlass/tools/util/include/cutlass/util
copying python/fmha_sm100/cutlass/tools/util/include/cutlass/util/print_error.hpp -> build/lib/fmha_sm100/cutlass/tools/util/include/cutlass/util
copying python/fmha_sm100/cutlass/tools/util/include/cutlass/util/tensor_view_io.h -> build/lib/fmha_sm100/cutlass/tools/util/include/cutlass/util
copying python/fmha_sm100/cutlass/tools/util/include/cutlass/util/type_traits.h -> build/lib/fmha_sm100/cutlass/tools/util/include/cutlass/util
creating build/lib/fmha_sm100/cutlass/tools/util/include/cutlass/util/reference/detail
copying python/fmha_sm100/cutlass/tools/util/include/cutlass/util/reference/detail/inner_product.h -> build/lib/fmha_sm100/cutlass/tools/util/include/cutlass/util/reference/detail
copying python/fmha_sm100/cutlass/tools/util/include/cutlass/util/reference/detail/linear_to_coordinate.h -> build/lib/fmha_sm100/cutlass/tools/util/include/cutlass/util/reference/detail
creating build/lib/fmha_sm100/cutlass/tools/util/include/cutlass/util/reference/device
copying python/fmha_sm100/cutlass/tools/util/include/cutlass/util/reference/device/convolution.h -> build/lib/fmha_sm100/cutlass/tools/util/include/cutlass/util/reference/device
copying python/fmha_sm100/cutlass/tools/util/include/cutlass/util/reference/device/gemm.h -> build/lib/fmha_sm100/cutlass/tools/util/include/cutlass/util/reference/device
copying python/fmha_sm100/cutlass/tools/util/include/cutlass/util/reference/device/gemm_complex.h -> build/lib/fmha_sm100/cutlass/tools/util/include/cutlass/util/reference/device
copying python/fmha_sm100/cutlass/tools/util/include/cutlass/util/reference/device/gemm_planar_complex.h -> build/lib/fmha_sm100/cutlass/tools/util/include/cutlass/util/reference/device
copying python/fmha_sm100/cutlass/tools/util/include/cutlass/util/reference/device/gett.hpp -> build/lib/fmha_sm100/cutlass/tools/util/include/cutlass/util/reference/device
copying python/fmha_sm100/cutlass/tools/util/include/cutlass/util/reference/device/rank_2k_complex.h -> build/lib/fmha_sm100/cutlass/tools/util/include/cutlass/util/reference/device
copying python/fmha_sm100/cutlass/tools/util/include/cutlass/util/reference/device/tensor_compare.h -> build/lib/fmha_sm100/cutlass/tools/util/include/cutlass/util/reference/device
copying python/fmha_sm100/cutlass/tools/util/include/cutlass/util/reference/device/tensor_fill.h -> build/lib/fmha_sm100/cutlass/tools/util/include/cutlass/util/reference/device
copying python/fmha_sm100/cutlass/tools/util/include/cutlass/util/reference/device/tensor_foreach.h -> build/lib/fmha_sm100/cutlass/tools/util/include/cutlass/util/reference/device
copying python/fmha_sm100/cutlass/tools/util/include/cutlass/util/reference/device/tensor_reduce.h -> build/lib/fmha_sm100/cutlass/tools/util/include/cutlass/util/reference/device
copying python/fmha_sm100/cutlass/tools/util/include/cutlass/util/reference/device/tensor_relu.h -> build/lib/fmha_sm100/cutlass/tools/util/include/cutlass/util/reference/device
creating build/lib/fmha_sm100/cutlass/tools/util/include/cutlass/util/reference/device/kernel
copying python/fmha_sm100/cutlass/tools/util/include/cutlass/util/reference/device/kernel/gemm.h -> build/lib/fmha_sm100/cutlass/tools/util/include/cutlass/util/reference/device/kernel
copying python/fmha_sm100/cutlass/tools/util/include/cutlass/util/reference/device/kernel/tensor_elementwise.h -> build/lib/fmha_sm100/cutlass/tools/util/include/cutlass/util/reference/device/kernel
copying python/fmha_sm100/cutlass/tools/util/include/cutlass/util/reference/device/kernel/tensor_foreach.h -> build/lib/fmha_sm100/cutlass/tools/util/include/cutlass/util/reference/device/kernel
creating build/lib/fmha_sm100/cutlass/tools/util/include/cutlass/util/reference/device/thread
copying python/fmha_sm100/cutlass/tools/util/include/cutlass/util/reference/device/thread/gemm.h -> build/lib/fmha_sm100/cutlass/tools/util/include/cutlass/util/reference/device/thread
creating build/lib/fmha_sm100/cutlass/tools/util/include/cutlass/util/reference/host
copying python/fmha_sm100/cutlass/tools/util/include/cutlass/util/reference/host/conv.hpp -> build/lib/fmha_sm100/cutlass/tools/util/include/cutlass/util/reference/host
copying python/fmha_sm100/cutlass/tools/util/include/cutlass/util/reference/host/convolution.h -> build/lib/fmha_sm100/cutlass/tools/util/include/cutlass/util/reference/host
copying python/fmha_sm100/cutlass/tools/util/include/cutlass/util/reference/host/error_metrics.h -> build/lib/fmha_sm100/cutlass/tools/util/include/cutlass/util/reference/host
copying python/fmha_sm100/cutlass/tools/util/include/cutlass/util/reference/host/gemm.h -> build/lib/fmha_sm100/cutlass/tools/util/include/cutlass/util/reference/host
copying python/fmha_sm100/cutlass/tools/util/include/cutlass/util/reference/host/gemm_complex.h -> build/lib/fmha_sm100/cutlass/tools/util/include/cutlass/util/reference/host
copying python/fmha_sm100/cutlass/tools/util/include/cutlass/util/reference/host/gemm_planar_complex.h -> build/lib/fmha_sm100/cutlass/tools/util/include/cutlass/util/reference/host
copying python/fmha_sm100/cutlass/tools/util/include/cutlass/util/reference/host/gett.hpp -> build/lib/fmha_sm100/cutlass/tools/util/include/cutlass/util/reference/host
copying python/fmha_sm100/cutlass/tools/util/include/cutlass/util/reference/host/rank_2k.h -> build/lib/fmha_sm100/cutlass/tools/util/include/cutlass/util/reference/host
copying python/fmha_sm100/cutlass/tools/util/include/cutlass/util/reference/host/rank_2k_complex.h -> build/lib/fmha_sm100/cutlass/tools/util/include/cutlass/util/reference/host
copying python/fmha_sm100/cutlass/tools/util/include/cutlass/util/reference/host/rank_k_complex.h -> build/lib/fmha_sm100/cutlass/tools/util/include/cutlass/util/reference/host
copying python/fmha_sm100/cutlass/tools/util/include/cutlass/util/reference/host/symm.h -> build/lib/fmha_sm100/cutlass/tools/util/include/cutlass/util/reference/host
copying python/fmha_sm100/cutlass/tools/util/include/cutlass/util/reference/host/symm_complex.h -> build/lib/fmha_sm100/cutlass/tools/util/include/cutlass/util/reference/host
copying python/fmha_sm100/cutlass/tools/util/include/cutlass/util/reference/host/tensor_compare.h -> build/lib/fmha_sm100/cutlass/tools/util/include/cutlass/util/reference/host
copying python/fmha_sm100/cutlass/tools/util/include/cutlass/util/reference/host/tensor_compare.hpp -> build/lib/fmha_sm100/cutlass/tools/util/include/cutlass/util/reference/host
copying python/fmha_sm100/cutlass/tools/util/include/cutlass/util/reference/host/tensor_copy.h -> build/lib/fmha_sm100/cutlass/tools/util/include/cutlass/util/reference/host
copying python/fmha_sm100/cutlass/tools/util/include/cutlass/util/reference/host/tensor_elementwise.h -> build/lib/fmha_sm100/cutlass/tools/util/include/cutlass/util/reference/host
copying python/fmha_sm100/cutlass/tools/util/include/cutlass/util/reference/host/tensor_fill.h -> build/lib/fmha_sm100/cutlass/tools/util/include/cutlass/util/reference/host
copying python/fmha_sm100/cutlass/tools/util/include/cutlass/util/reference/host/tensor_fill.hpp -> build/lib/fmha_sm100/cutlass/tools/util/include/cutlass/util/reference/host
copying python/fmha_sm100/cutlass/tools/util/include/cutlass/util/reference/host/tensor_foreach.h -> build/lib/fmha_sm100/cutlass/tools/util/include/cutlass/util/reference/host
copying python/fmha_sm100/cutlass/tools/util/include/cutlass/util/reference/host/tensor_norm.h -> build/lib/fmha_sm100/cutlass/tools/util/include/cutlass/util/reference/host
copying python/fmha_sm100/cutlass/tools/util/include/cutlass/util/reference/host/tensor_reduce.h -> build/lib/fmha_sm100/cutlass/tools/util/include/cutlass/util/reference/host
copying python/fmha_sm100/cutlass/tools/util/include/cutlass/util/reference/host/tensor_reduce.hpp -> build/lib/fmha_sm100/cutlass/tools/util/include/cutlass/util/reference/host
copying python/fmha_sm100/cutlass/tools/util/include/cutlass/util/reference/host/trmm.h -> build/lib/fmha_sm100/cutlass/tools/util/include/cutlass/util/reference/host
copying python/fmha_sm100/cutlass/tools/util/include/cutlass/util/reference/host/trmm_complex.h -> build/lib/fmha_sm100/cutlass/tools/util/include/cutlass/util/reference/host
copying python/fmha_sm100/cute/src/sm100/fwd_decode/build_decode_schedule/build_decode_schedule.cu -> build/lib/fmha_sm100/cute/src/sm100/fwd_decode/build_decode_schedule
copying python/fmha_sm100/cute/src/sm100/build_k2q_csr/build_k2q_csr.cu -> build/lib/fmha_sm100/cute/src/sm100/build_k2q_csr
copying python/fmha_sm100/cute/README.md -> build/lib/fmha_sm100/cute
copying python/fmha_sm100/cute/pytest.ini -> build/lib/fmha_sm100/cute
copying python/fmha_sm100/cute/requirements.txt -> build/lib/fmha_sm100/cute
copying python/fmha_sm100/cute/Makefile -> build/lib/fmha_sm100/cute
creating build/lib/fmha_sm100/csrc
copying python/fmha_sm100/csrc/tvm_ffi_utils.h -> build/lib/fmha_sm100/csrc
copying python/fmha_sm100/csrc/gmem_bounds_check.h -> build/lib/fmha_sm100/csrc
copying python/fmha_sm100/csrc/fmha_sm100_variant_run.cu.jinja -> build/lib/fmha_sm100/csrc
copying python/fmha_sm100/csrc/indexer_topk_select.cu -> build/lib/fmha_sm100/csrc
copying python/fmha_sm100/csrc/q8kv4_indexer_decode.cu -> build/lib/fmha_sm100/csrc
copying python/fmha_sm100/csrc/fmha_sm100_plan.h -> build/lib/fmha_sm100/csrc
copying python/fmha_sm100/csrc/fmha_sm100_params.h -> build/lib/fmha_sm100/csrc
copying python/fmha_sm100/csrc/sparse_topk_select.cu -> build/lib/fmha_sm100/csrc
copying python/fmha_sm100/csrc/fmha_sm100_plan.cu -> build/lib/fmha_sm100/csrc
copying python/fmha_sm100/csrc/fmha_sm100_reduction.h -> build/lib/fmha_sm100/csrc
copying python/fmha_sm100/csrc/fmha_sm100_inst.jinja -> build/lib/fmha_sm100/csrc
copying python/fmha_sm100/csrc/fmha_sm100_reduction.cu -> build/lib/fmha_sm100/csrc
creating build/lib/fmha_sm100/csrc/kvouter
copying python/fmha_sm100/csrc/kvouter/bindings.cpp -> build/lib/fmha_sm100/csrc/kvouter
copying python/fmha_sm100/csrc/kvouter/cute_sparse_kvouter.h -> build/lib/fmha_sm100/csrc/kvouter
copying python/fmha_sm100/csrc/kvouter/cute_sparse_kvouter.cpp -> build/lib/fmha_sm100/csrc/kvouter
creating build/lib/fmha_sm100/csrc/include
copying python/fmha_sm100/csrc/include/allocator.h -> build/lib/fmha_sm100/csrc/include
copying python/fmha_sm100/csrc/include/gpu_trace.h -> build/lib/fmha_sm100/csrc/include
copying python/fmha_sm100/csrc/include/plan.cuh -> build/lib/fmha_sm100/csrc/include
copying python/fmha_sm100/csrc/include/fmha_fusion.hpp -> build/lib/fmha_sm100/csrc/include
copying python/fmha_sm100/csrc/include/sm100_fmha_fwd_mainloop_tma_warpspecialized.hpp -> build/lib/fmha_sm100/csrc/include
copying python/fmha_sm100/csrc/include/fmha_options.hpp -> build/lib/fmha_sm100/csrc/include
copying python/fmha_sm100/csrc/include/sm100_fmha_reduction.hpp -> build/lib/fmha_sm100/csrc/include
copying python/fmha_sm100/csrc/include/fmha.hpp -> build/lib/fmha_sm100/csrc/include
copying python/fmha_sm100/csrc/include/sm100_fmha_fwd_epilogue_tma_warpspecialized.hpp -> build/lib/fmha_sm100/csrc/include
copying python/fmha_sm100/csrc/include/exception.h -> build/lib/fmha_sm100/csrc/include
copying python/fmha_sm100/csrc/include/vec_dtypes.cuh -> build/lib/fmha_sm100/csrc/include
copying python/fmha_sm100/csrc/include/sm100_fmha_fwd_kernel_tma_warpspecialized.hpp -> build/lib/fmha_sm100/csrc/include
copying python/fmha_sm100/csrc/include/cutlass_utils.cuh -> build/lib/fmha_sm100/csrc/include
copying python/fmha_sm100/csrc/include/utils.cuh -> build/lib/fmha_sm100/csrc/include
copying python/fmha_sm100/csrc/include/fmha_cutlass_sm100.cuh -> build/lib/fmha_sm100/csrc/include
copying python/fmha_sm100/csrc/include/pow_2.hpp -> build/lib/fmha_sm100/csrc/include
copying python/fmha_sm100/csrc/include/sm100_fmha_load_tma_warpspecialized.hpp -> build/lib/fmha_sm100/csrc/include
copying python/fmha_sm100/csrc/include/gather_tensor.hpp -> build/lib/fmha_sm100/csrc/include
copying python/fmha_sm100/csrc/include/fmha_common.hpp -> build/lib/fmha_sm100/csrc/include
copying python/fmha_sm100/csrc/include/fmha_tile_scheduler.hpp -> build/lib/fmha_sm100/csrc/include
copying python/fmha_sm100/csrc/include/dequant_nvfp4_e4m3.cuh -> build/lib/fmha_sm100/csrc/include
copying python/fmha_sm100/csrc/include/sparse_topk_select.cuh -> build/lib/fmha_sm100/csrc/include
copying python/fmha_sm100/csrc/include/mask.cuh -> build/lib/fmha_sm100/csrc/include
copying python/fmha_sm100/csrc/include/k2_nvfp4_kv.hpp -> build/lib/fmha_sm100/csrc/include
creating build/lib/fmha_sm100/csrc/include/q8kv4_indexer
copying python/fmha_sm100/csrc/include/q8kv4_indexer/traits.hpp -> build/lib/fmha_sm100/csrc/include/q8kv4_indexer
copying python/fmha_sm100/csrc/include/q8kv4_indexer/params.hpp -> build/lib/fmha_sm100/csrc/include/q8kv4_indexer
copying python/fmha_sm100/csrc/include/q8kv4_indexer/kernel.hpp -> build/lib/fmha_sm100/csrc/include/q8kv4_indexer
copying python/fmha_sm100/csrc/include/q8kv4_indexer/runner.hpp -> build/lib/fmha_sm100/csrc/include/q8kv4_indexer
copying python/fmha_sm100/csrc/include/q8kv4_indexer/collective.hpp -> build/lib/fmha_sm100/csrc/include/q8kv4_indexer
copying python/fmha_sm100/csrc/include/q8kv4_indexer/nvfp4_to_e4m3.cuh -> build/lib/fmha_sm100/csrc/include/q8kv4_indexer
copying python/fmha_sm100/csrc/include/q8kv4_indexer/config.hpp -> build/lib/fmha_sm100/csrc/include/q8kv4_indexer
copying python/fmha_sm100/csrc/include/q8kv4_indexer/arguments.hpp -> build/lib/fmha_sm100/csrc/include/q8kv4_indexer
creating build/lib/fmha_sm100/csrc/include/indexer_topk
copying python/fmha_sm100/csrc/include/indexer_topk/m3_topk.cuh -> build/lib/fmha_sm100/csrc/include/indexer_topk
copying python/fmha_sm100/csrc/include/indexer_topk/topk_select.cuh -> build/lib/fmha_sm100/csrc/include/indexer_topk
creating build/lib/fmha_sm100/decode_q8kv4/csrc/src
copying python/fmha_sm100/decode_q8kv4/csrc/src/decode_attention_plan.cu -> build/lib/fmha_sm100/decode_q8kv4/csrc/src
copying python/fmha_sm100/decode_q8kv4/csrc/src/decode_attention_reduction.cu -> build/lib/fmha_sm100/decode_q8kv4/csrc/src
creating build/lib/fmha_sm100/decode_q8kv4/csrc/api
copying python/fmha_sm100/decode_q8kv4/csrc/api/decode_attention_api.hpp -> build/lib/fmha_sm100/decode_q8kv4/csrc/api
copying python/fmha_sm100/decode_q8kv4/csrc/api/decode_attention_binding.cpp -> build/lib/fmha_sm100/decode_q8kv4/csrc/api
copying python/fmha_sm100/decode_q8kv4/csrc/api/decode_attention_api.cpp -> build/lib/fmha_sm100/decode_q8kv4/csrc/api
creating build/lib/fmha_sm100/decode_q8kv4/csrc/include/sm100/common
copying python/fmha_sm100/decode_q8kv4/csrc/include/sm100/common/fmha_fusion.hpp -> build/lib/fmha_sm100/decode_q8kv4/csrc/include/sm100/common
copying python/fmha_sm100/decode_q8kv4/csrc/include/sm100/common/fmha_options.hpp -> build/lib/fmha_sm100/decode_q8kv4/csrc/include/sm100/common
copying python/fmha_sm100/decode_q8kv4/csrc/include/sm100/common/utils.cuh -> build/lib/fmha_sm100/decode_q8kv4/csrc/include/sm100/common
copying python/fmha_sm100/decode_q8kv4/csrc/include/sm100/common/sm100_fmha_q8kv4_traits.hpp -> build/lib/fmha_sm100/decode_q8kv4/csrc/include/sm100/common
copying python/fmha_sm100/decode_q8kv4/csrc/include/sm100/common/sm100_mma_n8.hpp -> build/lib/fmha_sm100/decode_q8kv4/csrc/include/sm100/common
copying python/fmha_sm100/decode_q8kv4/csrc/include/sm100/common/tvm_ffi_utils.hpp -> build/lib/fmha_sm100/decode_q8kv4/csrc/include/sm100/common
copying python/fmha_sm100/decode_q8kv4/csrc/include/sm100/common/fmha_common.hpp -> build/lib/fmha_sm100/decode_q8kv4/csrc/include/sm100/common
copying python/fmha_sm100/decode_q8kv4/csrc/include/sm100/common/decode_attention_params.hpp -> build/lib/fmha_sm100/decode_q8kv4/csrc/include/sm100/common
copying python/fmha_sm100/decode_q8kv4/csrc/include/sm100/common/nvfp4_to_e4m3.cuh -> build/lib/fmha_sm100/decode_q8kv4/csrc/include/sm100/common
copying python/fmha_sm100/decode_q8kv4/csrc/include/sm100/common/fmha_tile_scheduler.hpp -> build/lib/fmha_sm100/decode_q8kv4/csrc/include/sm100/common
copying python/fmha_sm100/decode_q8kv4/csrc/include/sm100/common/exception.hpp -> build/lib/fmha_sm100/decode_q8kv4/csrc/include/sm100/common
creating build/lib/fmha_sm100/decode_q8kv4/csrc/include/sm100/collective
copying python/fmha_sm100/decode_q8kv4/csrc/include/sm100/collective/sm100_fmha_selection_ring.hpp -> build/lib/fmha_sm100/decode_q8kv4/csrc/include/sm100/collective
copying python/fmha_sm100/decode_q8kv4/csrc/include/sm100/collective/sm100_fmha_fwd_mainloop_tma_warpspecialized.hpp -> build/lib/fmha_sm100/decode_q8kv4/csrc/include/sm100/collective
copying python/fmha_sm100/decode_q8kv4/csrc/include/sm100/collective/sm100_fmha_fwd_epilogue_tma_warpspecialized.hpp -> build/lib/fmha_sm100/decode_q8kv4/csrc/include/sm100/collective
copying python/fmha_sm100/decode_q8kv4/csrc/include/sm100/collective/sm100_fmha_correction_tma_warpspecialized.hpp -> build/lib/fmha_sm100/decode_q8kv4/csrc/include/sm100/collective
copying python/fmha_sm100/decode_q8kv4/csrc/include/sm100/collective/sm100_fmha_fp4_transform.cuh -> build/lib/fmha_sm100/decode_q8kv4/csrc/include/sm100/collective
copying python/fmha_sm100/decode_q8kv4/csrc/include/sm100/collective/sm100_fmha_storage.hpp -> build/lib/fmha_sm100/decode_q8kv4/csrc/include/sm100/collective
copying python/fmha_sm100/decode_q8kv4/csrc/include/sm100/collective/sm100_fmha_pipeline.hpp -> build/lib/fmha_sm100/decode_q8kv4/csrc/include/sm100/collective
copying python/fmha_sm100/decode_q8kv4/csrc/include/sm100/collective/sm100_fmha_mma_tma_warpspecialized.hpp -> build/lib/fmha_sm100/decode_q8kv4/csrc/include/sm100/collective
copying python/fmha_sm100/decode_q8kv4/csrc/include/sm100/collective/sm100_fmha_load_tma_warpspecialized.hpp -> build/lib/fmha_sm100/decode_q8kv4/csrc/include/sm100/collective
copying python/fmha_sm100/decode_q8kv4/csrc/include/sm100/collective/sm100_fmha_softmax_tma_warpspecialized.hpp -> build/lib/fmha_sm100/decode_q8kv4/csrc/include/sm100/collective
copying python/fmha_sm100/decode_q8kv4/csrc/include/sm100/collective/sm100_fmha_page_offsets_tma_warpspecialized.hpp -> build/lib/fmha_sm100/decode_q8kv4/csrc/include/sm100/collective
copying python/fmha_sm100/decode_q8kv4/csrc/include/sm100/collective/sm100_fmha_kv_transform_tma_warpspecialized.hpp -> build/lib/fmha_sm100/decode_q8kv4/csrc/include/sm100/collective
creating build/lib/fmha_sm100/decode_q8kv4/csrc/include/sm100/kernel
copying python/fmha_sm100/decode_q8kv4/csrc/include/sm100/kernel/sm100_fmha_fwd_kernel_tma_warpspecialized.hpp -> build/lib/fmha_sm100/decode_q8kv4/csrc/include/sm100/kernel
creating build/lib/fmha_sm100/decode_q8kv4/csrc/include/sm100/device
copying python/fmha_sm100/decode_q8kv4/csrc/include/sm100/device/decode_attention_reduction.hpp -> build/lib/fmha_sm100/decode_q8kv4/csrc/include/sm100/device
copying python/fmha_sm100/decode_q8kv4/csrc/include/sm100/device/plan.cuh -> build/lib/fmha_sm100/decode_q8kv4/csrc/include/sm100/device
copying python/fmha_sm100/decode_q8kv4/csrc/include/sm100/device/sm100_fmha_reduction.hpp -> build/lib/fmha_sm100/decode_q8kv4/csrc/include/sm100/device
copying python/fmha_sm100/decode_q8kv4/csrc/include/sm100/device/fmha.hpp -> build/lib/fmha_sm100/decode_q8kv4/csrc/include/sm100/device
copying python/fmha_sm100/decode_q8kv4/csrc/include/sm100/device/fmha_cutlass_sm100.cuh -> build/lib/fmha_sm100/decode_q8kv4/csrc/include/sm100/device
copying python/fmha_sm100/decode_q8kv4/csrc/include/sm100/device/decode_attention_plan.hpp -> build/lib/fmha_sm100/decode_q8kv4/csrc/include/sm100/device
creating build/lib/fmha_sm100/decode_q8kv4/csrc/templates
copying python/fmha_sm100/decode_q8kv4/csrc/templates/decode_attention_run.cu.jinja -> build/lib/fmha_sm100/decode_q8kv4/csrc/templates
copying python/fmha_sm100/decode_q8kv4/csrc/templates/decode_attention_inst.cu.jinja -> build/lib/fmha_sm100/decode_q8kv4/csrc/templates
creating build/lib/fmha_sm100/prefill_q8kv4/csrc/api
copying python/fmha_sm100/prefill_q8kv4/csrc/api/prefill_attention_api.cpp -> build/lib/fmha_sm100/prefill_q8kv4/csrc/api
copying python/fmha_sm100/prefill_q8kv4/csrc/api/prefill_attention_binding.cpp -> build/lib/fmha_sm100/prefill_q8kv4/csrc/api
copying python/fmha_sm100/prefill_q8kv4/csrc/api/prefill_attention_api.hpp -> build/lib/fmha_sm100/prefill_q8kv4/csrc/api
creating build/lib/fmha_sm100/prefill_q8kv4/csrc/include/sm100/common
copying python/fmha_sm100/prefill_q8kv4/csrc/include/sm100/common/prefill_attention_config.cuh -> build/lib/fmha_sm100/prefill_q8kv4/csrc/include/sm100/common
copying python/fmha_sm100/prefill_q8kv4/csrc/include/sm100/common/prefill_attention_math.cuh -> build/lib/fmha_sm100/prefill_q8kv4/csrc/include/sm100/common
copying python/fmha_sm100/prefill_q8kv4/csrc/include/sm100/common/nvfp4_to_e4m3.cuh -> build/lib/fmha_sm100/prefill_q8kv4/csrc/include/sm100/common
creating build/lib/fmha_sm100/prefill_q8kv4/csrc/include/sm100/collective
copying python/fmha_sm100/prefill_q8kv4/csrc/include/sm100/collective/sm100_prefill_attention_fp4_transform.cuh -> build/lib/fmha_sm100/prefill_q8kv4/csrc/include/sm100/collective
copying python/fmha_sm100/prefill_q8kv4/csrc/include/sm100/collective/sm100_prefill_attention_mainloop.cuh -> build/lib/fmha_sm100/prefill_q8kv4/csrc/include/sm100/collective
creating build/lib/fmha_sm100/prefill_q8kv4/csrc/include/sm100/kernel
copying python/fmha_sm100/prefill_q8kv4/csrc/include/sm100/kernel/sm100_prefill_attention_shared_storage.cuh -> build/lib/fmha_sm100/prefill_q8kv4/csrc/include/sm100/kernel
copying python/fmha_sm100/prefill_q8kv4/csrc/include/sm100/kernel/sm100_prefill_attention_kernel.cuh -> build/lib/fmha_sm100/prefill_q8kv4/csrc/include/sm100/kernel
creating build/lib/fmha_sm100/prefill_q8kv4/csrc/include/sm100/device
copying python/fmha_sm100/prefill_q8kv4/csrc/include/sm100/device/prefill_attention.hpp -> build/lib/fmha_sm100/prefill_q8kv4/csrc/include/sm100/device
copying python/fmha_sm100/prefill_q8kv4/csrc/include/sm100/device/prefill_attention_launch.cuh -> build/lib/fmha_sm100/prefill_q8kv4/csrc/include/sm100/device
creating build/lib/fmha_sm100/prefill_q8kv4/csrc/templates
copying python/fmha_sm100/prefill_q8kv4/csrc/templates/prefill_attention_inst.cu.jinja -> build/lib/fmha_sm100/prefill_q8kv4/csrc/templates
copying python/fmha_sm100/icp/COMMIT -> build/lib/fmha_sm100/icp
creating build/lib/fmha_sm100/icp/csrc
copying python/fmha_sm100/icp/csrc/fused_exchange.cu -> build/lib/fmha_sm100/icp/csrc
copying python/fmha_sm100/icp/csrc/local_candidates.cu -> build/lib/fmha_sm100/icp/csrc
copying python/fmha_sm100/icp/csrc/k5_exchange.cu -> build/lib/fmha_sm100/icp/csrc
copying python/fmha_sm100/icp/csrc/carrier_pack.cu -> build/lib/fmha_sm100/icp/csrc
copying python/fmha_sm100/icp/csrc/local_candidates_rs_control.cu -> build/lib/fmha_sm100/icp/csrc
copying python/fmha_sm100/icp/csrc/k2_merge.cu -> build/lib/fmha_sm100/icp/csrc
copying python/fmha_sm100/icp/csrc/k5t_exchange.cu -> build/lib/fmha_sm100/icp/csrc
copying python/fmha_sm100/icp/csrc/merge_topk.cuh -> build/lib/fmha_sm100/icp/csrc
copying python/fmha_sm100/icp/csrc/local_candidates.cuh -> build/lib/fmha_sm100/icp/csrc
copying python/fmha_sm100/icp/csrc/fused_exchange.cuh -> build/lib/fmha_sm100/icp/csrc
copying python/fmha_sm100/icp/csrc/local_candidates_prefill_full_row.cuh -> build/lib/fmha_sm100/icp/csrc
copying python/fmha_sm100/icp/csrc/local_candidates_full_row.cuh -> build/lib/fmha_sm100/icp/csrc
copying python/fmha_sm100/icp/csrc/local_candidates_rs.cuh -> build/lib/fmha_sm100/icp/csrc
copying python/fmha_sm100/icp/abi/refined-icp-v1.json -> build/lib/fmha_sm100/icp/abi
warning: build_py: byte-compiling is disabled, skipping.

installing to build/bdist.linux-x86_64/wheel
running install
running install_lib
creating build/bdist.linux-x86_64/wheel
creating build/bdist.linux-x86_64/wheel/fmha_sm100
copying build/lib/fmha_sm100/q8kv4_prefill_adapter.py -> build/bdist.linux-x86_64/wheel/./fmha_sm100
copying build/lib/fmha_sm100/icp_decode_score.py -> build/bdist.linux-x86_64/wheel/./fmha_sm100
creating build/bdist.linux-x86_64/wheel/fmha_sm100/kvouter
copying build/lib/fmha_sm100/kvouter/sparse_fwd_kvouter_combine.py -> build/bdist.linux-x86_64/wheel/./fmha_sm100/kvouter
copying build/lib/fmha_sm100/kvouter/aot_export.py -> build/bdist.linux-x86_64/wheel/./fmha_sm100/kvouter
copying build/lib/fmha_sm100/kvouter/cpp_backend.py -> build/bdist.linux-x86_64/wheel/./fmha_sm100/kvouter
copying build/lib/fmha_sm100/kvouter/__init__.py -> build/bdist.linux-x86_64/wheel/./fmha_sm100/kvouter
copying build/lib/fmha_sm100/kvouter/sparse_fwd_kvouter_load_balance_schedule.py -> build/bdist.linux-x86_64/wheel/./fmha_sm100/kvouter
copying build/lib/fmha_sm100/kvouter/build_kvouter_index.py -> build/bdist.linux-x86_64/wheel/./fmha_sm100/kvouter
copying build/lib/fmha_sm100/kvouter/interface.py -> build/bdist.linux-x86_64/wheel/./fmha_sm100/kvouter
copying build/lib/fmha_sm100/kvouter/sparse_fwd_kvouter.py -> build/bdist.linux-x86_64/wheel/./fmha_sm100/kvouter
copying build/lib/fmha_sm100/jit.py -> build/bdist.linux-x86_64/wheel/./fmha_sm100
copying build/lib/fmha_sm100/api.py -> build/bdist.linux-x86_64/wheel/./fmha_sm100
creating build/bdist.linux-x86_64/wheel/fmha_sm100/icp
copying build/lib/fmha_sm100/icp/candidates.py -> build/bdist.linux-x86_64/wheel/./fmha_sm100/icp
copying build/lib/fmha_sm100/icp/_build.py -> build/bdist.linux-x86_64/wheel/./fmha_sm100/icp
copying build/lib/fmha_sm100/icp/_jit_guard.py -> build/bdist.linux-x86_64/wheel/./fmha_sm100/icp
creating build/bdist.linux-x86_64/wheel/fmha_sm100/icp/attention
copying build/lib/fmha_sm100/icp/attention/__init__.py -> build/bdist.linux-x86_64/wheel/./fmha_sm100/icp/attention
creating build/bdist.linux-x86_64/wheel/fmha_sm100/icp/attention/nvfp4_prefill
copying build/lib/fmha_sm100/icp/attention/nvfp4_prefill/_prewarm.py -> build/bdist.linux-x86_64/wheel/./fmha_sm100/icp/attention/nvfp4_prefill
copying build/lib/fmha_sm100/icp/attention/nvfp4_prefill/__init__.py -> build/bdist.linux-x86_64/wheel/./fmha_sm100/icp/attention/nvfp4_prefill
copying build/lib/fmha_sm100/icp/carrier.py -> build/bdist.linux-x86_64/wheel/./fmha_sm100/icp
copying build/lib/fmha_sm100/icp/COMMIT -> build/bdist.linux-x86_64/wheel/./fmha_sm100/icp
creating build/bdist.linux-x86_64/wheel/fmha_sm100/icp/abi
copying build/lib/fmha_sm100/icp/abi/refined_icp_v1.py -> build/bdist.linux-x86_64/wheel/./fmha_sm100/icp/abi
copying build/lib/fmha_sm100/icp/abi/__init__.py -> build/bdist.linux-x86_64/wheel/./fmha_sm100/icp/abi
copying build/lib/fmha_sm100/icp/abi/refined-icp-v1.json -> build/bdist.linux-x86_64/wheel/./fmha_sm100/icp/abi
copying build/lib/fmha_sm100/icp/abi/__main__.py -> build/bdist.linux-x86_64/wheel/./fmha_sm100/icp/abi
copying build/lib/fmha_sm100/icp/local_indexer.py -> build/bdist.linux-x86_64/wheel/./fmha_sm100/icp
creating build/bdist.linux-x86_64/wheel/fmha_sm100/icp/csrc
copying build/lib/fmha_sm100/icp/csrc/fused_exchange.cu -> build/bdist.linux-x86_64/wheel/./fmha_sm100/icp/csrc
copying build/lib/fmha_sm100/icp/csrc/local_candidates.cu -> build/bdist.linux-x86_64/wheel/./fmha_sm100/icp/csrc
copying build/lib/fmha_sm100/icp/csrc/merge_topk.cuh -> build/bdist.linux-x86_64/wheel/./fmha_sm100/icp/csrc
copying build/lib/fmha_sm100/icp/csrc/local_candidates.cuh -> build/bdist.linux-x86_64/wheel/./fmha_sm100/icp/csrc
copying build/lib/fmha_sm100/icp/csrc/k5_exchange.cu -> build/bdist.linux-x86_64/wheel/./fmha_sm100/icp/csrc
copying build/lib/fmha_sm100/icp/csrc/fused_exchange.cuh -> build/bdist.linux-x86_64/wheel/./fmha_sm100/icp/csrc
copying build/lib/fmha_sm100/icp/csrc/carrier_pack.cu -> build/bdist.linux-x86_64/wheel/./fmha_sm100/icp/csrc
copying build/lib/fmha_sm100/icp/csrc/local_candidates_prefill_full_row.cuh -> build/bdist.linux-x86_64/wheel/./fmha_sm100/icp/csrc
copying build/lib/fmha_sm100/icp/csrc/local_candidates_rs_control.cu -> build/bdist.linux-x86_64/wheel/./fmha_sm100/icp/csrc
copying build/lib/fmha_sm100/icp/csrc/k2_merge.cu -> build/bdist.linux-x86_64/wheel/./fmha_sm100/icp/csrc
copying build/lib/fmha_sm100/icp/csrc/k5t_exchange.cu -> build/bdist.linux-x86_64/wheel/./fmha_sm100/icp/csrc
copying build/lib/fmha_sm100/icp/csrc/local_candidates_full_row.cuh -> build/bdist.linux-x86_64/wheel/./fmha_sm100/icp/csrc
copying build/lib/fmha_sm100/icp/csrc/local_candidates_rs.cuh -> build/bdist.linux-x86_64/wheel/./fmha_sm100/icp/csrc
copying build/lib/fmha_sm100/icp/__init__.py -> build/bdist.linux-x86_64/wheel/./fmha_sm100/icp
copying build/lib/fmha_sm100/icp/candidate_exchange.py -> build/bdist.linux-x86_64/wheel/./fmha_sm100/icp
creating build/bdist.linux-x86_64/wheel/fmha_sm100/icp/scorer
creating build/bdist.linux-x86_64/wheel/fmha_sm100/icp/scorer/prefill
copying build/lib/fmha_sm100/icp/scorer/prefill/jit.py -> build/bdist.linux-x86_64/wheel/./fmha_sm100/icp/scorer/prefill
copying build/lib/fmha_sm100/icp/scorer/prefill/api.py -> build/bdist.linux-x86_64/wheel/./fmha_sm100/icp/scorer/prefill
copying build/lib/fmha_sm100/icp/scorer/prefill/__init__.py -> build/bdist.linux-x86_64/wheel/./fmha_sm100/icp/scorer/prefill
copying build/lib/fmha_sm100/icp/scorer/__init__.py -> build/bdist.linux-x86_64/wheel/./fmha_sm100/icp/scorer
creating build/bdist.linux-x86_64/wheel/fmha_sm100/icp/scorer/decode
copying build/lib/fmha_sm100/icp/scorer/decode/_icp_decode_score_kernel.py -> build/bdist.linux-x86_64/wheel/./fmha_sm100/icp/scorer/decode
copying build/lib/fmha_sm100/icp/scorer/decode/icp_decode_score.py -> build/bdist.linux-x86_64/wheel/./fmha_sm100/icp/scorer/decode
copying build/lib/fmha_sm100/icp/scorer/decode/__init__.py -> build/bdist.linux-x86_64/wheel/./fmha_sm100/icp/scorer/decode
copying build/lib/fmha_sm100/icp/scorer/decode/_icp_decode_score_utils.py -> build/bdist.linux-x86_64/wheel/./fmha_sm100/icp/scorer/decode
copying build/lib/fmha_sm100/icp/exchange_plan.py -> build/bdist.linux-x86_64/wheel/./fmha_sm100/icp
copying build/lib/fmha_sm100/icp/tiled_exchange.py -> build/bdist.linux-x86_64/wheel/./fmha_sm100/icp
copying build/lib/fmha_sm100/icp/_symmetric_window.py -> build/bdist.linux-x86_64/wheel/./fmha_sm100/icp
copying build/lib/fmha_sm100/icp/_cache.py -> build/bdist.linux-x86_64/wheel/./fmha_sm100/icp
copying build/lib/fmha_sm100/icp/prewarm.py -> build/bdist.linux-x86_64/wheel/./fmha_sm100/icp
copying build/lib/fmha_sm100/icp/merge.py -> build/bdist.linux-x86_64/wheel/./fmha_sm100/icp
copying build/lib/fmha_sm100/icp/fused_exchange.py -> build/bdist.linux-x86_64/wheel/./fmha_sm100/icp
copying build/lib/fmha_sm100/icp/merge_reference.py -> build/bdist.linux-x86_64/wheel/./fmha_sm100/icp
copying build/lib/fmha_sm100/icp/exchange.py -> build/bdist.linux-x86_64/wheel/./fmha_sm100/icp
creating build/bdist.linux-x86_64/wheel/fmha_sm100/csrc
copying build/lib/fmha_sm100/csrc/tvm_ffi_utils.h -> build/bdist.linux-x86_64/wheel/./fmha_sm100/csrc
creating build/bdist.linux-x86_64/wheel/fmha_sm100/csrc/kvouter
copying build/lib/fmha_sm100/csrc/kvouter/bindings.cpp -> build/bdist.linux-x86_64/wheel/./fmha_sm100/csrc/kvouter
copying build/lib/fmha_sm100/csrc/kvouter/cute_sparse_kvouter.h -> build/bdist.linux-x86_64/wheel/./fmha_sm100/csrc/kvouter
copying build/lib/fmha_sm100/csrc/kvouter/cute_sparse_kvouter.cpp -> build/bdist.linux-x86_64/wheel/./fmha_sm100/csrc/kvouter
copying build/lib/fmha_sm100/csrc/gmem_bounds_check.h -> build/bdist.linux-x86_64/wheel/./fmha_sm100/csrc
copying build/lib/fmha_sm100/csrc/fmha_sm100_variant_run.cu.jinja -> build/bdist.linux-x86_64/wheel/./fmha_sm100/csrc
copying build/lib/fmha_sm100/csrc/indexer_topk_select.cu -> build/bdist.linux-x86_64/wheel/./fmha_sm100/csrc
copying build/lib/fmha_sm100/csrc/q8kv4_indexer_decode.cu -> build/bdist.linux-x86_64/wheel/./fmha_sm100/csrc
copying build/lib/fmha_sm100/csrc/fmha_sm100_plan.h -> build/bdist.linux-x86_64/wheel/./fmha_sm100/csrc
copying build/lib/fmha_sm100/csrc/fmha_sm100_params.h -> build/bdist.linux-x86_64/wheel/./fmha_sm100/csrc
copying build/lib/fmha_sm100/csrc/sparse_topk_select.cu -> build/bdist.linux-x86_64/wheel/./fmha_sm100/csrc
copying build/lib/fmha_sm100/csrc/fmha_sm100_plan.cu -> build/bdist.linux-x86_64/wheel/./fmha_sm100/csrc
creating build/bdist.linux-x86_64/wheel/fmha_sm100/csrc/include
copying build/lib/fmha_sm100/csrc/include/allocator.h -> build/bdist.linux-x86_64/wheel/./fmha_sm100/csrc/include
copying build/lib/fmha_sm100/csrc/include/gpu_trace.h -> build/bdist.linux-x86_64/wheel/./fmha_sm100/csrc/include
copying build/lib/fmha_sm100/csrc/include/plan.cuh -> build/bdist.linux-x86_64/wheel/./fmha_sm100/csrc/include
creating build/bdist.linux-x86_64/wheel/fmha_sm100/csrc/include/q8kv4_indexer
copying build/lib/fmha_sm100/csrc/include/q8kv4_indexer/traits.hpp -> build/bdist.linux-x86_64/wheel/./fmha_sm100/csrc/include/q8kv4_indexer
copying build/lib/fmha_sm100/csrc/include/q8kv4_indexer/params.hpp -> build/bdist.linux-x86_64/wheel/./fmha_sm100/csrc/include/q8kv4_indexer
copying build/lib/fmha_sm100/csrc/include/q8kv4_indexer/kernel.hpp -> build/bdist.linux-x86_64/wheel/./fmha_sm100/csrc/include/q8kv4_indexer
copying build/lib/fmha_sm100/csrc/include/q8kv4_indexer/runner.hpp -> build/bdist.linux-x86_64/wheel/./fmha_sm100/csrc/include/q8kv4_indexer
copying build/lib/fmha_sm100/csrc/include/q8kv4_indexer/collective.hpp -> build/bdist.linux-x86_64/wheel/./fmha_sm100/csrc/include/q8kv4_indexer
copying build/lib/fmha_sm100/csrc/include/q8kv4_indexer/nvfp4_to_e4m3.cuh -> build/bdist.linux-x86_64/wheel/./fmha_sm100/csrc/include/q8kv4_indexer
copying build/lib/fmha_sm100/csrc/include/q8kv4_indexer/config.hpp -> build/bdist.linux-x86_64/wheel/./fmha_sm100/csrc/include/q8kv4_indexer
copying build/lib/fmha_sm100/csrc/include/q8kv4_indexer/arguments.hpp -> build/bdist.linux-x86_64/wheel/./fmha_sm100/csrc/include/q8kv4_indexer
copying build/lib/fmha_sm100/csrc/include/fmha_fusion.hpp -> build/bdist.linux-x86_64/wheel/./fmha_sm100/csrc/include
copying build/lib/fmha_sm100/csrc/include/sm100_fmha_fwd_mainloop_tma_warpspecialized.hpp -> build/bdist.linux-x86_64/wheel/./fmha_sm100/csrc/include
copying build/lib/fmha_sm100/csrc/include/fmha_options.hpp -> build/bdist.linux-x86_64/wheel/./fmha_sm100/csrc/include
copying build/lib/fmha_sm100/csrc/include/sm100_fmha_reduction.hpp -> build/bdist.linux-x86_64/wheel/./fmha_sm100/csrc/include
copying build/lib/fmha_sm100/csrc/include/fmha.hpp -> build/bdist.linux-x86_64/wheel/./fmha_sm100/csrc/include
copying build/lib/fmha_sm100/csrc/include/sm100_fmha_fwd_epilogue_tma_warpspecialized.hpp -> build/bdist.linux-x86_64/wheel/./fmha_sm100/csrc/include
copying build/lib/fmha_sm100/csrc/include/exception.h -> build/bdist.linux-x86_64/wheel/./fmha_sm100/csrc/include
copying build/lib/fmha_sm100/csrc/include/vec_dtypes.cuh -> build/bdist.linux-x86_64/wheel/./fmha_sm100/csrc/include
copying build/lib/fmha_sm100/csrc/include/sm100_fmha_fwd_kernel_tma_warpspecialized.hpp -> build/bdist.linux-x86_64/wheel/./fmha_sm100/csrc/include
copying build/lib/fmha_sm100/csrc/include/cutlass_utils.cuh -> build/bdist.linux-x86_64/wheel/./fmha_sm100/csrc/include
copying build/lib/fmha_sm100/csrc/include/utils.cuh -> build/bdist.linux-x86_64/wheel/./fmha_sm100/csrc/include
creating build/bdist.linux-x86_64/wheel/fmha_sm100/csrc/include/indexer_topk
copying build/lib/fmha_sm100/csrc/include/indexer_topk/m3_topk.cuh -> build/bdist.linux-x86_64/wheel/./fmha_sm100/csrc/include/indexer_topk
copying build/lib/fmha_sm100/csrc/include/indexer_topk/topk_select.cuh -> build/bdist.linux-x86_64/wheel/./fmha_sm100/csrc/include/indexer_topk
copying build/lib/fmha_sm100/csrc/include/fmha_cutlass_sm100.cuh -> build/bdist.linux-x86_64/wheel/./fmha_sm100/csrc/include
copying build/lib/fmha_sm100/csrc/include/pow_2.hpp -> build/bdist.linux-x86_64/wheel/./fmha_sm100/csrc/include
copying build/lib/fmha_sm100/csrc/include/sm100_fmha_load_tma_warpspecialized.hpp -> build/bdist.linux-x86_64/wheel/./fmha_sm100/csrc/include
copying build/lib/fmha_sm100/csrc/include/gather_tensor.hpp -> build/bdist.linux-x86_64/wheel/./fmha_sm100/csrc/include
copying build/lib/fmha_sm100/csrc/include/fmha_common.hpp -> build/bdist.linux-x86_64/wheel/./fmha_sm100/csrc/include
copying build/lib/fmha_sm100/csrc/include/fmha_tile_scheduler.hpp -> build/bdist.linux-x86_64/wheel/./fmha_sm100/csrc/include
copying build/lib/fmha_sm100/csrc/include/dequant_nvfp4_e4m3.cuh -> build/bdist.linux-x86_64/wheel/./fmha_sm100/csrc/include
copying build/lib/fmha_sm100/csrc/include/sparse_topk_select.cuh -> build/bdist.linux-x86_64/wheel/./fmha_sm100/csrc/include
copying build/lib/fmha_sm100/csrc/include/mask.cuh -> build/bdist.linux-x86_64/wheel/./fmha_sm100/csrc/include
copying build/lib/fmha_sm100/csrc/include/k2_nvfp4_kv.hpp -> build/bdist.linux-x86_64/wheel/./fmha_sm100/csrc/include
copying build/lib/fmha_sm100/csrc/fmha_sm100_reduction.h -> build/bdist.linux-x86_64/wheel/./fmha_sm100/csrc
copying build/lib/fmha_sm100/csrc/fmha_sm100_inst.jinja -> build/bdist.linux-x86_64/wheel/./fmha_sm100/csrc
copying build/lib/fmha_sm100/csrc/fmha_sm100_reduction.cu -> build/bdist.linux-x86_64/wheel/./fmha_sm100/csrc
creating build/bdist.linux-x86_64/wheel/fmha_sm100/cutlass
copying build/lib/fmha_sm100/cutlass/SOURCE.json -> build/bdist.linux-x86_64/wheel/./fmha_sm100/cutlass
creating build/bdist.linux-x86_64/wheel/fmha_sm100/cutlass/tools
creating build/bdist.linux-x86_64/wheel/fmha_sm100/cutlass/tools/util
creating build/bdist.linux-x86_64/wheel/fmha_sm100/cutlass/tools/util/include
creating build/bdist.linux-x86_64/wheel/fmha_sm100/cutlass/tools/util/include/cutlass
creating build/bdist.linux-x86_64/wheel/fmha_sm100/cutlass/tools/util/include/cutlass/util
copying build/lib/fmha_sm100/cutlass/tools/util/include/cutlass/util/gett_commandline.hpp -> build/bdist.linux-x86_64/wheel/./fmha_sm100/cutlass/tools/util/include/cutlass/util
copying build/lib/fmha_sm100/cutlass/tools/util/include/cutlass/util/host_tensor.h -> build/bdist.linux-x86_64/wheel/./fmha_sm100/cutlass/tools/util/include/cutlass/util
copying build/lib/fmha_sm100/cutlass/tools/util/include/cutlass/util/host_uncompress.h -> build/bdist.linux-x86_64/wheel/./fmha_sm100/cutlass/tools/util/include/cutlass/util
copying build/lib/fmha_sm100/cutlass/tools/util/include/cutlass/util/print_error.hpp -> build/bdist.linux-x86_64/wheel/./fmha_sm100/cutlass/tools/util/include/cutlass/util
copying build/lib/fmha_sm100/cutlass/tools/util/include/cutlass/util/type_traits.h -> build/bdist.linux-x86_64/wheel/./fmha_sm100/cutlass/tools/util/include/cutlass/util
copying build/lib/fmha_sm100/cutlass/tools/util/include/cutlass/util/host_tensor_planar_complex.h -> build/bdist.linux-x86_64/wheel/./fmha_sm100/cutlass/tools/util/include/cutlass/util
copying build/lib/fmha_sm100/cutlass/tools/util/include/cutlass/util/host_reorder.h -> build/bdist.linux-x86_64/wheel/./fmha_sm100/cutlass/tools/util/include/cutlass/util
copying build/lib/fmha_sm100/cutlass/tools/util/include/cutlass/util/packed_stride.hpp -> build/bdist.linux-x86_64/wheel/./fmha_sm100/cutlass/tools/util/include/cutlass/util
copying build/lib/fmha_sm100/cutlass/tools/util/include/cutlass/util/mixed_dtype_utils.hpp -> build/bdist.linux-x86_64/wheel/./fmha_sm100/cutlass/tools/util/include/cutlass/util
copying build/lib/fmha_sm100/cutlass/tools/util/include/cutlass/util/helper_cuda.hpp -> build/bdist.linux-x86_64/wheel/./fmha_sm100/cutlass/tools/util/include/cutlass/util
copying build/lib/fmha_sm100/cutlass/tools/util/include/cutlass/util/GPU_Clock.hpp -> build/bdist.linux-x86_64/wheel/./fmha_sm100/cutlass/tools/util/include/cutlass/util
copying build/lib/fmha_sm100/cutlass/tools/util/include/cutlass/util/cublas_wrappers.hpp -> build/bdist.linux-x86_64/wheel/./fmha_sm100/cutlass/tools/util/include/cutlass/util
copying build/lib/fmha_sm100/cutlass/tools/util/include/cutlass/util/distribution.h -> build/bdist.linux-x86_64/wheel/./fmha_sm100/cutlass/tools/util/include/cutlass/util
copying build/lib/fmha_sm100/cutlass/tools/util/include/cutlass/util/command_line.h -> build/bdist.linux-x86_64/wheel/./fmha_sm100/cutlass/tools/util/include/cutlass/util
copying build/lib/fmha_sm100/cutlass/tools/util/include/cutlass/util/device_layernorm.h -> build/bdist.linux-x86_64/wheel/./fmha_sm100/cutlass/tools/util/include/cutlass/util
copying build/lib/fmha_sm100/cutlass/tools/util/include/cutlass/util/tensor_view_io.h -> build/bdist.linux-x86_64/wheel/./fmha_sm100/cutlass/tools/util/include/cutlass/util
copying build/lib/fmha_sm100/cutlass/tools/util/include/cutlass/util/device_dump.h -> build/bdist.linux-x86_64/wheel/./fmha_sm100/cutlass/tools/util/include/cutlass/util
copying build/lib/fmha_sm100/cutlass/tools/util/include/cutlass/util/device_utils.h -> build/bdist.linux-x86_64/wheel/./fmha_sm100/cutlass/tools/util/include/cutlass/util
copying build/lib/fmha_sm100/cutlass/tools/util/include/cutlass/util/device_nhwc_pooling.h -> build/bdist.linux-x86_64/wheel/./fmha_sm100/cutlass/tools/util/include/cutlass/util
copying build/lib/fmha_sm100/cutlass/tools/util/include/cutlass/util/device_rmsnorm.h -> build/bdist.linux-x86_64/wheel/./fmha_sm100/cutlass/tools/util/include/cutlass/util
copying build/lib/fmha_sm100/cutlass/tools/util/include/cutlass/util/device_nchw_to_nhwc.h -> build/bdist.linux-x86_64/wheel/./fmha_sm100/cutlass/tools/util/include/cutlass/util
copying build/lib/fmha_sm100/cutlass/tools/util/include/cutlass/util/device_nhwc_padding.h -> build/bdist.linux-x86_64/wheel/./fmha_sm100/cutlass/tools/util/include/cutlass/util
copying build/lib/fmha_sm100/cutlass/tools/util/include/cutlass/util/device_groupnorm.h -> build/bdist.linux-x86_64/wheel/./fmha_sm100/cutlass/tools/util/include/cutlass/util
creating build/bdist.linux-x86_64/wheel/fmha_sm100/cutlass/tools/util/include/cutlass/util/reference
creating build/bdist.linux-x86_64/wheel/fmha_sm100/cutlass/tools/util/include/cutlass/util/reference/detail
copying build/lib/fmha_sm100/cutlass/tools/util/include/cutlass/util/reference/detail/inner_product.h -> build/bdist.linux-x86_64/wheel/./fmha_sm100/cutlass/tools/util/include/cutlass/util/reference/detail
copying build/lib/fmha_sm100/cutlass/tools/util/include/cutlass/util/reference/detail/linear_to_coordinate.h -> build/bdist.linux-x86_64/wheel/./fmha_sm100/cutlass/tools/util/include/cutlass/util/reference/detail
creating build/bdist.linux-x86_64/wheel/fmha_sm100/cutlass/tools/util/include/cutlass/util/reference/device
copying build/lib/fmha_sm100/cutlass/tools/util/include/cutlass/util/reference/device/gemm.h -> build/bdist.linux-x86_64/wheel/./fmha_sm100/cutlass/tools/util/include/cutlass/util/reference/device
copying build/lib/fmha_sm100/cutlass/tools/util/include/cutlass/util/reference/device/tensor_foreach.h -> build/bdist.linux-x86_64/wheel/./fmha_sm100/cutlass/tools/util/include/cutlass/util/reference/device
copying build/lib/fmha_sm100/cutlass/tools/util/include/cutlass/util/reference/device/gemm_planar_complex.h -> build/bdist.linux-x86_64/wheel/./fmha_sm100/cutlass/tools/util/include/cutlass/util/reference/device
creating build/bdist.linux-x86_64/wheel/fmha_sm100/cutlass/tools/util/include/cutlass/util/reference/device/kernel
copying build/lib/fmha_sm100/cutlass/tools/util/include/cutlass/util/reference/device/kernel/gemm.h -> build/bdist.linux-x86_64/wheel/./fmha_sm100/cutlass/tools/util/include/cutlass/util/reference/device/kernel
copying build/lib/fmha_sm100/cutlass/tools/util/include/cutlass/util/reference/device/kernel/tensor_elementwise.h -> build/bdist.linux-x86_64/wheel/./fmha_sm100/cutlass/tools/util/include/cutlass/util/reference/device/kernel
copying build/lib/fmha_sm100/cutlass/tools/util/include/cutlass/util/reference/device/kernel/tensor_foreach.h -> build/bdist.linux-x86_64/wheel/./fmha_sm100/cutlass/tools/util/include/cutlass/util/reference/device/kernel
copying build/lib/fmha_sm100/cutlass/tools/util/include/cutlass/util/reference/device/tensor_relu.h -> build/bdist.linux-x86_64/wheel/./fmha_sm100/cutlass/tools/util/include/cutlass/util/reference/device
creating build/bdist.linux-x86_64/wheel/fmha_sm100/cutlass/tools/util/include/cutlass/util/reference/device/thread
copying build/lib/fmha_sm100/cutlass/tools/util/include/cutlass/util/reference/device/thread/gemm.h -> build/bdist.linux-x86_64/wheel/./fmha_sm100/cutlass/tools/util/include/cutlass/util/reference/device/thread
copying build/lib/fmha_sm100/cutlass/tools/util/include/cutlass/util/reference/device/convolution.h -> build/bdist.linux-x86_64/wheel/./fmha_sm100/cutlass/tools/util/include/cutlass/util/reference/device
copying build/lib/fmha_sm100/cutlass/tools/util/include/cutlass/util/reference/device/tensor_reduce.h -> build/bdist.linux-x86_64/wheel/./fmha_sm100/cutlass/tools/util/include/cutlass/util/reference/device
copying build/lib/fmha_sm100/cutlass/tools/util/include/cutlass/util/reference/device/tensor_fill.h -> build/bdist.linux-x86_64/wheel/./fmha_sm100/cutlass/tools/util/include/cutlass/util/reference/device
copying build/lib/fmha_sm100/cutlass/tools/util/include/cutlass/util/reference/device/rank_2k_complex.h -> build/bdist.linux-x86_64/wheel/./fmha_sm100/cutlass/tools/util/include/cutlass/util/reference/device
copying build/lib/fmha_sm100/cutlass/tools/util/include/cutlass/util/reference/device/gett.hpp -> build/bdist.linux-x86_64/wheel/./fmha_sm100/cutlass/tools/util/include/cutlass/util/reference/device
copying build/lib/fmha_sm100/cutlass/tools/util/include/cutlass/util/reference/device/tensor_compare.h -> build/bdist.linux-x86_64/wheel/./fmha_sm100/cutlass/tools/util/include/cutlass/util/reference/device
copying build/lib/fmha_sm100/cutlass/tools/util/include/cutlass/util/reference/device/gemm_complex.h -> build/bdist.linux-x86_64/wheel/./fmha_sm100/cutlass/tools/util/include/cutlass/util/reference/device
creating build/bdist.linux-x86_64/wheel/fmha_sm100/cutlass/tools/util/include/cutlass/util/reference/host
copying build/lib/fmha_sm100/cutlass/tools/util/include/cutlass/util/reference/host/gemm.h -> build/bdist.linux-x86_64/wheel/./fmha_sm100/cutlass/tools/util/include/cutlass/util/reference/host
copying build/lib/fmha_sm100/cutlass/tools/util/include/cutlass/util/reference/host/trmm.h -> build/bdist.linux-x86_64/wheel/./fmha_sm100/cutlass/tools/util/include/cutlass/util/reference/host
copying build/lib/fmha_sm100/cutlass/tools/util/include/cutlass/util/reference/host/tensor_compare.hpp -> build/bdist.linux-x86_64/wheel/./fmha_sm100/cutlass/tools/util/include/cutlass/util/reference/host
copying build/lib/fmha_sm100/cutlass/tools/util/include/cutlass/util/reference/host/trmm_complex.h -> build/bdist.linux-x86_64/wheel/./fmha_sm100/cutlass/tools/util/include/cutlass/util/reference/host
copying build/lib/fmha_sm100/cutlass/tools/util/include/cutlass/util/reference/host/tensor_elementwise.h -> build/bdist.linux-x86_64/wheel/./fmha_sm100/cutlass/tools/util/include/cutlass/util/reference/host
copying build/lib/fmha_sm100/cutlass/tools/util/include/cutlass/util/reference/host/rank_k_complex.h -> build/bdist.linux-x86_64/wheel/./fmha_sm100/cutlass/tools/util/include/cutlass/util/reference/host
copying build/lib/fmha_sm100/cutlass/tools/util/include/cutlass/util/reference/host/tensor_foreach.h -> build/bdist.linux-x86_64/wheel/./fmha_sm100/cutlass/tools/util/include/cutlass/util/reference/host
copying build/lib/fmha_sm100/cutlass/tools/util/include/cutlass/util/reference/host/tensor_norm.h -> build/bdist.linux-x86_64/wheel/./fmha_sm100/cutlass/tools/util/include/cutlass/util/reference/host
copying build/lib/fmha_sm100/cutlass/tools/util/include/cutlass/util/reference/host/tensor_fill.hpp -> build/bdist.linux-x86_64/wheel/./fmha_sm100/cutlass/tools/util/include/cutlass/util/reference/host
copying build/lib/fmha_sm100/cutlass/tools/util/include/cutlass/util/reference/host/gemm_planar_complex.h -> build/bdist.linux-x86_64/wheel/./fmha_sm100/cutlass/tools/util/include/cutlass/util/reference/host
copying build/lib/fmha_sm100/cutlass/tools/util/include/cutlass/util/reference/host/tensor_copy.h -> build/bdist.linux-x86_64/wheel/./fmha_sm100/cutlass/tools/util/include/cutlass/util/reference/host
copying build/lib/fmha_sm100/cutlass/tools/util/include/cutlass/util/reference/host/error_metrics.h -> build/bdist.linux-x86_64/wheel/./fmha_sm100/cutlass/tools/util/include/cutlass/util/reference/host
copying build/lib/fmha_sm100/cutlass/tools/util/include/cutlass/util/reference/host/symm.h -> build/bdist.linux-x86_64/wheel/./fmha_sm100/cutlass/tools/util/include/cutlass/util/reference/host
copying build/lib/fmha_sm100/cutlass/tools/util/include/cutlass/util/reference/host/convolution.h -> build/bdist.linux-x86_64/wheel/./fmha_sm100/cutlass/tools/util/include/cutlass/util/reference/host
copying build/lib/fmha_sm100/cutlass/tools/util/include/cutlass/util/reference/host/rank_2k.h -> build/bdist.linux-x86_64/wheel/./fmha_sm100/cutlass/tools/util/include/cutlass/util/reference/host
copying build/lib/fmha_sm100/cutlass/tools/util/include/cutlass/util/reference/host/tensor_reduce.h -> build/bdist.linux-x86_64/wheel/./fmha_sm100/cutlass/tools/util/include/cutlass/util/reference/host
copying build/lib/fmha_sm100/cutlass/tools/util/include/cutlass/util/reference/host/tensor_fill.h -> build/bdist.linux-x86_64/wheel/./fmha_sm100/cutlass/tools/util/include/cutlass/util/reference/host
copying build/lib/fmha_sm100/cutlass/tools/util/include/cutlass/util/reference/host/conv.hpp -> build/bdist.linux-x86_64/wheel/./fmha_sm100/cutlass/tools/util/include/cutlass/util/reference/host
copying build/lib/fmha_sm100/cutlass/tools/util/include/cutlass/util/reference/host/symm_complex.h -> build/bdist.linux-x86_64/wheel/./fmha_sm100/cutlass/tools/util/include/cutlass/util/reference/host
copying build/lib/fmha_sm100/cutlass/tools/util/include/cutlass/util/reference/host/rank_2k_complex.h -> build/bdist.linux-x86_64/wheel/./fmha_sm100/cutlass/tools/util/include/cutlass/util/reference/host
copying build/lib/fmha_sm100/cutlass/tools/util/include/cutlass/util/reference/host/gett.hpp -> build/bdist.linux-x86_64/wheel/./fmha_sm100/cutlass/tools/util/include/cutlass/util/reference/host
copying build/lib/fmha_sm100/cutlass/tools/util/include/cutlass/util/reference/host/tensor_compare.h -> build/bdist.linux-x86_64/wheel/./fmha_sm100/cutlass/tools/util/include/cutlass/util/reference/host
copying build/lib/fmha_sm100/cutlass/tools/util/include/cutlass/util/reference/host/tensor_reduce.hpp -> build/bdist.linux-x86_64/wheel/./fmha_sm100/cutlass/tools/util/include/cutlass/util/reference/host
copying build/lib/fmha_sm100/cutlass/tools/util/include/cutlass/util/reference/host/gemm_complex.h -> build/bdist.linux-x86_64/wheel/./fmha_sm100/cutlass/tools/util/include/cutlass/util/reference/host
copying build/lib/fmha_sm100/cutlass/tools/util/include/cutlass/util/device_nhwc_to_nchw.h -> build/bdist.linux-x86_64/wheel/./fmha_sm100/cutlass/tools/util/include/cutlass/util
copying build/lib/fmha_sm100/cutlass/tools/util/include/cutlass/util/device_memory.h -> build/bdist.linux-x86_64/wheel/./fmha_sm100/cutlass/tools/util/include/cutlass/util
copying build/lib/fmha_sm100/cutlass/tools/util/include/cutlass/util/debug.h -> build/bdist.linux-x86_64/wheel/./fmha_sm100/cutlass/tools/util/include/cutlass/util
copying build/lib/fmha_sm100/cutlass/tools/util/include/cutlass/util/index_sequence.h -> build/bdist.linux-x86_64/wheel/./fmha_sm100/cutlass/tools/util/include/cutlass/util
copying build/lib/fmha_sm100/cutlass/tools/util/include/cutlass/util/exceptions.h -> build/bdist.linux-x86_64/wheel/./fmha_sm100/cutlass/tools/util/include/cutlass/util
copying build/lib/fmha_sm100/cutlass/LICENSE.txt -> build/bdist.linux-x86_64/wheel/./fmha_sm100/cutlass
creating build/bdist.linux-x86_64/wheel/fmha_sm100/cutlass/include
creating build/bdist.linux-x86_64/wheel/fmha_sm100/cutlass/include/cutlass
creating build/bdist.linux-x86_64/wheel/fmha_sm100/cutlass/include/cutlass/arch
copying build/lib/fmha_sm100/cutlass/include/cutlass/arch/mma_sm61.h -> build/bdist.linux-x86_64/wheel/./fmha_sm100/cutlass/include/cutlass/arch
copying build/lib/fmha_sm100/cutlass/include/cutlass/arch/arch.h -> build/bdist.linux-x86_64/wheel/./fmha_sm100/cutlass/include/cutlass/arch
copying build/lib/fmha_sm100/cutlass/include/cutlass/arch/mma_sm100.h -> build/bdist.linux-x86_64/wheel/./fmha_sm100/cutlass/include/cutlass/arch
copying build/lib/fmha_sm100/cutlass/include/cutlass/arch/mma_sm75.h -> build/bdist.linux-x86_64/wheel/./fmha_sm100/cutlass/include/cutlass/arch
copying build/lib/fmha_sm100/cutlass/include/cutlass/arch/mma_sm80.h -> build/bdist.linux-x86_64/wheel/./fmha_sm100/cutlass/include/cutlass/arch
copying build/lib/fmha_sm100/cutlass/include/cutlass/arch/synclog.hpp -> build/bdist.linux-x86_64/wheel/./fmha_sm100/cutlass/include/cutlass/arch
copying build/lib/fmha_sm100/cutlass/include/cutlass/arch/mma_sparse_sm89.h -> build/bdist.linux-x86_64/wheel/./fmha_sm100/cutlass/include/cutlass/arch
copying build/lib/fmha_sm100/cutlass/include/cutlass/arch/cache_operation.h -> build/bdist.linux-x86_64/wheel/./fmha_sm100/cutlass/include/cutlass/arch
copying build/lib/fmha_sm100/cutlass/include/cutlass/arch/memory_sm80.h -> build/bdist.linux-x86_64/wheel/./fmha_sm100/cutlass/include/cutlass/arch
copying build/lib/fmha_sm100/cutlass/include/cutlass/arch/config.h -> build/bdist.linux-x86_64/wheel/./fmha_sm100/cutlass/include/cutlass/arch
copying build/lib/fmha_sm100/cutlass/include/cutlass/arch/wmma.h -> build/bdist.linux-x86_64/wheel/./fmha_sm100/cutlass/include/cutlass/arch
copying build/lib/fmha_sm100/cutlass/include/cutlass/arch/simd_sm61.h -> build/bdist.linux-x86_64/wheel/./fmha_sm100/cutlass/include/cutlass/arch
copying build/lib/fmha_sm100/cutlass/include/cutlass/arch/barrier.h -> build/bdist.linux-x86_64/wheel/./fmha_sm100/cutlass/include/cutlass/arch
copying build/lib/fmha_sm100/cutlass/include/cutlass/arch/memory_sm75.h -> build/bdist.linux-x86_64/wheel/./fmha_sm100/cutlass/include/cutlass/arch
copying build/lib/fmha_sm100/cutlass/include/cutlass/arch/wmma_sm75.h -> build/bdist.linux-x86_64/wheel/./fmha_sm100/cutlass/include/cutlass/arch
copying build/lib/fmha_sm100/cutlass/include/cutlass/arch/mma_sm60.h -> build/bdist.linux-x86_64/wheel/./fmha_sm100/cutlass/include/cutlass/arch
copying build/lib/fmha_sm100/cutlass/include/cutlass/arch/simd.h -> build/bdist.linux-x86_64/wheel/./fmha_sm100/cutlass/include/cutlass/arch
copying build/lib/fmha_sm100/cutlass/include/cutlass/arch/simd_sm60.h -> build/bdist.linux-x86_64/wheel/./fmha_sm100/cutlass/include/cutlass/arch
copying build/lib/fmha_sm100/cutlass/include/cutlass/arch/mma_sm89.h -> build/bdist.linux-x86_64/wheel/./fmha_sm100/cutlass/include/cutlass/arch
copying build/lib/fmha_sm100/cutlass/include/cutlass/arch/mma_sm70.h -> build/bdist.linux-x86_64/wheel/./fmha_sm100/cutlass/include/cutlass/arch
copying build/lib/fmha_sm100/cutlass/include/cutlass/arch/reg_reconfig.h -> build/bdist.linux-x86_64/wheel/./fmha_sm100/cutlass/include/cutlass/arch
copying build/lib/fmha_sm100/cutlass/include/cutlass/arch/wmma_sm72.h -> build/bdist.linux-x86_64/wheel/./fmha_sm100/cutlass/include/cutlass/arch
copying build/lib/fmha_sm100/cutlass/include/cutlass/arch/mma_sm50.h -> build/bdist.linux-x86_64/wheel/./fmha_sm100/cutlass/include/cutlass/arch
copying build/lib/fmha_sm100/cutlass/include/cutlass/arch/grid_dependency_control.h -> build/bdist.linux-x86_64/wheel/./fmha_sm100/cutlass/include/cutlass/arch
copying build/lib/fmha_sm100/cutlass/include/cutlass/arch/wmma_sm70.h -> build/bdist.linux-x86_64/wheel/./fmha_sm100/cutlass/include/cutlass/arch
copying build/lib/fmha_sm100/cutlass/include/cutlass/arch/memory.h -> build/bdist.linux-x86_64/wheel/./fmha_sm100/cutlass/include/cutlass/arch
copying build/lib/fmha_sm100/cutlass/include/cutlass/arch/mma_sparse_sm80.h -> build/bdist.linux-x86_64/wheel/./fmha_sm100/cutlass/include/cutlass/arch
copying build/lib/fmha_sm100/cutlass/include/cutlass/arch/mma.h -> build/bdist.linux-x86_64/wheel/./fmha_sm100/cutlass/include/cutlass/arch
copying build/lib/fmha_sm100/cutlass/include/cutlass/arch/mma_sm90.h -> build/bdist.linux-x86_64/wheel/./fmha_sm100/cutlass/include/cutlass/arch
creating build/bdist.linux-x86_64/wheel/fmha_sm100/cutlass/include/cutlass/detail
copying build/lib/fmha_sm100/cutlass/include/cutlass/detail/sm103_blockscaled_layout.hpp -> build/bdist.linux-x86_64/wheel/./fmha_sm100/cutlass/include/cutlass/detail
copying build/lib/fmha_sm100/cutlass/include/cutlass/detail/layout.hpp -> build/bdist.linux-x86_64/wheel/./fmha_sm100/cutlass/include/cutlass/detail
creating build/bdist.linux-x86_64/wheel/fmha_sm100/cutlass/include/cutlass/detail/collective
copying build/lib/fmha_sm100/cutlass/include/cutlass/detail/collective/sm103_kernel_type.hpp -> build/bdist.linux-x86_64/wheel/./fmha_sm100/cutlass/include/cutlass/detail/collective
copying build/lib/fmha_sm100/cutlass/include/cutlass/detail/collective/moe_stride_utils.hpp -> build/bdist.linux-x86_64/wheel/./fmha_sm100/cutlass/include/cutlass/detail/collective
copying build/lib/fmha_sm100/cutlass/include/cutlass/detail/collective/mixed_input_utils.hpp -> build/bdist.linux-x86_64/wheel/./fmha_sm100/cutlass/include/cutlass/detail/collective
copying build/lib/fmha_sm100/cutlass/include/cutlass/detail/blockwise_scale_layout.hpp -> build/bdist.linux-x86_64/wheel/./fmha_sm100/cutlass/include/cutlass/detail
copying build/lib/fmha_sm100/cutlass/include/cutlass/detail/sm107_blockscaled_layout.hpp -> build/bdist.linux-x86_64/wheel/./fmha_sm100/cutlass/include/cutlass/detail
copying build/lib/fmha_sm100/cutlass/include/cutlass/detail/dependent_false.hpp -> build/bdist.linux-x86_64/wheel/./fmha_sm100/cutlass/include/cutlass/detail
copying build/lib/fmha_sm100/cutlass/include/cutlass/detail/sm100_blockscaled_layout.hpp -> build/bdist.linux-x86_64/wheel/./fmha_sm100/cutlass/include/cutlass/detail
copying build/lib/fmha_sm100/cutlass/include/cutlass/detail/cluster.hpp -> build/bdist.linux-x86_64/wheel/./fmha_sm100/cutlass/include/cutlass/detail
copying build/lib/fmha_sm100/cutlass/include/cutlass/detail/mma.hpp -> build/bdist.linux-x86_64/wheel/./fmha_sm100/cutlass/include/cutlass/detail
copying build/lib/fmha_sm100/cutlass/include/cutlass/detail/mainloop_fusion_helper_scale_factor.hpp -> build/bdist.linux-x86_64/wheel/./fmha_sm100/cutlass/include/cutlass/detail
copying build/lib/fmha_sm100/cutlass/include/cutlass/detail/sm100_tmem_helper.hpp -> build/bdist.linux-x86_64/wheel/./fmha_sm100/cutlass/include/cutlass/detail
copying build/lib/fmha_sm100/cutlass/include/cutlass/detail/collective.hpp -> build/bdist.linux-x86_64/wheel/./fmha_sm100/cutlass/include/cutlass/detail
copying build/lib/fmha_sm100/cutlass/include/cutlass/detail/helper_macros.hpp -> build/bdist.linux-x86_64/wheel/./fmha_sm100/cutlass/include/cutlass/detail
copying build/lib/fmha_sm100/cutlass/include/cutlass/detail/sm100_mixed_dtype_blockwise_layout.hpp -> build/bdist.linux-x86_64/wheel/./fmha_sm100/cutlass/include/cutlass/detail
copying build/lib/fmha_sm100/cutlass/include/cutlass/tensor_ref.h -> build/bdist.linux-x86_64/wheel/./fmha_sm100/cutlass/include/cutlass
creating build/bdist.linux-x86_64/wheel/fmha_sm100/cutlass/include/cutlass/conv
creating build/bdist.linux-x86_64/wheel/fmha_sm100/cutlass/include/cutlass/conv/collective
copying build/lib/fmha_sm100/cutlass/include/cutlass/conv/collective/sm90_implicit_gemm_gmma_ss_warpspecialized.hpp -> build/bdist.linux-x86_64/wheel/./fmha_sm100/cutlass/include/cutlass/conv/collective
copying build/lib/fmha_sm100/cutlass/include/cutlass/conv/collective/sm100_implicit_gemm_umma_warpspecialized.hpp -> build/bdist.linux-x86_64/wheel/./fmha_sm100/cutlass/include/cutlass/conv/collective
copying build/lib/fmha_sm100/cutlass/include/cutlass/conv/collective/detail.hpp -> build/bdist.linux-x86_64/wheel/./fmha_sm100/cutlass/include/cutlass/conv/collective
copying build/lib/fmha_sm100/cutlass/include/cutlass/conv/collective/collective_conv.hpp -> build/bdist.linux-x86_64/wheel/./fmha_sm100/cutlass/include/cutlass/conv/collective
copying build/lib/fmha_sm100/cutlass/include/cutlass/conv/collective/collective_builder.hpp -> build/bdist.linux-x86_64/wheel/./fmha_sm100/cutlass/include/cutlass/conv/collective
creating build/bdist.linux-x86_64/wheel/fmha_sm100/cutlass/include/cutlass/conv/collective/builders
copying build/lib/fmha_sm100/cutlass/include/cutlass/conv/collective/builders/sm90_gmma_builder.inl -> build/bdist.linux-x86_64/wheel/./fmha_sm100/cutlass/include/cutlass/conv/collective/builders
copying build/lib/fmha_sm100/cutlass/include/cutlass/conv/collective/builders/sm100_common.inl -> build/bdist.linux-x86_64/wheel/./fmha_sm100/cutlass/include/cutlass/conv/collective/builders
copying build/lib/fmha_sm100/cutlass/include/cutlass/conv/collective/builders/sm90_common.inl -> build/bdist.linux-x86_64/wheel/./fmha_sm100/cutlass/include/cutlass/conv/collective/builders
copying build/lib/fmha_sm100/cutlass/include/cutlass/conv/collective/builders/sm100_umma_builder.inl -> build/bdist.linux-x86_64/wheel/./fmha_sm100/cutlass/include/cutlass/conv/collective/builders
creating build/bdist.linux-x86_64/wheel/fmha_sm100/cutlass/include/cutlass/conv/warp
copying build/lib/fmha_sm100/cutlass/include/cutlass/conv/warp/mma_depthwise_simt_tile_iterator.h -> build/bdist.linux-x86_64/wheel/./fmha_sm100/cutlass/include/cutlass/conv/warp
copying build/lib/fmha_sm100/cutlass/include/cutlass/conv/warp/scale_bias_relu_transform.h -> build/bdist.linux-x86_64/wheel/./fmha_sm100/cutlass/include/cutlass/conv/warp
copying build/lib/fmha_sm100/cutlass/include/cutlass/conv/warp/mma_depthwise_simt.h -> build/bdist.linux-x86_64/wheel/./fmha_sm100/cutlass/include/cutlass/conv/warp
creating build/bdist.linux-x86_64/wheel/fmha_sm100/cutlass/include/cutlass/conv/threadblock
copying build/lib/fmha_sm100/cutlass/include/cutlass/conv/threadblock/conv2d_dgrad_filter_tile_access_iterator_analytic.h -> build/bdist.linux-x86_64/wheel/./fmha_sm100/cutlass/include/cutlass/conv/threadblock
copying build/lib/fmha_sm100/cutlass/include/cutlass/conv/threadblock/threadblock_swizzle.h -> build/bdist.linux-x86_64/wheel/./fmha_sm100/cutlass/include/cutlass/conv/threadblock
copying build/lib/fmha_sm100/cutlass/include/cutlass/conv/threadblock/conv2d_fprop_activation_tile_access_iterator_few_channels.h -> build/bdist.linux-x86_64/wheel/./fmha_sm100/cutlass/include/cutlass/conv/threadblock
copying build/lib/fmha_sm100/cutlass/include/cutlass/conv/threadblock/conv2d_params.h -> build/bdist.linux-x86_64/wheel/./fmha_sm100/cutlass/include/cutlass/conv/threadblock
copying build/lib/fmha_sm100/cutlass/include/cutlass/conv/threadblock/depthwise_fprop_filter_tile_access_iterator_direct_conv_optimized.h -> build/bdist.linux-x86_64/wheel/./fmha_sm100/cutlass/include/cutlass/conv/threadblock
copying build/lib/fmha_sm100/cutlass/include/cutlass/conv/threadblock/conv3d_wgrad_activation_tile_access_iterator_analytic.h -> build/bdist.linux-x86_64/wheel/./fmha_sm100/cutlass/include/cutlass/conv/threadblock
copying build/lib/fmha_sm100/cutlass/include/cutlass/conv/threadblock/conv2d_fprop_activation_tile_access_iterator_analytic.h -> build/bdist.linux-x86_64/wheel/./fmha_sm100/cutlass/include/cutlass/conv/threadblock
copying build/lib/fmha_sm100/cutlass/include/cutlass/conv/threadblock/conv2d_wgrad_activation_tile_access_iterator_analytic.h -> build/bdist.linux-x86_64/wheel/./fmha_sm100/cutlass/include/cutlass/conv/threadblock
copying build/lib/fmha_sm100/cutlass/include/cutlass/conv/threadblock/conv2d_wgrad_output_gradient_tile_access_iterator_optimized.h -> build/bdist.linux-x86_64/wheel/./fmha_sm100/cutlass/include/cutlass/conv/threadblock
copying build/lib/fmha_sm100/cutlass/include/cutlass/conv/threadblock/predicated_scale_bias_vector_iterator.h -> build/bdist.linux-x86_64/wheel/./fmha_sm100/cutlass/include/cutlass/conv/threadblock
copying build/lib/fmha_sm100/cutlass/include/cutlass/conv/threadblock/predicated_scale_bias_vector_access_iterator.h -> build/bdist.linux-x86_64/wheel/./fmha_sm100/cutlass/include/cutlass/conv/threadblock
copying build/lib/fmha_sm100/cutlass/include/cutlass/conv/threadblock/conv3d_fprop_filter_tile_access_iterator_optimized.h -> build/bdist.linux-x86_64/wheel/./fmha_sm100/cutlass/include/cutlass/conv/threadblock
copying build/lib/fmha_sm100/cutlass/include/cutlass/conv/threadblock/implicit_gemm_fprop_fusion_multistage.h -> build/bdist.linux-x86_64/wheel/./fmha_sm100/cutlass/include/cutlass/conv/threadblock
copying build/lib/fmha_sm100/cutlass/include/cutlass/conv/threadblock/depthwise_fprop_activation_tile_access_iterator_direct_conv_optimized.h -> build/bdist.linux-x86_64/wheel/./fmha_sm100/cutlass/include/cutlass/conv/threadblock
copying build/lib/fmha_sm100/cutlass/include/cutlass/conv/threadblock/conv3d_fprop_activation_tile_access_iterator_analytic.h -> build/bdist.linux-x86_64/wheel/./fmha_sm100/cutlass/include/cutlass/conv/threadblock
copying build/lib/fmha_sm100/cutlass/include/cutlass/conv/threadblock/conv3d_params.h -> build/bdist.linux-x86_64/wheel/./fmha_sm100/cutlass/include/cutlass/conv/threadblock
copying build/lib/fmha_sm100/cutlass/include/cutlass/conv/threadblock/conv2d_fprop_filter_tile_access_iterator_analytic.h -> build/bdist.linux-x86_64/wheel/./fmha_sm100/cutlass/include/cutlass/conv/threadblock
copying build/lib/fmha_sm100/cutlass/include/cutlass/conv/threadblock/conv2d_wgrad_output_gradient_tile_access_iterator_analytic.h -> build/bdist.linux-x86_64/wheel/./fmha_sm100/cutlass/include/cutlass/conv/threadblock
copying build/lib/fmha_sm100/cutlass/include/cutlass/conv/threadblock/conv3d_dgrad_output_gradient_tile_access_iterator_optimized.h -> build/bdist.linux-x86_64/wheel/./fmha_sm100/cutlass/include/cutlass/conv/threadblock
copying build/lib/fmha_sm100/cutlass/include/cutlass/conv/threadblock/conv3d_dgrad_filter_tile_access_iterator_optimized.h -> build/bdist.linux-x86_64/wheel/./fmha_sm100/cutlass/include/cutlass/conv/threadblock
copying build/lib/fmha_sm100/cutlass/include/cutlass/conv/threadblock/implicit_gemm_pipelined.h -> build/bdist.linux-x86_64/wheel/./fmha_sm100/cutlass/include/cutlass/conv/threadblock
copying build/lib/fmha_sm100/cutlass/include/cutlass/conv/threadblock/conv3d_dgrad_output_gradient_tile_access_iterator_analytic.h -> build/bdist.linux-x86_64/wheel/./fmha_sm100/cutlass/include/cutlass/conv/threadblock
copying build/lib/fmha_sm100/cutlass/include/cutlass/conv/threadblock/conv2d_wgrad_activation_tile_access_iterator_optimized.h -> build/bdist.linux-x86_64/wheel/./fmha_sm100/cutlass/include/cutlass/conv/threadblock
copying build/lib/fmha_sm100/cutlass/include/cutlass/conv/threadblock/conv2d_tile_iterator.h -> build/bdist.linux-x86_64/wheel/./fmha_sm100/cutlass/include/cutlass/conv/threadblock
copying build/lib/fmha_sm100/cutlass/include/cutlass/conv/threadblock/conv2d_fprop_filter_tile_access_iterator_fixed_channels.h -> build/bdist.linux-x86_64/wheel/./fmha_sm100/cutlass/include/cutlass/conv/threadblock
copying build/lib/fmha_sm100/cutlass/include/cutlass/conv/threadblock/conv3d_wgrad_output_gradient_tile_access_iterator_optimized.h -> build/bdist.linux-x86_64/wheel/./fmha_sm100/cutlass/include/cutlass/conv/threadblock
copying build/lib/fmha_sm100/cutlass/include/cutlass/conv/threadblock/depthwise_fprop_direct_conv_multistage.h -> build/bdist.linux-x86_64/wheel/./fmha_sm100/cutlass/include/cutlass/conv/threadblock
copying build/lib/fmha_sm100/cutlass/include/cutlass/conv/threadblock/conv2d_dgrad_filter_tile_access_iterator_optimized.h -> build/bdist.linux-x86_64/wheel/./fmha_sm100/cutlass/include/cutlass/conv/threadblock
copying build/lib/fmha_sm100/cutlass/include/cutlass/conv/threadblock/depthwise_fprop_activation_tile_access_iterator_direct_conv_fixed_stride_dilation.h -> build/bdist.linux-x86_64/wheel/./fmha_sm100/cutlass/include/cutlass/conv/threadblock
copying build/lib/fmha_sm100/cutlass/include/cutlass/conv/threadblock/depthwise_direct_conv_params.h -> build/bdist.linux-x86_64/wheel/./fmha_sm100/cutlass/include/cutlass/conv/threadblock
copying build/lib/fmha_sm100/cutlass/include/cutlass/conv/threadblock/implicit_gemm_wgrad_fusion_multistage.h -> build/bdist.linux-x86_64/wheel/./fmha_sm100/cutlass/include/cutlass/conv/threadblock
copying build/lib/fmha_sm100/cutlass/include/cutlass/conv/threadblock/depthwise_fprop_pipelined.h -> build/bdist.linux-x86_64/wheel/./fmha_sm100/cutlass/include/cutlass/conv/threadblock
copying build/lib/fmha_sm100/cutlass/include/cutlass/conv/threadblock/conv3d_wgrad_activation_tile_access_iterator_optimized.h -> build/bdist.linux-x86_64/wheel/./fmha_sm100/cutlass/include/cutlass/conv/threadblock
copying build/lib/fmha_sm100/cutlass/include/cutlass/conv/threadblock/depthwise_mma_base.h -> build/bdist.linux-x86_64/wheel/./fmha_sm100/cutlass/include/cutlass/conv/threadblock
copying build/lib/fmha_sm100/cutlass/include/cutlass/conv/threadblock/conv2d_fprop_activation_tile_access_iterator_optimized.h -> build/bdist.linux-x86_64/wheel/./fmha_sm100/cutlass/include/cutlass/conv/threadblock
copying build/lib/fmha_sm100/cutlass/include/cutlass/conv/threadblock/conv2d_fprop_filter_tile_access_iterator_optimized.h -> build/bdist.linux-x86_64/wheel/./fmha_sm100/cutlass/include/cutlass/conv/threadblock
copying build/lib/fmha_sm100/cutlass/include/cutlass/conv/threadblock/depthwise_mma_core_with_lane_access_size.h -> build/bdist.linux-x86_64/wheel/./fmha_sm100/cutlass/include/cutlass/conv/threadblock
copying build/lib/fmha_sm100/cutlass/include/cutlass/conv/threadblock/implicit_gemm_multistage.h -> build/bdist.linux-x86_64/wheel/./fmha_sm100/cutlass/include/cutlass/conv/threadblock
copying build/lib/fmha_sm100/cutlass/include/cutlass/conv/threadblock/conv2d_dgrad_output_gradient_tile_access_iterator_analytic.h -> build/bdist.linux-x86_64/wheel/./fmha_sm100/cutlass/include/cutlass/conv/threadblock
copying build/lib/fmha_sm100/cutlass/include/cutlass/conv/threadblock/conv2d_dgrad_output_gradient_tile_access_iterator_optimized.h -> build/bdist.linux-x86_64/wheel/./fmha_sm100/cutlass/include/cutlass/conv/threadblock
copying build/lib/fmha_sm100/cutlass/include/cutlass/conv/threadblock/conv3d_fprop_activation_tile_access_iterator_optimized.h -> build/bdist.linux-x86_64/wheel/./fmha_sm100/cutlass/include/cutlass/conv/threadblock
copying build/lib/fmha_sm100/cutlass/include/cutlass/conv/threadblock/conv3d_dgrad_filter_tile_access_iterator_analytic.h -> build/bdist.linux-x86_64/wheel/./fmha_sm100/cutlass/include/cutlass/conv/threadblock
copying build/lib/fmha_sm100/cutlass/include/cutlass/conv/threadblock/conv3d_fprop_filter_tile_access_iterator_analytic.h -> build/bdist.linux-x86_64/wheel/./fmha_sm100/cutlass/include/cutlass/conv/threadblock
copying build/lib/fmha_sm100/cutlass/include/cutlass/conv/threadblock/conv2d_fprop_activation_tile_access_iterator_fixed_channels.h -> build/bdist.linux-x86_64/wheel/./fmha_sm100/cutlass/include/cutlass/conv/threadblock
copying build/lib/fmha_sm100/cutlass/include/cutlass/conv/threadblock/conv2d_fprop_filter_tile_access_iterator_few_channels.h -> build/bdist.linux-x86_64/wheel/./fmha_sm100/cutlass/include/cutlass/conv/threadblock
copying build/lib/fmha_sm100/cutlass/include/cutlass/conv/threadblock/conv3d_wgrad_output_gradient_tile_access_iterator_analytic.h -> build/bdist.linux-x86_64/wheel/./fmha_sm100/cutlass/include/cutlass/conv/threadblock
creating build/bdist.linux-x86_64/wheel/fmha_sm100/cutlass/include/cutlass/conv/kernel
copying build/lib/fmha_sm100/cutlass/include/cutlass/conv/kernel/default_depthwise_fprop.h -> build/bdist.linux-x86_64/wheel/./fmha_sm100/cutlass/include/cutlass/conv/kernel
copying build/lib/fmha_sm100/cutlass/include/cutlass/conv/kernel/default_deconv3d_with_broadcast.h -> build/bdist.linux-x86_64/wheel/./fmha_sm100/cutlass/include/cutlass/conv/kernel
copying build/lib/fmha_sm100/cutlass/include/cutlass/conv/kernel/implicit_gemm_convolution_strided_dgrad.h -> build/bdist.linux-x86_64/wheel/./fmha_sm100/cutlass/include/cutlass/conv/kernel
copying build/lib/fmha_sm100/cutlass/include/cutlass/conv/kernel/conv_universal.hpp -> build/bdist.linux-x86_64/wheel/./fmha_sm100/cutlass/include/cutlass/conv/kernel
copying build/lib/fmha_sm100/cutlass/include/cutlass/conv/kernel/default_deconv3d.h -> build/bdist.linux-x86_64/wheel/./fmha_sm100/cutlass/include/cutlass/conv/kernel
copying build/lib/fmha_sm100/cutlass/include/cutlass/conv/kernel/default_conv3d_dgrad.h -> build/bdist.linux-x86_64/wheel/./fmha_sm100/cutlass/include/cutlass/conv/kernel
copying build/lib/fmha_sm100/cutlass/include/cutlass/conv/kernel/default_conv3d_fprop_with_broadcast.h -> build/bdist.linux-x86_64/wheel/./fmha_sm100/cutlass/include/cutlass/conv/kernel
copying build/lib/fmha_sm100/cutlass/include/cutlass/conv/kernel/implicit_gemm_convolution_with_absmax.h -> build/bdist.linux-x86_64/wheel/./fmha_sm100/cutlass/include/cutlass/conv/kernel
copying build/lib/fmha_sm100/cutlass/include/cutlass/conv/kernel/default_conv3d_fprop_fusion.h -> build/bdist.linux-x86_64/wheel/./fmha_sm100/cutlass/include/cutlass/conv/kernel
copying build/lib/fmha_sm100/cutlass/include/cutlass/conv/kernel/default_conv2d_fprop.h -> build/bdist.linux-x86_64/wheel/./fmha_sm100/cutlass/include/cutlass/conv/kernel
copying build/lib/fmha_sm100/cutlass/include/cutlass/conv/kernel/default_conv2d_fprop_fusion.h -> build/bdist.linux-x86_64/wheel/./fmha_sm100/cutlass/include/cutlass/conv/kernel
copying build/lib/fmha_sm100/cutlass/include/cutlass/conv/kernel/sm100_implicit_gemm_tma_warpspecialized.hpp -> build/bdist.linux-x86_64/wheel/./fmha_sm100/cutlass/include/cutlass/conv/kernel
copying build/lib/fmha_sm100/cutlass/include/cutlass/conv/kernel/default_conv2d_fprop_with_reduction.h -> build/bdist.linux-x86_64/wheel/./fmha_sm100/cutlass/include/cutlass/conv/kernel
copying build/lib/fmha_sm100/cutlass/include/cutlass/conv/kernel/default_conv3d_wgrad.h -> build/bdist.linux-x86_64/wheel/./fmha_sm100/cutlass/include/cutlass/conv/kernel
copying build/lib/fmha_sm100/cutlass/include/cutlass/conv/kernel/default_conv2d.h -> build/bdist.linux-x86_64/wheel/./fmha_sm100/cutlass/include/cutlass/conv/kernel
copying build/lib/fmha_sm100/cutlass/include/cutlass/conv/kernel/default_conv2d_wgrad.h -> build/bdist.linux-x86_64/wheel/./fmha_sm100/cutlass/include/cutlass/conv/kernel
copying build/lib/fmha_sm100/cutlass/include/cutlass/conv/kernel/default_conv2d_fprop_with_absmax.h -> build/bdist.linux-x86_64/wheel/./fmha_sm100/cutlass/include/cutlass/conv/kernel
copying build/lib/fmha_sm100/cutlass/include/cutlass/conv/kernel/default_conv3d_fprop.h -> build/bdist.linux-x86_64/wheel/./fmha_sm100/cutlass/include/cutlass/conv/kernel
copying build/lib/fmha_sm100/cutlass/include/cutlass/conv/kernel/direct_convolution.h -> build/bdist.linux-x86_64/wheel/./fmha_sm100/cutlass/include/cutlass/conv/kernel
copying build/lib/fmha_sm100/cutlass/include/cutlass/conv/kernel/implicit_gemm_convolution.h -> build/bdist.linux-x86_64/wheel/./fmha_sm100/cutlass/include/cutlass/conv/kernel
copying build/lib/fmha_sm100/cutlass/include/cutlass/conv/kernel/default_conv2d_fprop_with_broadcast.h -> build/bdist.linux-x86_64/wheel/./fmha_sm100/cutlass/include/cutlass/conv/kernel
copying build/lib/fmha_sm100/cutlass/include/cutlass/conv/kernel/default_deconv2d.h -> build/bdist.linux-x86_64/wheel/./fmha_sm100/cutlass/include/cutlass/conv/kernel
copying build/lib/fmha_sm100/cutlass/include/cutlass/conv/kernel/default_conv2d_wgrad_fusion.h -> build/bdist.linux-x86_64/wheel/./fmha_sm100/cutlass/include/cutlass/conv/kernel
copying build/lib/fmha_sm100/cutlass/include/cutlass/conv/kernel/sm90_implicit_gemm_tma_warpspecialized.hpp -> build/bdist.linux-x86_64/wheel/./fmha_sm100/cutlass/include/cutlass/conv/kernel
copying build/lib/fmha_sm100/cutlass/include/cutlass/conv/kernel/default_conv2d_group_fprop.h -> build/bdist.linux-x86_64/wheel/./fmha_sm100/cutlass/include/cutlass/conv/kernel
copying build/lib/fmha_sm100/cutlass/include/cutlass/conv/kernel/implicit_gemm_convolution_fusion.h -> build/bdist.linux-x86_64/wheel/./fmha_sm100/cutlass/include/cutlass/conv/kernel
copying build/lib/fmha_sm100/cutlass/include/cutlass/conv/kernel/implicit_gemm_convolution_with_fused_epilogue.h -> build/bdist.linux-x86_64/wheel/./fmha_sm100/cutlass/include/cutlass/conv/kernel
copying build/lib/fmha_sm100/cutlass/include/cutlass/conv/kernel/default_deconv2d_with_broadcast.h -> build/bdist.linux-x86_64/wheel/./fmha_sm100/cutlass/include/cutlass/conv/kernel
copying build/lib/fmha_sm100/cutlass/include/cutlass/conv/kernel/default_conv2d_dgrad.h -> build/bdist.linux-x86_64/wheel/./fmha_sm100/cutlass/include/cutlass/conv/kernel
copying build/lib/fmha_sm100/cutlass/include/cutlass/conv/detail.hpp -> build/bdist.linux-x86_64/wheel/./fmha_sm100/cutlass/include/cutlass/conv
copying build/lib/fmha_sm100/cutlass/include/cutlass/conv/convnd_problem_shape.hpp -> build/bdist.linux-x86_64/wheel/./fmha_sm100/cutlass/include/cutlass/conv
creating build/bdist.linux-x86_64/wheel/fmha_sm100/cutlass/include/cutlass/conv/device
copying build/lib/fmha_sm100/cutlass/include/cutlass/conv/device/conv_universal_adapter.hpp -> build/bdist.linux-x86_64/wheel/./fmha_sm100/cutlass/include/cutlass/conv/device
copying build/lib/fmha_sm100/cutlass/include/cutlass/conv/device/direct_convolution.h -> build/bdist.linux-x86_64/wheel/./fmha_sm100/cutlass/include/cutlass/conv/device
copying build/lib/fmha_sm100/cutlass/include/cutlass/conv/device/implicit_gemm_convolution.h -> build/bdist.linux-x86_64/wheel/./fmha_sm100/cutlass/include/cutlass/conv/device
copying build/lib/fmha_sm100/cutlass/include/cutlass/conv/device/implicit_gemm_convolution_fusion.h -> build/bdist.linux-x86_64/wheel/./fmha_sm100/cutlass/include/cutlass/conv/device
creating build/bdist.linux-x86_64/wheel/fmha_sm100/cutlass/include/cutlass/conv/thread
copying build/lib/fmha_sm100/cutlass/include/cutlass/conv/thread/depthwise_mma.h -> build/bdist.linux-x86_64/wheel/./fmha_sm100/cutlass/include/cutlass/conv/thread
copying build/lib/fmha_sm100/cutlass/include/cutlass/conv/convolution.h -> build/bdist.linux-x86_64/wheel/./fmha_sm100/cutlass/include/cutlass/conv
copying build/lib/fmha_sm100/cutlass/include/cutlass/conv/dispatch_policy.hpp -> build/bdist.linux-x86_64/wheel/./fmha_sm100/cutlass/include/cutlass/conv
copying build/lib/fmha_sm100/cutlass/include/cutlass/conv/conv2d_problem_size.h -> build/bdist.linux-x86_64/wheel/./fmha_sm100/cutlass/include/cutlass/conv
copying build/lib/fmha_sm100/cutlass/include/cutlass/conv/conv3d_problem_size.h -> build/bdist.linux-x86_64/wheel/./fmha_sm100/cutlass/include/cutlass/conv
copying build/lib/fmha_sm100/cutlass/include/cutlass/pitch_linear_coord.h -> build/bdist.linux-x86_64/wheel/./fmha_sm100/cutlass/include/cutlass
copying build/lib/fmha_sm100/cutlass/include/cutlass/predicate_vector.h -> build/bdist.linux-x86_64/wheel/./fmha_sm100/cutlass/include/cutlass
copying build/lib/fmha_sm100/cutlass/include/cutlass/cutlass.h -> build/bdist.linux-x86_64/wheel/./fmha_sm100/cutlass/include/cutlass
copying build/lib/fmha_sm100/cutlass/include/cutlass/semaphore.h -> build/bdist.linux-x86_64/wheel/./fmha_sm100/cutlass/include/cutlass
copying build/lib/fmha_sm100/cutlass/include/cutlass/core_io.h -> build/bdist.linux-x86_64/wheel/./fmha_sm100/cutlass/include/cutlass
copying build/lib/fmha_sm100/cutlass/include/cutlass/cuda_host_adapter.hpp -> build/bdist.linux-x86_64/wheel/./fmha_sm100/cutlass/include/cutlass
copying build/lib/fmha_sm100/cutlass/include/cutlass/coord.h -> build/bdist.linux-x86_64/wheel/./fmha_sm100/cutlass/include/cutlass
copying build/lib/fmha_sm100/cutlass/include/cutlass/gemm_coord.h -> build/bdist.linux-x86_64/wheel/./fmha_sm100/cutlass/include/cutlass
copying build/lib/fmha_sm100/cutlass/include/cutlass/workspace.h -> build/bdist.linux-x86_64/wheel/./fmha_sm100/cutlass/include/cutlass
copying build/lib/fmha_sm100/cutlass/include/cutlass/numeric_size.h -> build/bdist.linux-x86_64/wheel/./fmha_sm100/cutlass/include/cutlass
copying build/lib/fmha_sm100/cutlass/include/cutlass/exmy_base.h -> build/bdist.linux-x86_64/wheel/./fmha_sm100/cutlass/include/cutlass
creating build/bdist.linux-x86_64/wheel/fmha_sm100/cutlass/include/cutlass/transform
copying build/lib/fmha_sm100/cutlass/include/cutlass/transform/pitch_linear_thread_map.h -> build/bdist.linux-x86_64/wheel/./fmha_sm100/cutlass/include/cutlass/transform
creating build/bdist.linux-x86_64/wheel/fmha_sm100/cutlass/include/cutlass/transform/collective
copying build/lib/fmha_sm100/cutlass/include/cutlass/transform/collective/sm90_wgmma_transpose.hpp -> build/bdist.linux-x86_64/wheel/./fmha_sm100/cutlass/include/cutlass/transform/collective
creating build/bdist.linux-x86_64/wheel/fmha_sm100/cutlass/include/cutlass/transform/warp
copying build/lib/fmha_sm100/cutlass/include/cutlass/transform/warp/vector_fragment_iterator.h -> build/bdist.linux-x86_64/wheel/./fmha_sm100/cutlass/include/cutlass/transform/warp
creating build/bdist.linux-x86_64/wheel/fmha_sm100/cutlass/include/cutlass/transform/threadblock
copying build/lib/fmha_sm100/cutlass/include/cutlass/transform/threadblock/regular_tile_iterator_pitch_linear.h -> build/bdist.linux-x86_64/wheel/./fmha_sm100/cutlass/include/cutlass/transform/threadblock
copying build/lib/fmha_sm100/cutlass/include/cutlass/transform/threadblock/predicated_tile_iterator_2dthreadtile.h -> build/bdist.linux-x86_64/wheel/./fmha_sm100/cutlass/include/cutlass/transform/threadblock
copying build/lib/fmha_sm100/cutlass/include/cutlass/transform/threadblock/regular_tile_access_iterator_pitch_linear.h -> build/bdist.linux-x86_64/wheel/./fmha_sm100/cutlass/include/cutlass/transform/threadblock
copying build/lib/fmha_sm100/cutlass/include/cutlass/transform/threadblock/predicated_tile_access_iterator_params.h -> build/bdist.linux-x86_64/wheel/./fmha_sm100/cutlass/include/cutlass/transform/threadblock
copying build/lib/fmha_sm100/cutlass/include/cutlass/transform/threadblock/predicated_tile_iterator.h -> build/bdist.linux-x86_64/wheel/./fmha_sm100/cutlass/include/cutlass/transform/threadblock
copying build/lib/fmha_sm100/cutlass/include/cutlass/transform/threadblock/regular_tile_iterator_tensor_op_sm70.h -> build/bdist.linux-x86_64/wheel/./fmha_sm100/cutlass/include/cutlass/transform/threadblock
copying build/lib/fmha_sm100/cutlass/include/cutlass/transform/threadblock/predicated_scale_bias_vector_iterator.h -> build/bdist.linux-x86_64/wheel/./fmha_sm100/cutlass/include/cutlass/transform/threadblock
copying build/lib/fmha_sm100/cutlass/include/cutlass/transform/threadblock/predicated_scale_bias_vector_access_iterator.h -> build/bdist.linux-x86_64/wheel/./fmha_sm100/cutlass/include/cutlass/transform/threadblock
copying build/lib/fmha_sm100/cutlass/include/cutlass/transform/threadblock/ell_iterator.h -> build/bdist.linux-x86_64/wheel/./fmha_sm100/cutlass/include/cutlass/transform/threadblock
copying build/lib/fmha_sm100/cutlass/include/cutlass/transform/threadblock/regular_tile_access_iterator.h -> build/bdist.linux-x86_64/wheel/./fmha_sm100/cutlass/include/cutlass/transform/threadblock
copying build/lib/fmha_sm100/cutlass/include/cutlass/transform/threadblock/predicated_tile_access_iterator.h -> build/bdist.linux-x86_64/wheel/./fmha_sm100/cutlass/include/cutlass/transform/threadblock
copying build/lib/fmha_sm100/cutlass/include/cutlass/transform/threadblock/ell_predicated_tile_iterator.h -> build/bdist.linux-x86_64/wheel/./fmha_sm100/cutlass/include/cutlass/transform/threadblock
copying build/lib/fmha_sm100/cutlass/include/cutlass/transform/threadblock/predicated_tile_access_iterator_triangular_matrix.h -> build/bdist.linux-x86_64/wheel/./fmha_sm100/cutlass/include/cutlass/transform/threadblock
copying build/lib/fmha_sm100/cutlass/include/cutlass/transform/threadblock/regular_scale_bias_vector_access_iterator.h -> build/bdist.linux-x86_64/wheel/./fmha_sm100/cutlass/include/cutlass/transform/threadblock
copying build/lib/fmha_sm100/cutlass/include/cutlass/transform/threadblock/regular_tile_access_iterator_tensor_op_sm80.h -> build/bdist.linux-x86_64/wheel/./fmha_sm100/cutlass/include/cutlass/transform/threadblock
copying build/lib/fmha_sm100/cutlass/include/cutlass/transform/threadblock/regular_tile_iterator_tensor_op.h -> build/bdist.linux-x86_64/wheel/./fmha_sm100/cutlass/include/cutlass/transform/threadblock
copying build/lib/fmha_sm100/cutlass/include/cutlass/transform/threadblock/vector_iterator.h -> build/bdist.linux-x86_64/wheel/./fmha_sm100/cutlass/include/cutlass/transform/threadblock
copying build/lib/fmha_sm100/cutlass/include/cutlass/transform/threadblock/predicated_tile_iterator_triangular_matrix.h -> build/bdist.linux-x86_64/wheel/./fmha_sm100/cutlass/include/cutlass/transform/threadblock
copying build/lib/fmha_sm100/cutlass/include/cutlass/transform/threadblock/regular_tile_access_iterator_pitch_linear_direct_conv.h -> build/bdist.linux-x86_64/wheel/./fmha_sm100/cutlass/include/cutlass/transform/threadblock
copying build/lib/fmha_sm100/cutlass/include/cutlass/transform/threadblock/regular_tile_iterator_pitch_linear_2dthreadtile.h -> build/bdist.linux-x86_64/wheel/./fmha_sm100/cutlass/include/cutlass/transform/threadblock
copying build/lib/fmha_sm100/cutlass/include/cutlass/transform/threadblock/predicated_vector_access_iterator.h -> build/bdist.linux-x86_64/wheel/./fmha_sm100/cutlass/include/cutlass/transform/threadblock
copying build/lib/fmha_sm100/cutlass/include/cutlass/transform/threadblock/ell_predicated_tile_access_iterator.h -> build/bdist.linux-x86_64/wheel/./fmha_sm100/cutlass/include/cutlass/transform/threadblock
copying build/lib/fmha_sm100/cutlass/include/cutlass/transform/threadblock/regular_tile_iterator.h -> build/bdist.linux-x86_64/wheel/./fmha_sm100/cutlass/include/cutlass/transform/threadblock
copying build/lib/fmha_sm100/cutlass/include/cutlass/transform/threadblock/regular_tile_access_iterator_tensor_op.h -> build/bdist.linux-x86_64/wheel/./fmha_sm100/cutlass/include/cutlass/transform/threadblock
copying build/lib/fmha_sm100/cutlass/include/cutlass/transform/threadblock/predicated_tile_access_iterator_2dthreadtile.h -> build/bdist.linux-x86_64/wheel/./fmha_sm100/cutlass/include/cutlass/transform/threadblock
creating build/bdist.linux-x86_64/wheel/fmha_sm100/cutlass/include/cutlass/transform/kernel
copying build/lib/fmha_sm100/cutlass/include/cutlass/transform/kernel/filter_format_transformer.hpp -> build/bdist.linux-x86_64/wheel/./fmha_sm100/cutlass/include/cutlass/transform/kernel
copying build/lib/fmha_sm100/cutlass/include/cutlass/transform/kernel/sm90_sparse_gemm_compressor.hpp -> build/bdist.linux-x86_64/wheel/./fmha_sm100/cutlass/include/cutlass/transform/kernel
copying build/lib/fmha_sm100/cutlass/include/cutlass/transform/kernel/sparse_gemm_compressor.hpp -> build/bdist.linux-x86_64/wheel/./fmha_sm100/cutlass/include/cutlass/transform/kernel
creating build/bdist.linux-x86_64/wheel/fmha_sm100/cutlass/include/cutlass/transform/device
copying build/lib/fmha_sm100/cutlass/include/cutlass/transform/device/transform_universal_adapter.hpp -> build/bdist.linux-x86_64/wheel/./fmha_sm100/cutlass/include/cutlass/transform/device
creating build/bdist.linux-x86_64/wheel/fmha_sm100/cutlass/include/cutlass/transform/thread
copying build/lib/fmha_sm100/cutlass/include/cutlass/transform/thread/transpose.h -> build/bdist.linux-x86_64/wheel/./fmha_sm100/cutlass/include/cutlass/transform/thread
copying build/lib/fmha_sm100/cutlass/include/cutlass/transform/thread/unary_op.h -> build/bdist.linux-x86_64/wheel/./fmha_sm100/cutlass/include/cutlass/transform/thread
copying build/lib/fmha_sm100/cutlass/include/cutlass/real.h -> build/bdist.linux-x86_64/wheel/./fmha_sm100/cutlass/include/cutlass
copying build/lib/fmha_sm100/cutlass/include/cutlass/block_striped.h -> build/bdist.linux-x86_64/wheel/./fmha_sm100/cutlass/include/cutlass
copying build/lib/fmha_sm100/cutlass/include/cutlass/kernel_hardware_info.h -> build/bdist.linux-x86_64/wheel/./fmha_sm100/cutlass/include/cutlass
copying build/lib/fmha_sm100/cutlass/include/cutlass/tensor_coord.h -> build/bdist.linux-x86_64/wheel/./fmha_sm100/cutlass/include/cutlass
copying build/lib/fmha_sm100/cutlass/include/cutlass/half.h -> build/bdist.linux-x86_64/wheel/./fmha_sm100/cutlass/include/cutlass
copying build/lib/fmha_sm100/cutlass/include/cutlass/tensor_view_planar_complex.h -> build/bdist.linux-x86_64/wheel/./fmha_sm100/cutlass/include/cutlass
copying build/lib/fmha_sm100/cutlass/include/cutlass/barrier.h -> build/bdist.linux-x86_64/wheel/./fmha_sm100/cutlass/include/cutlass
creating build/bdist.linux-x86_64/wheel/fmha_sm100/cutlass/include/cutlass/layout
copying build/lib/fmha_sm100/cutlass/include/cutlass/layout/vector.h -> build/bdist.linux-x86_64/wheel/./fmha_sm100/cutlass/include/cutlass/layout
copying build/lib/fmha_sm100/cutlass/include/cutlass/layout/tensor_op_multiplicand_sm75.h -> build/bdist.linux-x86_64/wheel/./fmha_sm100/cutlass/include/cutlass/layout
copying build/lib/fmha_sm100/cutlass/include/cutlass/layout/layout.h -> build/bdist.linux-x86_64/wheel/./fmha_sm100/cutlass/include/cutlass/layout
copying build/lib/fmha_sm100/cutlass/include/cutlass/layout/pitch_linear.h -> build/bdist.linux-x86_64/wheel/./fmha_sm100/cutlass/include/cutlass/layout
copying build/lib/fmha_sm100/cutlass/include/cutlass/layout/permute.h -> build/bdist.linux-x86_64/wheel/./fmha_sm100/cutlass/include/cutlass/layout
copying build/lib/fmha_sm100/cutlass/include/cutlass/layout/tensor_op_multiplicand_sm70.h -> build/bdist.linux-x86_64/wheel/./fmha_sm100/cutlass/include/cutlass/layout
copying build/lib/fmha_sm100/cutlass/include/cutlass/layout/tensor.h -> build/bdist.linux-x86_64/wheel/./fmha_sm100/cutlass/include/cutlass/layout
copying build/lib/fmha_sm100/cutlass/include/cutlass/layout/matrix.h -> build/bdist.linux-x86_64/wheel/./fmha_sm100/cutlass/include/cutlass/layout
copying build/lib/fmha_sm100/cutlass/include/cutlass/layout/tensor_op_multiplicand_sm80.h -> build/bdist.linux-x86_64/wheel/./fmha_sm100/cutlass/include/cutlass/layout
copying build/lib/fmha_sm100/cutlass/include/cutlass/complex.h -> build/bdist.linux-x86_64/wheel/./fmha_sm100/cutlass/include/cutlass
copying build/lib/fmha_sm100/cutlass/include/cutlass/blas3.h -> build/bdist.linux-x86_64/wheel/./fmha_sm100/cutlass/include/cutlass
copying build/lib/fmha_sm100/cutlass/include/cutlass/trace.h -> build/bdist.linux-x86_64/wheel/./fmha_sm100/cutlass/include/cutlass
creating build/bdist.linux-x86_64/wheel/fmha_sm100/cutlass/include/cutlass/pipeline
copying build/lib/fmha_sm100/cutlass/include/cutlass/pipeline/sm90_pipeline.hpp -> build/bdist.linux-x86_64/wheel/./fmha_sm100/cutlass/include/cutlass/pipeline
copying build/lib/fmha_sm100/cutlass/include/cutlass/pipeline/pipeline.hpp -> build/bdist.linux-x86_64/wheel/./fmha_sm100/cutlass/include/cutlass/pipeline
copying build/lib/fmha_sm100/cutlass/include/cutlass/pipeline/sm100_pipeline.hpp -> build/bdist.linux-x86_64/wheel/./fmha_sm100/cutlass/include/cutlass/pipeline
creating build/bdist.linux-x86_64/wheel/fmha_sm100/cutlass/include/cutlass/reduction
copying build/lib/fmha_sm100/cutlass/include/cutlass/reduction/threadblock_swizzle.h -> build/bdist.linux-x86_64/wheel/./fmha_sm100/cutlass/include/cutlass/reduction
creating build/bdist.linux-x86_64/wheel/fmha_sm100/cutlass/include/cutlass/reduction/kernel
copying build/lib/fmha_sm100/cutlass/include/cutlass/reduction/kernel/reduce_softmax_final.h -> build/bdist.linux-x86_64/wheel/./fmha_sm100/cutlass/include/cutlass/reduction/kernel
copying build/lib/fmha_sm100/cutlass/include/cutlass/reduction/kernel/tensor_reduce_affine_contiguous.h -> build/bdist.linux-x86_64/wheel/./fmha_sm100/cutlass/include/cutlass/reduction/kernel
copying build/lib/fmha_sm100/cutlass/include/cutlass/reduction/kernel/tensor_reduce_affine_strided.h -> build/bdist.linux-x86_64/wheel/./fmha_sm100/cutlass/include/cutlass/reduction/kernel
copying build/lib/fmha_sm100/cutlass/include/cutlass/reduction/kernel/reduce_split_k.h -> build/bdist.linux-x86_64/wheel/./fmha_sm100/cutlass/include/cutlass/reduction/kernel
creating build/bdist.linux-x86_64/wheel/fmha_sm100/cutlass/include/cutlass/reduction/device
copying build/lib/fmha_sm100/cutlass/include/cutlass/reduction/device/tensor_reduce.h -> build/bdist.linux-x86_64/wheel/./fmha_sm100/cutlass/include/cutlass/reduction/device
copying build/lib/fmha_sm100/cutlass/include/cutlass/reduction/device/tensor_reduce_affine_contiguous.h -> build/bdist.linux-x86_64/wheel/./fmha_sm100/cutlass/include/cutlass/reduction/device
copying build/lib/fmha_sm100/cutlass/include/cutlass/reduction/device/tensor_reduce_affine_strided.h -> build/bdist.linux-x86_64/wheel/./fmha_sm100/cutlass/include/cutlass/reduction/device
copying build/lib/fmha_sm100/cutlass/include/cutlass/reduction/device/reduce_split_k.h -> build/bdist.linux-x86_64/wheel/./fmha_sm100/cutlass/include/cutlass/reduction/device
creating build/bdist.linux-x86_64/wheel/fmha_sm100/cutlass/include/cutlass/reduction/thread
copying build/lib/fmha_sm100/cutlass/include/cutlass/reduction/thread/reduce.h -> build/bdist.linux-x86_64/wheel/./fmha_sm100/cutlass/include/cutlass/reduction/thread
copying build/lib/fmha_sm100/cutlass/include/cutlass/reduction/thread/reduction_operators.h -> build/bdist.linux-x86_64/wheel/./fmha_sm100/cutlass/include/cutlass/reduction/thread
copying build/lib/fmha_sm100/cutlass/include/cutlass/constants.h -> build/bdist.linux-x86_64/wheel/./fmha_sm100/cutlass/include/cutlass
copying build/lib/fmha_sm100/cutlass/include/cutlass/tensor_view.h -> build/bdist.linux-x86_64/wheel/./fmha_sm100/cutlass/include/cutlass
creating build/bdist.linux-x86_64/wheel/fmha_sm100/cutlass/include/cutlass/thread
copying build/lib/fmha_sm100/cutlass/include/cutlass/thread/matrix.h -> build/bdist.linux-x86_64/wheel/./fmha_sm100/cutlass/include/cutlass/thread
copying build/lib/fmha_sm100/cutlass/include/cutlass/matrix_coord.h -> build/bdist.linux-x86_64/wheel/./fmha_sm100/cutlass/include/cutlass
creating build/bdist.linux-x86_64/wheel/fmha_sm100/cutlass/include/cutlass/experimental
creating build/bdist.linux-x86_64/wheel/fmha_sm100/cutlass/include/cutlass/experimental/distributed
creating build/bdist.linux-x86_64/wheel/fmha_sm100/cutlass/include/cutlass/experimental/distributed/schedules
copying build/lib/fmha_sm100/cutlass/include/cutlass/experimental/distributed/schedules/dist_gemm_base_schedule.hpp -> build/bdist.linux-x86_64/wheel/./fmha_sm100/cutlass/include/cutlass/experimental/distributed/schedules
copying build/lib/fmha_sm100/cutlass/include/cutlass/experimental/distributed/schedules/dist_gemm_1d_schedules.hpp -> build/bdist.linux-x86_64/wheel/./fmha_sm100/cutlass/include/cutlass/experimental/distributed/schedules
creating build/bdist.linux-x86_64/wheel/fmha_sm100/cutlass/include/cutlass/experimental/distributed/kernel
copying build/lib/fmha_sm100/cutlass/include/cutlass/experimental/distributed/kernel/detail.hpp -> build/bdist.linux-x86_64/wheel/./fmha_sm100/cutlass/include/cutlass/experimental/distributed/kernel
copying build/lib/fmha_sm100/cutlass/include/cutlass/experimental/distributed/kernel/full_barrier.hpp -> build/bdist.linux-x86_64/wheel/./fmha_sm100/cutlass/include/cutlass/experimental/distributed/kernel
copying build/lib/fmha_sm100/cutlass/include/cutlass/experimental/distributed/kernel/dist_gemm_kernel_wrapper.hpp -> build/bdist.linux-x86_64/wheel/./fmha_sm100/cutlass/include/cutlass/experimental/distributed/kernel
creating build/bdist.linux-x86_64/wheel/fmha_sm100/cutlass/include/cutlass/experimental/distributed/device
copying build/lib/fmha_sm100/cutlass/include/cutlass/experimental/distributed/device/detail.hpp -> build/bdist.linux-x86_64/wheel/./fmha_sm100/cutlass/include/cutlass/experimental/distributed/device
copying build/lib/fmha_sm100/cutlass/include/cutlass/experimental/distributed/device/full_barrier.hpp -> build/bdist.linux-x86_64/wheel/./fmha_sm100/cutlass/include/cutlass/experimental/distributed/device
copying build/lib/fmha_sm100/cutlass/include/cutlass/experimental/distributed/device/dist_gemm_universal_wrapper.hpp -> build/bdist.linux-x86_64/wheel/./fmha_sm100/cutlass/include/cutlass/experimental/distributed/device
copying build/lib/fmha_sm100/cutlass/include/cutlass/floating_point_nvrtc.h -> build/bdist.linux-x86_64/wheel/./fmha_sm100/cutlass/include/cutlass
copying build/lib/fmha_sm100/cutlass/include/cutlass/numeric_conversion.h -> build/bdist.linux-x86_64/wheel/./fmha_sm100/cutlass/include/cutlass
copying build/lib/fmha_sm100/cutlass/include/cutlass/integer_subbyte.h -> build/bdist.linux-x86_64/wheel/./fmha_sm100/cutlass/include/cutlass
copying build/lib/fmha_sm100/cutlass/include/cutlass/kernel_hardware_info.hpp -> build/bdist.linux-x86_64/wheel/./fmha_sm100/cutlass/include/cutlass
copying build/lib/fmha_sm100/cutlass/include/cutlass/tfloat32.h -> build/bdist.linux-x86_64/wheel/./fmha_sm100/cutlass/include/cutlass
copying build/lib/fmha_sm100/cutlass/include/cutlass/blas3_types.h -> build/bdist.linux-x86_64/wheel/./fmha_sm100/cutlass/include/cutlass
copying build/lib/fmha_sm100/cutlass/include/cutlass/gemm_coord.hpp -> build/bdist.linux-x86_64/wheel/./fmha_sm100/cutlass/include/cutlass
copying build/lib/fmha_sm100/cutlass/include/cutlass/float8.h -> build/bdist.linux-x86_64/wheel/./fmha_sm100/cutlass/include/cutlass
creating build/bdist.linux-x86_64/wheel/fmha_sm100/cutlass/include/cutlass/gemm
copying build/lib/fmha_sm100/cutlass/include/cutlass/gemm/gemm.h -> build/bdist.linux-x86_64/wheel/./fmha_sm100/cutlass/include/cutlass/gemm
creating build/bdist.linux-x86_64/wheel/fmha_sm100/cutlass/include/cutlass/gemm/collective
copying build/lib/fmha_sm100/cutlass/include/cutlass/gemm/collective/sm100_blockscaled_mma_array_warpspecialized_rcggemm.hpp -> build/bdist.linux-x86_64/wheel/./fmha_sm100/cutlass/include/cutlass/gemm/collective
copying build/lib/fmha_sm100/cutlass/include/cutlass/gemm/collective/sm120_mma_tma_blockwise_scaling.hpp -> build/bdist.linux-x86_64/wheel/./fmha_sm100/cutlass/include/cutlass/gemm/collective
copying build/lib/fmha_sm100/cutlass/include/cutlass/gemm/collective/sm100_mma_warpspecialized_emulated.hpp -> build/bdist.linux-x86_64/wheel/./fmha_sm100/cutlass/include/cutlass/gemm/collective
copying build/lib/fmha_sm100/cutlass/include/cutlass/gemm/collective/sm120_blockscaled_sparse_mma_tma.hpp -> build/bdist.linux-x86_64/wheel/./fmha_sm100/cutlass/include/cutlass/gemm/collective
copying build/lib/fmha_sm100/cutlass/include/cutlass/gemm/collective/sm100_sparse_mma_warpspecialized.hpp -> build/bdist.linux-x86_64/wheel/./fmha_sm100/cutlass/include/cutlass/gemm/collective
copying build/lib/fmha_sm100/cutlass/include/cutlass/gemm/collective/sm100_mma_array_warpspecialized.hpp -> build/bdist.linux-x86_64/wheel/./fmha_sm100/cutlass/include/cutlass/gemm/collective
copying build/lib/fmha_sm100/cutlass/include/cutlass/gemm/collective/sm100_mma_warpspecialized_interleaved_complex_tf32.hpp -> build/bdist.linux-x86_64/wheel/./fmha_sm100/cutlass/include/cutlass/gemm/collective
copying build/lib/fmha_sm100/cutlass/include/cutlass/gemm/collective/sm90_mma_multistage_gmma_rs_warpspecialized.hpp -> build/bdist.linux-x86_64/wheel/./fmha_sm100/cutlass/include/cutlass/gemm/collective
copying build/lib/fmha_sm100/cutlass/include/cutlass/gemm/collective/sm90_sparse_mma_tma_gmma_ss_warpspecialized.hpp -> build/bdist.linux-x86_64/wheel/./fmha_sm100/cutlass/include/cutlass/gemm/collective
copying build/lib/fmha_sm100/cutlass/include/cutlass/gemm/collective/sm100_mma_array_warpspecialized_blockwise_scaling.hpp -> build/bdist.linux-x86_64/wheel/./fmha_sm100/cutlass/include/cutlass/gemm/collective
copying build/lib/fmha_sm100/cutlass/include/cutlass/gemm/collective/sm100_mma_array_warpspecialized_interleaved_complex_emulated.hpp -> build/bdist.linux-x86_64/wheel/./fmha_sm100/cutlass/include/cutlass/gemm/collective
copying build/lib/fmha_sm100/cutlass/include/cutlass/gemm/collective/sm70_mma_twostage.hpp -> build/bdist.linux-x86_64/wheel/./fmha_sm100/cutlass/include/cutlass/gemm/collective
copying build/lib/fmha_sm100/cutlass/include/cutlass/gemm/collective/sm120_mma_array_tma.hpp -> build/bdist.linux-x86_64/wheel/./fmha_sm100/cutlass/include/cutlass/gemm/collective
copying build/lib/fmha_sm100/cutlass/include/cutlass/gemm/collective/sm120_sparse_mma_tma.hpp -> build/bdist.linux-x86_64/wheel/./fmha_sm100/cutlass/include/cutlass/gemm/collective
copying build/lib/fmha_sm100/cutlass/include/cutlass/gemm/collective/sm100_blockscaled_mma_array_warpspecialized.hpp -> build/bdist.linux-x86_64/wheel/./fmha_sm100/cutlass/include/cutlass/gemm/collective
copying build/lib/fmha_sm100/cutlass/include/cutlass/gemm/collective/sm80_mma_multistage.hpp -> build/bdist.linux-x86_64/wheel/./fmha_sm100/cutlass/include/cutlass/gemm/collective
copying build/lib/fmha_sm100/cutlass/include/cutlass/gemm/collective/sm90_mma_multistage_gmma_ss_warpspecialized.hpp -> build/bdist.linux-x86_64/wheel/./fmha_sm100/cutlass/include/cutlass/gemm/collective
copying build/lib/fmha_sm100/cutlass/include/cutlass/gemm/collective/sm90_sparse_mma_tma_gmma_ss_warpspecialized_fp8.hpp -> build/bdist.linux-x86_64/wheel/./fmha_sm100/cutlass/include/cutlass/gemm/collective
copying build/lib/fmha_sm100/cutlass/include/cutlass/gemm/collective/sm90_mma_tma_gmma_ss_warpspecialized.hpp -> build/bdist.linux-x86_64/wheel/./fmha_sm100/cutlass/include/cutlass/gemm/collective
copying build/lib/fmha_sm100/cutlass/include/cutlass/gemm/collective/collective_mma.hpp -> build/bdist.linux-x86_64/wheel/./fmha_sm100/cutlass/include/cutlass/gemm/collective
copying build/lib/fmha_sm100/cutlass/include/cutlass/gemm/collective/sm120_blockscaled_mma_tma.hpp -> build/bdist.linux-x86_64/wheel/./fmha_sm100/cutlass/include/cutlass/gemm/collective
copying build/lib/fmha_sm100/cutlass/include/cutlass/gemm/collective/sm100_mma_mixed_tma_cpasync_warpspecialized.hpp -> build/bdist.linux-x86_64/wheel/./fmha_sm100/cutlass/include/cutlass/gemm/collective
copying build/lib/fmha_sm100/cutlass/include/cutlass/gemm/collective/sm80_mma_array_multistage.hpp -> build/bdist.linux-x86_64/wheel/./fmha_sm100/cutlass/include/cutlass/gemm/collective
copying build/lib/fmha_sm100/cutlass/include/cutlass/gemm/collective/sm90_mma_tma_gmma_ss.hpp -> build/bdist.linux-x86_64/wheel/./fmha_sm100/cutlass/include/cutlass/gemm/collective
copying build/lib/fmha_sm100/cutlass/include/cutlass/gemm/collective/sm100_mma_array_warpspecialized_interleaved_complex_tf32.hpp -> build/bdist.linux-x86_64/wheel/./fmha_sm100/cutlass/include/cutlass/gemm/collective
copying build/lib/fmha_sm100/cutlass/include/cutlass/gemm/collective/fp8_accumulation.hpp -> build/bdist.linux-x86_64/wheel/./fmha_sm100/cutlass/include/cutlass/gemm/collective
copying build/lib/fmha_sm100/cutlass/include/cutlass/gemm/collective/sm90_mma_array_tma_gmma_ss_warpspecialized_fp8.hpp -> build/bdist.linux-x86_64/wheel/./fmha_sm100/cutlass/include/cutlass/gemm/collective
copying build/lib/fmha_sm100/cutlass/include/cutlass/gemm/collective/sm100_mma_array_warpspecialized_emulated.hpp -> build/bdist.linux-x86_64/wheel/./fmha_sm100/cutlass/include/cutlass/gemm/collective
copying build/lib/fmha_sm100/cutlass/include/cutlass/gemm/collective/sm90_mma_array_tma_gmma_ss_warpspecialized.hpp -> build/bdist.linux-x86_64/wheel/./fmha_sm100/cutlass/include/cutlass/gemm/collective
copying build/lib/fmha_sm100/cutlass/include/cutlass/gemm/collective/sm90_mma_array_tma_gmma_ss_warpspecialized_fp8_blockwise_scaling.hpp -> build/bdist.linux-x86_64/wheel/./fmha_sm100/cutlass/include/cutlass/gemm/collective
copying build/lib/fmha_sm100/cutlass/include/cutlass/gemm/collective/sm100_mma_warpspecialized.hpp -> build/bdist.linux-x86_64/wheel/./fmha_sm100/cutlass/include/cutlass/gemm/collective
copying build/lib/fmha_sm100/cutlass/include/cutlass/gemm/collective/sm107_blockscaled_mma_warpspecialized.hpp -> build/bdist.linux-x86_64/wheel/./fmha_sm100/cutlass/include/cutlass/gemm/collective
copying build/lib/fmha_sm100/cutlass/include/cutlass/gemm/collective/sm100_mma_array_warpspecialized_planar_complex.hpp -> build/bdist.linux-x86_64/wheel/./fmha_sm100/cutlass/include/cutlass/gemm/collective
copying build/lib/fmha_sm100/cutlass/include/cutlass/gemm/collective/sm100_mma_warpspecialized_mixed_input.hpp -> build/bdist.linux-x86_64/wheel/./fmha_sm100/cutlass/include/cutlass/gemm/collective
copying build/lib/fmha_sm100/cutlass/include/cutlass/gemm/collective/sm120_mma_array_tma_blockwise_scaling.hpp -> build/bdist.linux-x86_64/wheel/./fmha_sm100/cutlass/include/cutlass/gemm/collective
copying build/lib/fmha_sm100/cutlass/include/cutlass/gemm/collective/sm103_blockscaled_mma_warpspecialized.hpp -> build/bdist.linux-x86_64/wheel/./fmha_sm100/cutlass/include/cutlass/gemm/collective
copying build/lib/fmha_sm100/cutlass/include/cutlass/gemm/collective/sm90_mma_array_tma_gmma_rs_warpspecialized_mixed_input.hpp -> build/bdist.linux-x86_64/wheel/./fmha_sm100/cutlass/include/cutlass/gemm/collective
copying build/lib/fmha_sm100/cutlass/include/cutlass/gemm/collective/sm100_mma_warpspecialized_interleaved_complex_emulated.hpp -> build/bdist.linux-x86_64/wheel/./fmha_sm100/cutlass/include/cutlass/gemm/collective
copying build/lib/fmha_sm100/cutlass/include/cutlass/gemm/collective/sm120_mma_tma.hpp -> build/bdist.linux-x86_64/wheel/./fmha_sm100/cutlass/include/cutlass/gemm/collective
copying build/lib/fmha_sm100/cutlass/include/cutlass/gemm/collective/collective_mma_decl.hpp -> build/bdist.linux-x86_64/wheel/./fmha_sm100/cutlass/include/cutlass/gemm/collective
copying build/lib/fmha_sm100/cutlass/include/cutlass/gemm/collective/collective_builder.hpp -> build/bdist.linux-x86_64/wheel/./fmha_sm100/cutlass/include/cutlass/gemm/collective
copying build/lib/fmha_sm100/cutlass/include/cutlass/gemm/collective/sm103_blockscaled_mma_array_warpspecialized.hpp -> build/bdist.linux-x86_64/wheel/./fmha_sm100/cutlass/include/cutlass/gemm/collective
copying build/lib/fmha_sm100/cutlass/include/cutlass/gemm/collective/collective_builder_decl.hpp -> build/bdist.linux-x86_64/wheel/./fmha_sm100/cutlass/include/cutlass/gemm/collective
copying build/lib/fmha_sm100/cutlass/include/cutlass/gemm/collective/sm100_blockscaled_mma_warpspecialized.hpp -> build/bdist.linux-x86_64/wheel/./fmha_sm100/cutlass/include/cutlass/gemm/collective
copying build/lib/fmha_sm100/cutlass/include/cutlass/gemm/collective/sm90_mma_tma_gmma_rs_warpspecialized.hpp -> build/bdist.linux-x86_64/wheel/./fmha_sm100/cutlass/include/cutlass/gemm/collective
copying build/lib/fmha_sm100/cutlass/include/cutlass/gemm/collective/sm100_mma_cpasync_warpspecialized.hpp -> build/bdist.linux-x86_64/wheel/./fmha_sm100/cutlass/include/cutlass/gemm/collective
copying build/lib/fmha_sm100/cutlass/include/cutlass/gemm/collective/sm100_mma_warpspecialized_planar_complex.hpp -> build/bdist.linux-x86_64/wheel/./fmha_sm100/cutlass/include/cutlass/gemm/collective
creating build/bdist.linux-x86_64/wheel/fmha_sm100/cutlass/include/cutlass/gemm/collective/builders
copying build/lib/fmha_sm100/cutlass/include/cutlass/gemm/collective/builders/sm90_gmma_builder.inl -> build/bdist.linux-x86_64/wheel/./fmha_sm100/cutlass/include/cutlass/gemm/collective/builders
copying build/lib/fmha_sm100/cutlass/include/cutlass/gemm/collective/builders/sm100_blockscaled_umma_builder.inl -> build/bdist.linux-x86_64/wheel/./fmha_sm100/cutlass/include/cutlass/gemm/collective/builders
copying build/lib/fmha_sm100/cutlass/include/cutlass/gemm/collective/builders/sm100_simt_builder.inl -> build/bdist.linux-x86_64/wheel/./fmha_sm100/cutlass/include/cutlass/gemm/collective/builders
copying build/lib/fmha_sm100/cutlass/include/cutlass/gemm/collective/builders/sm90_sparse_gmma_builder.inl -> build/bdist.linux-x86_64/wheel/./fmha_sm100/cutlass/include/cutlass/gemm/collective/builders
copying build/lib/fmha_sm100/cutlass/include/cutlass/gemm/collective/builders/sm107_blockscaled_umma_builder.inl -> build/bdist.linux-x86_64/wheel/./fmha_sm100/cutlass/include/cutlass/gemm/collective/builders
copying build/lib/fmha_sm100/cutlass/include/cutlass/gemm/collective/builders/sm100_common.inl -> build/bdist.linux-x86_64/wheel/./fmha_sm100/cutlass/include/cutlass/gemm/collective/builders
copying build/lib/fmha_sm100/cutlass/include/cutlass/gemm/collective/builders/sm100_blockscaled_mixed_tma_cpasync_umma_builder.inl -> build/bdist.linux-x86_64/wheel/./fmha_sm100/cutlass/include/cutlass/gemm/collective/builders
copying build/lib/fmha_sm100/cutlass/include/cutlass/gemm/collective/builders/sm107_sparse_config.inl -> build/bdist.linux-x86_64/wheel/./fmha_sm100/cutlass/include/cutlass/gemm/collective/builders
copying build/lib/fmha_sm100/cutlass/include/cutlass/gemm/collective/builders/sm90_sparse_config.inl -> build/bdist.linux-x86_64/wheel/./fmha_sm100/cutlass/include/cutlass/gemm/collective/builders
copying build/lib/fmha_sm100/cutlass/include/cutlass/gemm/collective/builders/sm1xx_common.inl -> build/bdist.linux-x86_64/wheel/./fmha_sm100/cutlass/include/cutlass/gemm/collective/builders
copying build/lib/fmha_sm100/cutlass/include/cutlass/gemm/collective/builders/sm120_common.inl -> build/bdist.linux-x86_64/wheel/./fmha_sm100/cutlass/include/cutlass/gemm/collective/builders
copying build/lib/fmha_sm100/cutlass/include/cutlass/gemm/collective/builders/sm120_mma_builder.inl -> build/bdist.linux-x86_64/wheel/./fmha_sm100/cutlass/include/cutlass/gemm/collective/builders
copying build/lib/fmha_sm100/cutlass/include/cutlass/gemm/collective/builders/sm120_blockscaled_mma_builder.inl -> build/bdist.linux-x86_64/wheel/./fmha_sm100/cutlass/include/cutlass/gemm/collective/builders
copying build/lib/fmha_sm100/cutlass/include/cutlass/gemm/collective/builders/sm107_umma_builder.inl -> build/bdist.linux-x86_64/wheel/./fmha_sm100/cutlass/include/cutlass/gemm/collective/builders
copying build/lib/fmha_sm100/cutlass/include/cutlass/gemm/collective/builders/sm100_planar_complex_umma_builder.inl -> build/bdist.linux-x86_64/wheel/./fmha_sm100/cutlass/include/cutlass/gemm/collective/builders
copying build/lib/fmha_sm100/cutlass/include/cutlass/gemm/collective/builders/sm103_blockscaled_umma_builder.inl -> build/bdist.linux-x86_64/wheel/./fmha_sm100/cutlass/include/cutlass/gemm/collective/builders
copying build/lib/fmha_sm100/cutlass/include/cutlass/gemm/collective/builders/sm100_mixed_tma_cpasync_umma_builder.inl -> build/bdist.linux-x86_64/wheel/./fmha_sm100/cutlass/include/cutlass/gemm/collective/builders
copying build/lib/fmha_sm100/cutlass/include/cutlass/gemm/collective/builders/sm100_blockwise_umma_builder.inl -> build/bdist.linux-x86_64/wheel/./fmha_sm100/cutlass/include/cutlass/gemm/collective/builders
copying build/lib/fmha_sm100/cutlass/include/cutlass/gemm/collective/builders/sm100_interleaved_complex_umma_builder.inl -> build/bdist.linux-x86_64/wheel/./fmha_sm100/cutlass/include/cutlass/gemm/collective/builders
copying build/lib/fmha_sm100/cutlass/include/cutlass/gemm/collective/builders/sm120_sparse_mma_builder.inl -> build/bdist.linux-x86_64/wheel/./fmha_sm100/cutlass/include/cutlass/gemm/collective/builders
copying build/lib/fmha_sm100/cutlass/include/cutlass/gemm/collective/builders/sm100_mixed_input_umma_builder.inl -> build/bdist.linux-x86_64/wheel/./fmha_sm100/cutlass/include/cutlass/gemm/collective/builders
copying build/lib/fmha_sm100/cutlass/include/cutlass/gemm/collective/builders/sm90_common.inl -> build/bdist.linux-x86_64/wheel/./fmha_sm100/cutlass/include/cutlass/gemm/collective/builders
copying build/lib/fmha_sm100/cutlass/include/cutlass/gemm/collective/builders/sm120_array_mma_builder.inl -> build/bdist.linux-x86_64/wheel/./fmha_sm100/cutlass/include/cutlass/gemm/collective/builders
copying build/lib/fmha_sm100/cutlass/include/cutlass/gemm/collective/builders/sm100_sparse_umma_builder.inl -> build/bdist.linux-x86_64/wheel/./fmha_sm100/cutlass/include/cutlass/gemm/collective/builders
copying build/lib/fmha_sm100/cutlass/include/cutlass/gemm/collective/builders/sm100_9xBF16_interleaved_complex_umma_builder.inl -> build/bdist.linux-x86_64/wheel/./fmha_sm100/cutlass/include/cutlass/gemm/collective/builders
copying build/lib/fmha_sm100/cutlass/include/cutlass/gemm/collective/builders/sm120_blockwise_mma_builder.inl -> build/bdist.linux-x86_64/wheel/./fmha_sm100/cutlass/include/cutlass/gemm/collective/builders
copying build/lib/fmha_sm100/cutlass/include/cutlass/gemm/collective/builders/sm107_common.inl -> build/bdist.linux-x86_64/wheel/./fmha_sm100/cutlass/include/cutlass/gemm/collective/builders
copying build/lib/fmha_sm100/cutlass/include/cutlass/gemm/collective/builders/sm100_blockscaled_sparse_umma_builder.inl -> build/bdist.linux-x86_64/wheel/./fmha_sm100/cutlass/include/cutlass/gemm/collective/builders
copying build/lib/fmha_sm100/cutlass/include/cutlass/gemm/collective/builders/sm100_cpasync_umma_builder.inl -> build/bdist.linux-x86_64/wheel/./fmha_sm100/cutlass/include/cutlass/gemm/collective/builders
copying build/lib/fmha_sm100/cutlass/include/cutlass/gemm/collective/builders/sm100_umma_builder.inl -> build/bdist.linux-x86_64/wheel/./fmha_sm100/cutlass/include/cutlass/gemm/collective/builders
copying build/lib/fmha_sm100/cutlass/include/cutlass/gemm/collective/builders/sm100_9xBF16_umma_builder.inl -> build/bdist.linux-x86_64/wheel/./fmha_sm100/cutlass/include/cutlass/gemm/collective/builders
copying build/lib/fmha_sm100/cutlass/include/cutlass/gemm/collective/builders/sm100_pipeline_carveout.inl -> build/bdist.linux-x86_64/wheel/./fmha_sm100/cutlass/include/cutlass/gemm/collective/builders
copying build/lib/fmha_sm100/cutlass/include/cutlass/gemm/collective/builders/sm1xx_sparse_config.inl -> build/bdist.linux-x86_64/wheel/./fmha_sm100/cutlass/include/cutlass/gemm/collective/builders
copying build/lib/fmha_sm100/cutlass/include/cutlass/gemm/collective/builders/sm120_blockscaled_sparse_mma_builder.inl -> build/bdist.linux-x86_64/wheel/./fmha_sm100/cutlass/include/cutlass/gemm/collective/builders
copying build/lib/fmha_sm100/cutlass/include/cutlass/gemm/collective/sm100_blockscaled_mma_mixed_tma_cpasync_warpspecialized.hpp -> build/bdist.linux-x86_64/wheel/./fmha_sm100/cutlass/include/cutlass/gemm/collective
copying build/lib/fmha_sm100/cutlass/include/cutlass/gemm/collective/sm90_mma_tma_gmma_ss_warpspecialized_fp8_blockwise_scaling.hpp -> build/bdist.linux-x86_64/wheel/./fmha_sm100/cutlass/include/cutlass/gemm/collective
copying build/lib/fmha_sm100/cutlass/include/cutlass/gemm/collective/sm90_mma_tma_gmma_ss_warpspecialized_fp8.hpp -> build/bdist.linux-x86_64/wheel/./fmha_sm100/cutlass/include/cutlass/gemm/collective
copying build/lib/fmha_sm100/cutlass/include/cutlass/gemm/collective/sm100_blockscaled_sparse_mma_warpspecialized.hpp -> build/bdist.linux-x86_64/wheel/./fmha_sm100/cutlass/include/cutlass/gemm/collective
copying build/lib/fmha_sm100/cutlass/include/cutlass/gemm/collective/sm120_blockscaled_mma_array_tma.hpp -> build/bdist.linux-x86_64/wheel/./fmha_sm100/cutlass/include/cutlass/gemm/collective
copying build/lib/fmha_sm100/cutlass/include/cutlass/gemm/collective/sm90_mma_tma_gmma_rs_warpspecialized_mixed_input.hpp -> build/bdist.linux-x86_64/wheel/./fmha_sm100/cutlass/include/cutlass/gemm/collective
copying build/lib/fmha_sm100/cutlass/include/cutlass/gemm/collective/sm107_mma_warpspecialized.hpp -> build/bdist.linux-x86_64/wheel/./fmha_sm100/cutlass/include/cutlass/gemm/collective
copying build/lib/fmha_sm100/cutlass/include/cutlass/gemm/collective/sm100_mma_array_warpspecialized_rcggemm.hpp -> build/bdist.linux-x86_64/wheel/./fmha_sm100/cutlass/include/cutlass/gemm/collective
copying build/lib/fmha_sm100/cutlass/include/cutlass/gemm/collective/sm100_mma_warpspecialized_blockwise_scaling.hpp -> build/bdist.linux-x86_64/wheel/./fmha_sm100/cutlass/include/cutlass/gemm/collective
creating build/bdist.linux-x86_64/wheel/fmha_sm100/cutlass/include/cutlass/gemm/warp
copying build/lib/fmha_sm100/cutlass/include/cutlass/gemm/warp/mma_with_reduction_tensor_op.h -> build/bdist.linux-x86_64/wheel/./fmha_sm100/cutlass/include/cutlass/gemm/warp
copying build/lib/fmha_sm100/cutlass/include/cutlass/gemm/warp/mma_tensor_op_tile_iterator_sm80.h -> build/bdist.linux-x86_64/wheel/./fmha_sm100/cutlass/include/cutlass/gemm/warp
copying build/lib/fmha_sm100/cutlass/include/cutlass/gemm/warp/mma_tensor_op_sm70.h -> build/bdist.linux-x86_64/wheel/./fmha_sm100/cutlass/include/cutlass/gemm/warp
copying build/lib/fmha_sm100/cutlass/include/cutlass/gemm/warp/layernorm_scale_bias_transform.h -> build/bdist.linux-x86_64/wheel/./fmha_sm100/cutlass/include/cutlass/gemm/warp
copying build/lib/fmha_sm100/cutlass/include/cutlass/gemm/warp/mma_sparse_tensor_op.h -> build/bdist.linux-x86_64/wheel/./fmha_sm100/cutlass/include/cutlass/gemm/warp
copying build/lib/fmha_sm100/cutlass/include/cutlass/gemm/warp/default_mma_tensor_op.h -> build/bdist.linux-x86_64/wheel/./fmha_sm100/cutlass/include/cutlass/gemm/warp
copying build/lib/fmha_sm100/cutlass/include/cutlass/gemm/warp/scale_bias_tile_iterator.h -> build/bdist.linux-x86_64/wheel/./fmha_sm100/cutlass/include/cutlass/gemm/warp
copying build/lib/fmha_sm100/cutlass/include/cutlass/gemm/warp/mma_tensor_op_tile_iterator.h -> build/bdist.linux-x86_64/wheel/./fmha_sm100/cutlass/include/cutlass/gemm/warp
copying build/lib/fmha_sm100/cutlass/include/cutlass/gemm/warp/default_mma_tensor_op_sm80.h -> build/bdist.linux-x86_64/wheel/./fmha_sm100/cutlass/include/cutlass/gemm/warp
copying build/lib/fmha_sm100/cutlass/include/cutlass/gemm/warp/mma_gaussian_complex_tensor_op_tile_iterator_sm80.h -> build/bdist.linux-x86_64/wheel/./fmha_sm100/cutlass/include/cutlass/gemm/warp
copying build/lib/fmha_sm100/cutlass/include/cutlass/gemm/warp/mma_complex_tensor_op_fast_f32.h -> build/bdist.linux-x86_64/wheel/./fmha_sm100/cutlass/include/cutlass/gemm/warp
copying build/lib/fmha_sm100/cutlass/include/cutlass/gemm/warp/mma_tensor_op_tile_access_iterator.h -> build/bdist.linux-x86_64/wheel/./fmha_sm100/cutlass/include/cutlass/gemm/warp
copying build/lib/fmha_sm100/cutlass/include/cutlass/gemm/warp/default_mma_sparse_tensor_op.h -> build/bdist.linux-x86_64/wheel/./fmha_sm100/cutlass/include/cutlass/gemm/warp
copying build/lib/fmha_sm100/cutlass/include/cutlass/gemm/warp/mma_tensor_op_fragment_iterator.h -> build/bdist.linux-x86_64/wheel/./fmha_sm100/cutlass/include/cutlass/gemm/warp
copying build/lib/fmha_sm100/cutlass/include/cutlass/gemm/warp/default_mma_wmma_tensor_op.h -> build/bdist.linux-x86_64/wheel/./fmha_sm100/cutlass/include/cutlass/gemm/warp
copying build/lib/fmha_sm100/cutlass/include/cutlass/gemm/warp/mma_complex_tensor_op.h -> build/bdist.linux-x86_64/wheel/./fmha_sm100/cutlass/include/cutlass/gemm/warp
copying build/lib/fmha_sm100/cutlass/include/cutlass/gemm/warp/mma_mixed_input_tensor_op.h -> build/bdist.linux-x86_64/wheel/./fmha_sm100/cutlass/include/cutlass/gemm/warp
copying build/lib/fmha_sm100/cutlass/include/cutlass/gemm/warp/mma_simt.h -> build/bdist.linux-x86_64/wheel/./fmha_sm100/cutlass/include/cutlass/gemm/warp
copying build/lib/fmha_sm100/cutlass/include/cutlass/gemm/warp/mma_simt_policy.h -> build/bdist.linux-x86_64/wheel/./fmha_sm100/cutlass/include/cutlass/gemm/warp
copying build/lib/fmha_sm100/cutlass/include/cutlass/gemm/warp/mma_tensor_op_wmma.h -> build/bdist.linux-x86_64/wheel/./fmha_sm100/cutlass/include/cutlass/gemm/warp
copying build/lib/fmha_sm100/cutlass/include/cutlass/gemm/warp/mma_tensor_op_tile_iterator_sparse.h -> build/bdist.linux-x86_64/wheel/./fmha_sm100/cutlass/include/cutlass/gemm/warp
copying build/lib/fmha_sm100/cutlass/include/cutlass/gemm/warp/mma_complex_tensor_op_tile_iterator_sm80.h -> build/bdist.linux-x86_64/wheel/./fmha_sm100/cutlass/include/cutlass/gemm/warp
copying build/lib/fmha_sm100/cutlass/include/cutlass/gemm/warp/default_mma_complex_tensor_op.h -> build/bdist.linux-x86_64/wheel/./fmha_sm100/cutlass/include/cutlass/gemm/warp
copying build/lib/fmha_sm100/cutlass/include/cutlass/gemm/warp/mma_gaussian_complex_tensor_op.h -> build/bdist.linux-x86_64/wheel/./fmha_sm100/cutlass/include/cutlass/gemm/warp
copying build/lib/fmha_sm100/cutlass/include/cutlass/gemm/warp/mma_tensor_op_tile_iterator_wmma.h -> build/bdist.linux-x86_64/wheel/./fmha_sm100/cutlass/include/cutlass/gemm/warp
copying build/lib/fmha_sm100/cutlass/include/cutlass/gemm/warp/mma_tensor_op_fast_f32.h -> build/bdist.linux-x86_64/wheel/./fmha_sm100/cutlass/include/cutlass/gemm/warp
copying build/lib/fmha_sm100/cutlass/include/cutlass/gemm/warp/softmax_scale_bias_transform.h -> build/bdist.linux-x86_64/wheel/./fmha_sm100/cutlass/include/cutlass/gemm/warp
copying build/lib/fmha_sm100/cutlass/include/cutlass/gemm/warp/default_mma_with_reduction_tensor_op.h -> build/bdist.linux-x86_64/wheel/./fmha_sm100/cutlass/include/cutlass/gemm/warp
copying build/lib/fmha_sm100/cutlass/include/cutlass/gemm/warp/mma_planar_complex.h -> build/bdist.linux-x86_64/wheel/./fmha_sm100/cutlass/include/cutlass/gemm/warp
copying build/lib/fmha_sm100/cutlass/include/cutlass/gemm/warp/mma_simt_tile_iterator.h -> build/bdist.linux-x86_64/wheel/./fmha_sm100/cutlass/include/cutlass/gemm/warp
copying build/lib/fmha_sm100/cutlass/include/cutlass/gemm/warp/mma_tensor_op_policy.h -> build/bdist.linux-x86_64/wheel/./fmha_sm100/cutlass/include/cutlass/gemm/warp
copying build/lib/fmha_sm100/cutlass/include/cutlass/gemm/warp/mma_tensor_op.h -> build/bdist.linux-x86_64/wheel/./fmha_sm100/cutlass/include/cutlass/gemm/warp
copying build/lib/fmha_sm100/cutlass/include/cutlass/gemm/warp/tile_iterator_planar_complex.h -> build/bdist.linux-x86_64/wheel/./fmha_sm100/cutlass/include/cutlass/gemm/warp
copying build/lib/fmha_sm100/cutlass/include/cutlass/gemm/warp/mma.h -> build/bdist.linux-x86_64/wheel/./fmha_sm100/cutlass/include/cutlass/gemm/warp
copying build/lib/fmha_sm100/cutlass/include/cutlass/gemm/warp/mma_tensor_op_tile_iterator_sm70.h -> build/bdist.linux-x86_64/wheel/./fmha_sm100/cutlass/include/cutlass/gemm/warp
creating build/bdist.linux-x86_64/wheel/fmha_sm100/cutlass/include/cutlass/gemm/threadblock
copying build/lib/fmha_sm100/cutlass/include/cutlass/gemm/threadblock/mma_layernorm_mainloop_fusion_multistage.h -> build/bdist.linux-x86_64/wheel/./fmha_sm100/cutlass/include/cutlass/gemm/threadblock
copying build/lib/fmha_sm100/cutlass/include/cutlass/gemm/threadblock/default_trmm.h -> build/bdist.linux-x86_64/wheel/./fmha_sm100/cutlass/include/cutlass/gemm/threadblock
copying build/lib/fmha_sm100/cutlass/include/cutlass/gemm/threadblock/mma_singlestage.h -> build/bdist.linux-x86_64/wheel/./fmha_sm100/cutlass/include/cutlass/gemm/threadblock
copying build/lib/fmha_sm100/cutlass/include/cutlass/gemm/threadblock/default_mma_core.h -> build/bdist.linux-x86_64/wheel/./fmha_sm100/cutlass/include/cutlass/gemm/threadblock
copying build/lib/fmha_sm100/cutlass/include/cutlass/gemm/threadblock/default_mma_core_sparse_sm80.h -> build/bdist.linux-x86_64/wheel/./fmha_sm100/cutlass/include/cutlass/gemm/threadblock
copying build/lib/fmha_sm100/cutlass/include/cutlass/gemm/threadblock/threadblock_swizzle_streamk.h -> build/bdist.linux-x86_64/wheel/./fmha_sm100/cutlass/include/cutlass/gemm/threadblock
copying build/lib/fmha_sm100/cutlass/include/cutlass/gemm/threadblock/threadblock_swizzle.h -> build/bdist.linux-x86_64/wheel/./fmha_sm100/cutlass/include/cutlass/gemm/threadblock
copying build/lib/fmha_sm100/cutlass/include/cutlass/gemm/threadblock/mma_multistage_blockwise.h -> build/bdist.linux-x86_64/wheel/./fmha_sm100/cutlass/include/cutlass/gemm/threadblock
copying build/lib/fmha_sm100/cutlass/include/cutlass/gemm/threadblock/default_mma_multistage_blockwise.h -> build/bdist.linux-x86_64/wheel/./fmha_sm100/cutlass/include/cutlass/gemm/threadblock
copying build/lib/fmha_sm100/cutlass/include/cutlass/gemm/threadblock/default_multistage_mma_complex.h -> build/bdist.linux-x86_64/wheel/./fmha_sm100/cutlass/include/cutlass/gemm/threadblock
copying build/lib/fmha_sm100/cutlass/include/cutlass/gemm/threadblock/default_mma_with_reduction.h -> build/bdist.linux-x86_64/wheel/./fmha_sm100/cutlass/include/cutlass/gemm/threadblock
copying build/lib/fmha_sm100/cutlass/include/cutlass/gemm/threadblock/default_mma_core_with_access_size.h -> build/bdist.linux-x86_64/wheel/./fmha_sm100/cutlass/include/cutlass/gemm/threadblock
copying build/lib/fmha_sm100/cutlass/include/cutlass/gemm/threadblock/default_mma_planar_complex_pipelined.h -> build/bdist.linux-x86_64/wheel/./fmha_sm100/cutlass/include/cutlass/gemm/threadblock
copying build/lib/fmha_sm100/cutlass/include/cutlass/gemm/threadblock/default_mma_softmax_mainloop_fusion.h -> build/bdist.linux-x86_64/wheel/./fmha_sm100/cutlass/include/cutlass/gemm/threadblock
copying build/lib/fmha_sm100/cutlass/include/cutlass/gemm/threadblock/default_multistage_mma_complex_core_sm80.h -> build/bdist.linux-x86_64/wheel/./fmha_sm100/cutlass/include/cutlass/gemm/threadblock
copying build/lib/fmha_sm100/cutlass/include/cutlass/gemm/threadblock/default_multistage_trmm_complex.h -> build/bdist.linux-x86_64/wheel/./fmha_sm100/cutlass/include/cutlass/gemm/threadblock
copying build/lib/fmha_sm100/cutlass/include/cutlass/gemm/threadblock/default_mma_core_sm75.h -> build/bdist.linux-x86_64/wheel/./fmha_sm100/cutlass/include/cutlass/gemm/threadblock
copying build/lib/fmha_sm100/cutlass/include/cutlass/gemm/threadblock/mma_sparse_base.h -> build/bdist.linux-x86_64/wheel/./fmha_sm100/cutlass/include/cutlass/gemm/threadblock
copying build/lib/fmha_sm100/cutlass/include/cutlass/gemm/threadblock/mma_softmax_mainloop_fusion_multistage.h -> build/bdist.linux-x86_64/wheel/./fmha_sm100/cutlass/include/cutlass/gemm/threadblock
copying build/lib/fmha_sm100/cutlass/include/cutlass/gemm/threadblock/mma_sparse_multistage.h -> build/bdist.linux-x86_64/wheel/./fmha_sm100/cutlass/include/cutlass/gemm/threadblock
copying build/lib/fmha_sm100/cutlass/include/cutlass/gemm/threadblock/mma_base.h -> build/bdist.linux-x86_64/wheel/./fmha_sm100/cutlass/include/cutlass/gemm/threadblock
copying build/lib/fmha_sm100/cutlass/include/cutlass/gemm/threadblock/mma_with_reduction_multistage.h -> build/bdist.linux-x86_64/wheel/./fmha_sm100/cutlass/include/cutlass/gemm/threadblock
copying build/lib/fmha_sm100/cutlass/include/cutlass/gemm/threadblock/default_ell_mma.h -> build/bdist.linux-x86_64/wheel/./fmha_sm100/cutlass/include/cutlass/gemm/threadblock
copying build/lib/fmha_sm100/cutlass/include/cutlass/gemm/threadblock/default_mma_core_sm70.h -> build/bdist.linux-x86_64/wheel/./fmha_sm100/cutlass/include/cutlass/gemm/threadblock
copying build/lib/fmha_sm100/cutlass/include/cutlass/gemm/threadblock/default_mma.h -> build/bdist.linux-x86_64/wheel/./fmha_sm100/cutlass/include/cutlass/gemm/threadblock
copying build/lib/fmha_sm100/cutlass/include/cutlass/gemm/threadblock/default_mma_core_with_reduction.h -> build/bdist.linux-x86_64/wheel/./fmha_sm100/cutlass/include/cutlass/gemm/threadblock
copying build/lib/fmha_sm100/cutlass/include/cutlass/gemm/threadblock/mma_planar_complex_multistage.h -> build/bdist.linux-x86_64/wheel/./fmha_sm100/cutlass/include/cutlass/gemm/threadblock
copying build/lib/fmha_sm100/cutlass/include/cutlass/gemm/threadblock/default_mma_core_simt.h -> build/bdist.linux-x86_64/wheel/./fmha_sm100/cutlass/include/cutlass/gemm/threadblock
copying build/lib/fmha_sm100/cutlass/include/cutlass/gemm/threadblock/default_mma_planar_complex_multistage.h -> build/bdist.linux-x86_64/wheel/./fmha_sm100/cutlass/include/cutlass/gemm/threadblock
copying build/lib/fmha_sm100/cutlass/include/cutlass/gemm/threadblock/mma_blas3_multistage.h -> build/bdist.linux-x86_64/wheel/./fmha_sm100/cutlass/include/cutlass/gemm/threadblock
copying build/lib/fmha_sm100/cutlass/include/cutlass/gemm/threadblock/default_mma_core_wmma.h -> build/bdist.linux-x86_64/wheel/./fmha_sm100/cutlass/include/cutlass/gemm/threadblock
copying build/lib/fmha_sm100/cutlass/include/cutlass/gemm/threadblock/default_sparse_mma.h -> build/bdist.linux-x86_64/wheel/./fmha_sm100/cutlass/include/cutlass/gemm/threadblock
copying build/lib/fmha_sm100/cutlass/include/cutlass/gemm/threadblock/default_mma_layernorm_mainloop_fusion.h -> build/bdist.linux-x86_64/wheel/./fmha_sm100/cutlass/include/cutlass/gemm/threadblock
copying build/lib/fmha_sm100/cutlass/include/cutlass/gemm/threadblock/default_multistage_mma_complex_core.h -> build/bdist.linux-x86_64/wheel/./fmha_sm100/cutlass/include/cutlass/gemm/threadblock
copying build/lib/fmha_sm100/cutlass/include/cutlass/gemm/threadblock/default_mma_core_sm80.h -> build/bdist.linux-x86_64/wheel/./fmha_sm100/cutlass/include/cutlass/gemm/threadblock
copying build/lib/fmha_sm100/cutlass/include/cutlass/gemm/threadblock/index_remat.h -> build/bdist.linux-x86_64/wheel/./fmha_sm100/cutlass/include/cutlass/gemm/threadblock
copying build/lib/fmha_sm100/cutlass/include/cutlass/gemm/threadblock/ell_mma_multistage.h -> build/bdist.linux-x86_64/wheel/./fmha_sm100/cutlass/include/cutlass/gemm/threadblock
copying build/lib/fmha_sm100/cutlass/include/cutlass/gemm/threadblock/mma_pipelined.h -> build/bdist.linux-x86_64/wheel/./fmha_sm100/cutlass/include/cutlass/gemm/threadblock
copying build/lib/fmha_sm100/cutlass/include/cutlass/gemm/threadblock/mma_planar_complex_base.h -> build/bdist.linux-x86_64/wheel/./fmha_sm100/cutlass/include/cutlass/gemm/threadblock
copying build/lib/fmha_sm100/cutlass/include/cutlass/gemm/threadblock/mma_multistage.h -> build/bdist.linux-x86_64/wheel/./fmha_sm100/cutlass/include/cutlass/gemm/threadblock
copying build/lib/fmha_sm100/cutlass/include/cutlass/gemm/threadblock/default_gemv_core.h -> build/bdist.linux-x86_64/wheel/./fmha_sm100/cutlass/include/cutlass/gemm/threadblock
copying build/lib/fmha_sm100/cutlass/include/cutlass/gemm/threadblock/mma_planar_complex_pipelined.h -> build/bdist.linux-x86_64/wheel/./fmha_sm100/cutlass/include/cutlass/gemm/threadblock
copying build/lib/fmha_sm100/cutlass/include/cutlass/gemm/threadblock/ell_mma_pipelined.h -> build/bdist.linux-x86_64/wheel/./fmha_sm100/cutlass/include/cutlass/gemm/threadblock
copying build/lib/fmha_sm100/cutlass/include/cutlass/gemm/threadblock/gemv.h -> build/bdist.linux-x86_64/wheel/./fmha_sm100/cutlass/include/cutlass/gemm/threadblock
creating build/bdist.linux-x86_64/wheel/fmha_sm100/cutlass/include/cutlass/gemm/kernel
copying build/lib/fmha_sm100/cutlass/include/cutlass/gemm/kernel/sm103_blockscaled_gemm_tma_warpspecialized.hpp -> build/bdist.linux-x86_64/wheel/./fmha_sm100/cutlass/include/cutlass/gemm/kernel
copying build/lib/fmha_sm100/cutlass/include/cutlass/gemm/kernel/default_trmm.h -> build/bdist.linux-x86_64/wheel/./fmha_sm100/cutlass/include/cutlass/gemm/kernel
copying build/lib/fmha_sm100/cutlass/include/cutlass/gemm/kernel/rank_2k_universal.h -> build/bdist.linux-x86_64/wheel/./fmha_sm100/cutlass/include/cutlass/gemm/kernel
copying build/lib/fmha_sm100/cutlass/include/cutlass/gemm/kernel/static_tile_scheduler.hpp -> build/bdist.linux-x86_64/wheel/./fmha_sm100/cutlass/include/cutlass/gemm/kernel
copying build/lib/fmha_sm100/cutlass/include/cutlass/gemm/kernel/sm100_gemm_mixed_tma_cpasync_warpspecialized.hpp -> build/bdist.linux-x86_64/wheel/./fmha_sm100/cutlass/include/cutlass/gemm/kernel
copying build/lib/fmha_sm100/cutlass/include/cutlass/gemm/kernel/trmm_universal.h -> build/bdist.linux-x86_64/wheel/./fmha_sm100/cutlass/include/cutlass/gemm/kernel
copying build/lib/fmha_sm100/cutlass/include/cutlass/gemm/kernel/default_gemm_grouped_softmax_mainloop_fusion.h -> build/bdist.linux-x86_64/wheel/./fmha_sm100/cutlass/include/cutlass/gemm/kernel
copying build/lib/fmha_sm100/cutlass/include/cutlass/gemm/kernel/gemm.h -> build/bdist.linux-x86_64/wheel/./fmha_sm100/cutlass/include/cutlass/gemm/kernel
copying build/lib/fmha_sm100/cutlass/include/cutlass/gemm/kernel/sparse_gemm_with_visitor.h -> build/bdist.linux-x86_64/wheel/./fmha_sm100/cutlass/include/cutlass/gemm/kernel
copying build/lib/fmha_sm100/cutlass/include/cutlass/gemm/kernel/default_gemm_splitk_parallel.h -> build/bdist.linux-x86_64/wheel/./fmha_sm100/cutlass/include/cutlass/gemm/kernel
copying build/lib/fmha_sm100/cutlass/include/cutlass/gemm/kernel/default_gemm_grouped.h -> build/bdist.linux-x86_64/wheel/./fmha_sm100/cutlass/include/cutlass/gemm/kernel
copying build/lib/fmha_sm100/cutlass/include/cutlass/gemm/kernel/gemm_sparse_universal.h -> build/bdist.linux-x86_64/wheel/./fmha_sm100/cutlass/include/cutlass/gemm/kernel
copying build/lib/fmha_sm100/cutlass/include/cutlass/gemm/kernel/default_gemm_sparse.h -> build/bdist.linux-x86_64/wheel/./fmha_sm100/cutlass/include/cutlass/gemm/kernel
copying build/lib/fmha_sm100/cutlass/include/cutlass/gemm/kernel/sm100_gemm_tma_warpspecialized_mixed_input_transform.hpp -> build/bdist.linux-x86_64/wheel/./fmha_sm100/cutlass/include/cutlass/gemm/kernel
copying build/lib/fmha_sm100/cutlass/include/cutlass/gemm/kernel/default_gemm_with_broadcast.h -> build/bdist.linux-x86_64/wheel/./fmha_sm100/cutlass/include/cutlass/gemm/kernel
copying build/lib/fmha_sm100/cutlass/include/cutlass/gemm/kernel/default_gemm_with_k_reduction.h -> build/bdist.linux-x86_64/wheel/./fmha_sm100/cutlass/include/cutlass/gemm/kernel
copying build/lib/fmha_sm100/cutlass/include/cutlass/gemm/kernel/sm100_gemm_array_tma_warpspecialized_input_transform.hpp -> build/bdist.linux-x86_64/wheel/./fmha_sm100/cutlass/include/cutlass/gemm/kernel
copying build/lib/fmha_sm100/cutlass/include/cutlass/gemm/kernel/tile_scheduler.hpp -> build/bdist.linux-x86_64/wheel/./fmha_sm100/cutlass/include/cutlass/gemm/kernel
copying build/lib/fmha_sm100/cutlass/include/cutlass/gemm/kernel/sm100_tile_scheduler.hpp -> build/bdist.linux-x86_64/wheel/./fmha_sm100/cutlass/include/cutlass/gemm/kernel
copying build/lib/fmha_sm100/cutlass/include/cutlass/gemm/kernel/default_symm.h -> build/bdist.linux-x86_64/wheel/./fmha_sm100/cutlass/include/cutlass/gemm/kernel
copying build/lib/fmha_sm100/cutlass/include/cutlass/gemm/kernel/default_gemm_complex.h -> build/bdist.linux-x86_64/wheel/./fmha_sm100/cutlass/include/cutlass/gemm/kernel
copying build/lib/fmha_sm100/cutlass/include/cutlass/gemm/kernel/ell_gemm.h -> build/bdist.linux-x86_64/wheel/./fmha_sm100/cutlass/include/cutlass/gemm/kernel
copying build/lib/fmha_sm100/cutlass/include/cutlass/gemm/kernel/sm107_gemm_tma_warpspecialized.hpp -> build/bdist.linux-x86_64/wheel/./fmha_sm100/cutlass/include/cutlass/gemm/kernel
copying build/lib/fmha_sm100/cutlass/include/cutlass/gemm/kernel/tile_scheduler_detail.hpp -> build/bdist.linux-x86_64/wheel/./fmha_sm100/cutlass/include/cutlass/gemm/kernel
copying build/lib/fmha_sm100/cutlass/include/cutlass/gemm/kernel/sm90_gemm_array_tma_warpspecialized_cooperative.hpp -> build/bdist.linux-x86_64/wheel/./fmha_sm100/cutlass/include/cutlass/gemm/kernel
copying build/lib/fmha_sm100/cutlass/include/cutlass/gemm/kernel/gemm_grouped_per_group_scale.h -> build/bdist.linux-x86_64/wheel/./fmha_sm100/cutlass/include/cutlass/gemm/kernel
copying build/lib/fmha_sm100/cutlass/include/cutlass/gemm/kernel/sm90_gemm_warpspecialized_pingpong.hpp -> build/bdist.linux-x86_64/wheel/./fmha_sm100/cutlass/include/cutlass/gemm/kernel
copying build/lib/fmha_sm100/cutlass/include/cutlass/gemm/kernel/sm100_gemm_array_tma_warpspecialized_mma_transform.hpp -> build/bdist.linux-x86_64/wheel/./fmha_sm100/cutlass/include/cutlass/gemm/kernel
copying build/lib/fmha_sm100/cutlass/include/cutlass/gemm/kernel/gemm_universal_with_visitor_streamk.h -> build/bdist.linux-x86_64/wheel/./fmha_sm100/cutlass/include/cutlass/gemm/kernel
copying build/lib/fmha_sm100/cutlass/include/cutlass/gemm/kernel/default_gemm_sparse_with_absmax.h -> build/bdist.linux-x86_64/wheel/./fmha_sm100/cutlass/include/cutlass/gemm/kernel
copying build/lib/fmha_sm100/cutlass/include/cutlass/gemm/kernel/gemm_splitk_parallel.h -> build/bdist.linux-x86_64/wheel/./fmha_sm100/cutlass/include/cutlass/gemm/kernel
copying build/lib/fmha_sm100/cutlass/include/cutlass/gemm/kernel/gemv_batched_strided.h -> build/bdist.linux-x86_64/wheel/./fmha_sm100/cutlass/include/cutlass/gemm/kernel
copying build/lib/fmha_sm100/cutlass/include/cutlass/gemm/kernel/gemm_universal_with_visitor.h -> build/bdist.linux-x86_64/wheel/./fmha_sm100/cutlass/include/cutlass/gemm/kernel
copying build/lib/fmha_sm100/cutlass/include/cutlass/gemm/kernel/gemm_universal.hpp -> build/bdist.linux-x86_64/wheel/./fmha_sm100/cutlass/include/cutlass/gemm/kernel
copying build/lib/fmha_sm100/cutlass/include/cutlass/gemm/kernel/default_ell_gemm.h -> build/bdist.linux-x86_64/wheel/./fmha_sm100/cutlass/include/cutlass/gemm/kernel
copying build/lib/fmha_sm100/cutlass/include/cutlass/gemm/kernel/gemm_transpose_operands.h -> build/bdist.linux-x86_64/wheel/./fmha_sm100/cutlass/include/cutlass/gemm/kernel
copying build/lib/fmha_sm100/cutlass/include/cutlass/gemm/kernel/tile_scheduler_params.h -> build/bdist.linux-x86_64/wheel/./fmha_sm100/cutlass/include/cutlass/gemm/kernel
copying build/lib/fmha_sm100/cutlass/include/cutlass/gemm/kernel/rank_2k_transpose_operands.h -> build/bdist.linux-x86_64/wheel/./fmha_sm100/cutlass/include/cutlass/gemm/kernel
copying build/lib/fmha_sm100/cutlass/include/cutlass/gemm/kernel/grouped_problem_visitor.h -> build/bdist.linux-x86_64/wheel/./fmha_sm100/cutlass/include/cutlass/gemm/kernel
copying build/lib/fmha_sm100/cutlass/include/cutlass/gemm/kernel/sm100_gemm_array_tma_warpspecialized.hpp -> build/bdist.linux-x86_64/wheel/./fmha_sm100/cutlass/include/cutlass/gemm/kernel
copying build/lib/fmha_sm100/cutlass/include/cutlass/gemm/kernel/sm100_tile_scheduler_stream_k.hpp -> build/bdist.linux-x86_64/wheel/./fmha_sm100/cutlass/include/cutlass/gemm/kernel
copying build/lib/fmha_sm100/cutlass/include/cutlass/gemm/kernel/default_rank_k_complex.h -> build/bdist.linux-x86_64/wheel/./fmha_sm100/cutlass/include/cutlass/gemm/kernel
copying build/lib/fmha_sm100/cutlass/include/cutlass/gemm/kernel/gemm_planar_complex.h -> build/bdist.linux-x86_64/wheel/./fmha_sm100/cutlass/include/cutlass/gemm/kernel
copying build/lib/fmha_sm100/cutlass/include/cutlass/gemm/kernel/sm70_gemm_array.hpp -> build/bdist.linux-x86_64/wheel/./fmha_sm100/cutlass/include/cutlass/gemm/kernel
copying build/lib/fmha_sm100/cutlass/include/cutlass/gemm/kernel/params_universal_base.h -> build/bdist.linux-x86_64/wheel/./fmha_sm100/cutlass/include/cutlass/gemm/kernel
copying build/lib/fmha_sm100/cutlass/include/cutlass/gemm/kernel/gemm_grouped.h -> build/bdist.linux-x86_64/wheel/./fmha_sm100/cutlass/include/cutlass/gemm/kernel
copying build/lib/fmha_sm100/cutlass/include/cutlass/gemm/kernel/sm120_gemm_tma_warpspecialized_cooperative_asymmetric_dma.hpp -> build/bdist.linux-x86_64/wheel/./fmha_sm100/cutlass/include/cutlass/gemm/kernel
copying build/lib/fmha_sm100/cutlass/include/cutlass/gemm/kernel/sm90_tile_scheduler_stream_k.hpp -> build/bdist.linux-x86_64/wheel/./fmha_sm100/cutlass/include/cutlass/gemm/kernel
copying build/lib/fmha_sm100/cutlass/include/cutlass/gemm/kernel/gemm_blockwise.h -> build/bdist.linux-x86_64/wheel/./fmha_sm100/cutlass/include/cutlass/gemm/kernel
copying build/lib/fmha_sm100/cutlass/include/cutlass/gemm/kernel/gemm_pipelined.h -> build/bdist.linux-x86_64/wheel/./fmha_sm100/cutlass/include/cutlass/gemm/kernel
copying build/lib/fmha_sm100/cutlass/include/cutlass/gemm/kernel/gemm_streamk_with_fused_epilogue.h -> build/bdist.linux-x86_64/wheel/./fmha_sm100/cutlass/include/cutlass/gemm/kernel
copying build/lib/fmha_sm100/cutlass/include/cutlass/gemm/kernel/default_rank_2k_grouped.h -> build/bdist.linux-x86_64/wheel/./fmha_sm100/cutlass/include/cutlass/gemm/kernel
copying build/lib/fmha_sm100/cutlass/include/cutlass/gemm/kernel/default_trmm_universal.h -> build/bdist.linux-x86_64/wheel/./fmha_sm100/cutlass/include/cutlass/gemm/kernel
copying build/lib/fmha_sm100/cutlass/include/cutlass/gemm/kernel/symm_universal.h -> build/bdist.linux-x86_64/wheel/./fmha_sm100/cutlass/include/cutlass/gemm/kernel
copying build/lib/fmha_sm100/cutlass/include/cutlass/gemm/kernel/sm100_gemm_tma_warpspecialized.hpp -> build/bdist.linux-x86_64/wheel/./fmha_sm100/cutlass/include/cutlass/gemm/kernel
copying build/lib/fmha_sm100/cutlass/include/cutlass/gemm/kernel/default_gemm_planar_complex_universal.h -> build/bdist.linux-x86_64/wheel/./fmha_sm100/cutlass/include/cutlass/gemm/kernel
copying build/lib/fmha_sm100/cutlass/include/cutlass/gemm/kernel/sm100_static_tile_scheduler.hpp -> build/bdist.linux-x86_64/wheel/./fmha_sm100/cutlass/include/cutlass/gemm/kernel
copying build/lib/fmha_sm100/cutlass/include/cutlass/gemm/kernel/sm100_tile_scheduler_group.hpp -> build/bdist.linux-x86_64/wheel/./fmha_sm100/cutlass/include/cutlass/gemm/kernel
copying build/lib/fmha_sm100/cutlass/include/cutlass/gemm/kernel/sm90_gemm_warpspecialized.hpp -> build/bdist.linux-x86_64/wheel/./fmha_sm100/cutlass/include/cutlass/gemm/kernel
copying build/lib/fmha_sm100/cutlass/include/cutlass/gemm/kernel/default_rank_2k_universal.h -> build/bdist.linux-x86_64/wheel/./fmha_sm100/cutlass/include/cutlass/gemm/kernel
copying build/lib/fmha_sm100/cutlass/include/cutlass/gemm/kernel/sm100_sparse_gemm_tma_warpspecialized.hpp -> build/bdist.linux-x86_64/wheel/./fmha_sm100/cutlass/include/cutlass/gemm/kernel
copying build/lib/fmha_sm100/cutlass/include/cutlass/gemm/kernel/gemm_grouped_problem_visitor.h -> build/bdist.linux-x86_64/wheel/./fmha_sm100/cutlass/include/cutlass/gemm/kernel
copying build/lib/fmha_sm100/cutlass/include/cutlass/gemm/kernel/sm90_tile_scheduler_group.hpp -> build/bdist.linux-x86_64/wheel/./fmha_sm100/cutlass/include/cutlass/gemm/kernel
copying build/lib/fmha_sm100/cutlass/include/cutlass/gemm/kernel/default_rank_2k_complex.h -> build/bdist.linux-x86_64/wheel/./fmha_sm100/cutlass/include/cutlass/gemm/kernel
copying build/lib/fmha_sm100/cutlass/include/cutlass/gemm/kernel/default_gemm_with_absmax.h -> build/bdist.linux-x86_64/wheel/./fmha_sm100/cutlass/include/cutlass/gemm/kernel
copying build/lib/fmha_sm100/cutlass/include/cutlass/gemm/kernel/gemm_sparse_universal_with_absmax.h -> build/bdist.linux-x86_64/wheel/./fmha_sm100/cutlass/include/cutlass/gemm/kernel
copying build/lib/fmha_sm100/cutlass/include/cutlass/gemm/kernel/gemm_universal_streamk.h -> build/bdist.linux-x86_64/wheel/./fmha_sm100/cutlass/include/cutlass/gemm/kernel
copying build/lib/fmha_sm100/cutlass/include/cutlass/gemm/kernel/sparse_gemm.h -> build/bdist.linux-x86_64/wheel/./fmha_sm100/cutlass/include/cutlass/gemm/kernel
copying build/lib/fmha_sm100/cutlass/include/cutlass/gemm/kernel/rank_k_universal.h -> build/bdist.linux-x86_64/wheel/./fmha_sm100/cutlass/include/cutlass/gemm/kernel
copying build/lib/fmha_sm100/cutlass/include/cutlass/gemm/kernel/default_rank_k_universal.h -> build/bdist.linux-x86_64/wheel/./fmha_sm100/cutlass/include/cutlass/gemm/kernel
copying build/lib/fmha_sm100/cutlass/include/cutlass/gemm/kernel/sm90_gemm_tma.hpp -> build/bdist.linux-x86_64/wheel/./fmha_sm100/cutlass/include/cutlass/gemm/kernel
copying build/lib/fmha_sm100/cutlass/include/cutlass/gemm/kernel/sm100_gemm_cpasync_warpspecialized.hpp -> build/bdist.linux-x86_64/wheel/./fmha_sm100/cutlass/include/cutlass/gemm/kernel
copying build/lib/fmha_sm100/cutlass/include/cutlass/gemm/kernel/rank_2k_grouped.h -> build/bdist.linux-x86_64/wheel/./fmha_sm100/cutlass/include/cutlass/gemm/kernel
copying build/lib/fmha_sm100/cutlass/include/cutlass/gemm/kernel/default_gemm_sparse_universal_with_absmax.h -> build/bdist.linux-x86_64/wheel/./fmha_sm100/cutlass/include/cutlass/gemm/kernel
copying build/lib/fmha_sm100/cutlass/include/cutlass/gemm/kernel/gemm_planar_complex_array.h -> build/bdist.linux-x86_64/wheel/./fmha_sm100/cutlass/include/cutlass/gemm/kernel
copying build/lib/fmha_sm100/cutlass/include/cutlass/gemm/kernel/default_rank_k.h -> build/bdist.linux-x86_64/wheel/./fmha_sm100/cutlass/include/cutlass/gemm/kernel
copying build/lib/fmha_sm100/cutlass/include/cutlass/gemm/kernel/sparse_gemm_with_absmax.h -> build/bdist.linux-x86_64/wheel/./fmha_sm100/cutlass/include/cutlass/gemm/kernel
copying build/lib/fmha_sm100/cutlass/include/cutlass/gemm/kernel/default_gemm_sparse_with_visitor.h -> build/bdist.linux-x86_64/wheel/./fmha_sm100/cutlass/include/cutlass/gemm/kernel
copying build/lib/fmha_sm100/cutlass/include/cutlass/gemm/kernel/default_gemm_grouped_per_group_scale.h -> build/bdist.linux-x86_64/wheel/./fmha_sm100/cutlass/include/cutlass/gemm/kernel
copying build/lib/fmha_sm100/cutlass/include/cutlass/gemm/kernel/sm90_gemm_array_tma_warpspecialized_pingpong.hpp -> build/bdist.linux-x86_64/wheel/./fmha_sm100/cutlass/include/cutlass/gemm/kernel
copying build/lib/fmha_sm100/cutlass/include/cutlass/gemm/kernel/gemv_blockscaled.h -> build/bdist.linux-x86_64/wheel/./fmha_sm100/cutlass/include/cutlass/gemm/kernel
copying build/lib/fmha_sm100/cutlass/include/cutlass/gemm/kernel/gemm_layernorm_mainloop_fusion.h -> build/bdist.linux-x86_64/wheel/./fmha_sm100/cutlass/include/cutlass/gemm/kernel
copying build/lib/fmha_sm100/cutlass/include/cutlass/gemm/kernel/default_gemm_sparse_universal.h -> build/bdist.linux-x86_64/wheel/./fmha_sm100/cutlass/include/cutlass/gemm/kernel
copying build/lib/fmha_sm100/cutlass/include/cutlass/gemm/kernel/rank_2k_grouped_problem_visitor.h -> build/bdist.linux-x86_64/wheel/./fmha_sm100/cutlass/include/cutlass/gemm/kernel
copying build/lib/fmha_sm100/cutlass/include/cutlass/gemm/kernel/default_gemv.h -> build/bdist.linux-x86_64/wheel/./fmha_sm100/cutlass/include/cutlass/gemm/kernel
copying build/lib/fmha_sm100/cutlass/include/cutlass/gemm/kernel/gemm_batched.h -> build/bdist.linux-x86_64/wheel/./fmha_sm100/cutlass/include/cutlass/gemm/kernel
copying build/lib/fmha_sm100/cutlass/include/cutlass/gemm/kernel/gemm_with_absmax.h -> build/bdist.linux-x86_64/wheel/./fmha_sm100/cutlass/include/cutlass/gemm/kernel
copying build/lib/fmha_sm100/cutlass/include/cutlass/gemm/kernel/default_gemm_universal_with_visitor.h -> build/bdist.linux-x86_64/wheel/./fmha_sm100/cutlass/include/cutlass/gemm/kernel
copying build/lib/fmha_sm100/cutlass/include/cutlass/gemm/kernel/sm90_gemm_tma_warpspecialized_cooperative.hpp -> build/bdist.linux-x86_64/wheel/./fmha_sm100/cutlass/include/cutlass/gemm/kernel
copying build/lib/fmha_sm100/cutlass/include/cutlass/gemm/kernel/sm100_gemm_tma_warpspecialized_mma_transform.hpp -> build/bdist.linux-x86_64/wheel/./fmha_sm100/cutlass/include/cutlass/gemm/kernel
copying build/lib/fmha_sm100/cutlass/include/cutlass/gemm/kernel/gemm_params.h -> build/bdist.linux-x86_64/wheel/./fmha_sm100/cutlass/include/cutlass/gemm/kernel
copying build/lib/fmha_sm100/cutlass/include/cutlass/gemm/kernel/sm100_gemm_tma_warpspecialized_input_transform.hpp -> build/bdist.linux-x86_64/wheel/./fmha_sm100/cutlass/include/cutlass/gemm/kernel
copying build/lib/fmha_sm100/cutlass/include/cutlass/gemm/kernel/sm90_gemm_tma_warpspecialized.hpp -> build/bdist.linux-x86_64/wheel/./fmha_sm100/cutlass/include/cutlass/gemm/kernel
copying build/lib/fmha_sm100/cutlass/include/cutlass/gemm/kernel/default_gemm_streamk_with_broadcast.h -> build/bdist.linux-x86_64/wheel/./fmha_sm100/cutlass/include/cutlass/gemm/kernel
copying build/lib/fmha_sm100/cutlass/include/cutlass/gemm/kernel/default_rank_2k.h -> build/bdist.linux-x86_64/wheel/./fmha_sm100/cutlass/include/cutlass/gemm/kernel
copying build/lib/fmha_sm100/cutlass/include/cutlass/gemm/kernel/gemm_with_k_reduction.h -> build/bdist.linux-x86_64/wheel/./fmha_sm100/cutlass/include/cutlass/gemm/kernel
copying build/lib/fmha_sm100/cutlass/include/cutlass/gemm/kernel/gemm_grouped_softmax_mainloop_fusion.h -> build/bdist.linux-x86_64/wheel/./fmha_sm100/cutlass/include/cutlass/gemm/kernel
copying build/lib/fmha_sm100/cutlass/include/cutlass/gemm/kernel/gemm_universal.h -> build/bdist.linux-x86_64/wheel/./fmha_sm100/cutlass/include/cutlass/gemm/kernel
copying build/lib/fmha_sm100/cutlass/include/cutlass/gemm/kernel/sm70_gemm.hpp -> build/bdist.linux-x86_64/wheel/./fmha_sm100/cutlass/include/cutlass/gemm/kernel
copying build/lib/fmha_sm100/cutlass/include/cutlass/gemm/kernel/gemm_universal_blockwise.h -> build/bdist.linux-x86_64/wheel/./fmha_sm100/cutlass/include/cutlass/gemm/kernel
copying build/lib/fmha_sm100/cutlass/include/cutlass/gemm/kernel/sm90_gemm_warpspecialized_cooperative.hpp -> build/bdist.linux-x86_64/wheel/./fmha_sm100/cutlass/include/cutlass/gemm/kernel
copying build/lib/fmha_sm100/cutlass/include/cutlass/gemm/kernel/gemm_universal_decl.h -> build/bdist.linux-x86_64/wheel/./fmha_sm100/cutlass/include/cutlass/gemm/kernel
copying build/lib/fmha_sm100/cutlass/include/cutlass/gemm/kernel/sm90_tile_scheduler.hpp -> build/bdist.linux-x86_64/wheel/./fmha_sm100/cutlass/include/cutlass/gemm/kernel
copying build/lib/fmha_sm100/cutlass/include/cutlass/gemm/kernel/params_sparse_base.h -> build/bdist.linux-x86_64/wheel/./fmha_sm100/cutlass/include/cutlass/gemm/kernel
copying build/lib/fmha_sm100/cutlass/include/cutlass/gemm/kernel/sm103_blockscaled_gemm_array_tma_warpspecialized.hpp -> build/bdist.linux-x86_64/wheel/./fmha_sm100/cutlass/include/cutlass/gemm/kernel
copying build/lib/fmha_sm100/cutlass/include/cutlass/gemm/kernel/gemm_array.h -> build/bdist.linux-x86_64/wheel/./fmha_sm100/cutlass/include/cutlass/gemm/kernel
copying build/lib/fmha_sm100/cutlass/include/cutlass/gemm/kernel/gemm_with_fused_epilogue.h -> build/bdist.linux-x86_64/wheel/./fmha_sm100/cutlass/include/cutlass/gemm/kernel
copying build/lib/fmha_sm100/cutlass/include/cutlass/gemm/kernel/default_gemm_universal.h -> build/bdist.linux-x86_64/wheel/./fmha_sm100/cutlass/include/cutlass/gemm/kernel
copying build/lib/fmha_sm100/cutlass/include/cutlass/gemm/kernel/default_gemm_with_reduction.h -> build/bdist.linux-x86_64/wheel/./fmha_sm100/cutlass/include/cutlass/gemm/kernel
copying build/lib/fmha_sm100/cutlass/include/cutlass/gemm/kernel/default_trmm_complex.h -> build/bdist.linux-x86_64/wheel/./fmha_sm100/cutlass/include/cutlass/gemm/kernel
copying build/lib/fmha_sm100/cutlass/include/cutlass/gemm/kernel/default_symm_universal.h -> build/bdist.linux-x86_64/wheel/./fmha_sm100/cutlass/include/cutlass/gemm/kernel
copying build/lib/fmha_sm100/cutlass/include/cutlass/gemm/kernel/sm90_gemm_tma_warpspecialized_pingpong.hpp -> build/bdist.linux-x86_64/wheel/./fmha_sm100/cutlass/include/cutlass/gemm/kernel
copying build/lib/fmha_sm100/cutlass/include/cutlass/gemm/kernel/default_symm_complex.h -> build/bdist.linux-x86_64/wheel/./fmha_sm100/cutlass/include/cutlass/gemm/kernel
copying build/lib/fmha_sm100/cutlass/include/cutlass/gemm/kernel/default_gemm_layernorm_mainloop_fusion.h -> build/bdist.linux-x86_64/wheel/./fmha_sm100/cutlass/include/cutlass/gemm/kernel
copying build/lib/fmha_sm100/cutlass/include/cutlass/gemm/kernel/default_gemm.h -> build/bdist.linux-x86_64/wheel/./fmha_sm100/cutlass/include/cutlass/gemm/kernel
copying build/lib/fmha_sm100/cutlass/include/cutlass/gemm/kernel/gemv.h -> build/bdist.linux-x86_64/wheel/./fmha_sm100/cutlass/include/cutlass/gemm/kernel
copying build/lib/fmha_sm100/cutlass/include/cutlass/gemm/gemm_enumerated_types.h -> build/bdist.linux-x86_64/wheel/./fmha_sm100/cutlass/include/cutlass/gemm
creating build/bdist.linux-x86_64/wheel/fmha_sm100/cutlass/include/cutlass/gemm/device
copying build/lib/fmha_sm100/cutlass/include/cutlass/gemm/device/gemm.h -> build/bdist.linux-x86_64/wheel/./fmha_sm100/cutlass/include/cutlass/gemm/device
copying build/lib/fmha_sm100/cutlass/include/cutlass/gemm/device/gemm_sparse_universal.h -> build/bdist.linux-x86_64/wheel/./fmha_sm100/cutlass/include/cutlass/gemm/device
copying build/lib/fmha_sm100/cutlass/include/cutlass/gemm/device/gemm_universal_with_absmax.h -> build/bdist.linux-x86_64/wheel/./fmha_sm100/cutlass/include/cutlass/gemm/device
copying build/lib/fmha_sm100/cutlass/include/cutlass/gemm/device/ell_gemm.h -> build/bdist.linux-x86_64/wheel/./fmha_sm100/cutlass/include/cutlass/gemm/device
copying build/lib/fmha_sm100/cutlass/include/cutlass/gemm/device/trmm.h -> build/bdist.linux-x86_64/wheel/./fmha_sm100/cutlass/include/cutlass/gemm/device
copying build/lib/fmha_sm100/cutlass/include/cutlass/gemm/device/gemm_splitk_parallel.h -> build/bdist.linux-x86_64/wheel/./fmha_sm100/cutlass/include/cutlass/gemm/device
copying build/lib/fmha_sm100/cutlass/include/cutlass/gemm/device/gemm_universal_base.h -> build/bdist.linux-x86_64/wheel/./fmha_sm100/cutlass/include/cutlass/gemm/device
copying build/lib/fmha_sm100/cutlass/include/cutlass/gemm/device/default_gemm_configuration.h -> build/bdist.linux-x86_64/wheel/./fmha_sm100/cutlass/include/cutlass/gemm/device
copying build/lib/fmha_sm100/cutlass/include/cutlass/gemm/device/gemm_grouped.h -> build/bdist.linux-x86_64/wheel/./fmha_sm100/cutlass/include/cutlass/gemm/device
copying build/lib/fmha_sm100/cutlass/include/cutlass/gemm/device/gemm_blockwise.h -> build/bdist.linux-x86_64/wheel/./fmha_sm100/cutlass/include/cutlass/gemm/device
copying build/lib/fmha_sm100/cutlass/include/cutlass/gemm/device/base_grouped.h -> build/bdist.linux-x86_64/wheel/./fmha_sm100/cutlass/include/cutlass/gemm/device
copying build/lib/fmha_sm100/cutlass/include/cutlass/gemm/device/symm.h -> build/bdist.linux-x86_64/wheel/./fmha_sm100/cutlass/include/cutlass/gemm/device
copying build/lib/fmha_sm100/cutlass/include/cutlass/gemm/device/rank_2k.h -> build/bdist.linux-x86_64/wheel/./fmha_sm100/cutlass/include/cutlass/gemm/device
copying build/lib/fmha_sm100/cutlass/include/cutlass/gemm/device/gemm_sparse_universal_with_absmax.h -> build/bdist.linux-x86_64/wheel/./fmha_sm100/cutlass/include/cutlass/gemm/device
copying build/lib/fmha_sm100/cutlass/include/cutlass/gemm/device/rank_2k_grouped.h -> build/bdist.linux-x86_64/wheel/./fmha_sm100/cutlass/include/cutlass/gemm/device
copying build/lib/fmha_sm100/cutlass/include/cutlass/gemm/device/gemm_sparse.h -> build/bdist.linux-x86_64/wheel/./fmha_sm100/cutlass/include/cutlass/gemm/device
copying build/lib/fmha_sm100/cutlass/include/cutlass/gemm/device/gemm_sparse_with_visitor.h -> build/bdist.linux-x86_64/wheel/./fmha_sm100/cutlass/include/cutlass/gemm/device
copying build/lib/fmha_sm100/cutlass/include/cutlass/gemm/device/gemm_universal_adapter.h -> build/bdist.linux-x86_64/wheel/./fmha_sm100/cutlass/include/cutlass/gemm/device
copying build/lib/fmha_sm100/cutlass/include/cutlass/gemm/device/gemv_blockscaled.h -> build/bdist.linux-x86_64/wheel/./fmha_sm100/cutlass/include/cutlass/gemm/device
copying build/lib/fmha_sm100/cutlass/include/cutlass/gemm/device/gemm_layernorm_mainloop_fusion.h -> build/bdist.linux-x86_64/wheel/./fmha_sm100/cutlass/include/cutlass/gemm/device
copying build/lib/fmha_sm100/cutlass/include/cutlass/gemm/device/gemm_batched.h -> build/bdist.linux-x86_64/wheel/./fmha_sm100/cutlass/include/cutlass/gemm/device
copying build/lib/fmha_sm100/cutlass/include/cutlass/gemm/device/gemm_universal_streamk_with_broadcast.h -> build/bdist.linux-x86_64/wheel/./fmha_sm100/cutlass/include/cutlass/gemm/device
copying build/lib/fmha_sm100/cutlass/include/cutlass/gemm/device/rank_k.h -> build/bdist.linux-x86_64/wheel/./fmha_sm100/cutlass/include/cutlass/gemm/device
copying build/lib/fmha_sm100/cutlass/include/cutlass/gemm/device/gemm_with_k_reduction.h -> build/bdist.linux-x86_64/wheel/./fmha_sm100/cutlass/include/cutlass/gemm/device
copying build/lib/fmha_sm100/cutlass/include/cutlass/gemm/device/gemm_universal.h -> build/bdist.linux-x86_64/wheel/./fmha_sm100/cutlass/include/cutlass/gemm/device
copying build/lib/fmha_sm100/cutlass/include/cutlass/gemm/device/gemm_array.h -> build/bdist.linux-x86_64/wheel/./fmha_sm100/cutlass/include/cutlass/gemm/device
copying build/lib/fmha_sm100/cutlass/include/cutlass/gemm/device/gemm_universal_with_broadcast.h -> build/bdist.linux-x86_64/wheel/./fmha_sm100/cutlass/include/cutlass/gemm/device
copying build/lib/fmha_sm100/cutlass/include/cutlass/gemm/device/gemm_sparse_with_absmax.h -> build/bdist.linux-x86_64/wheel/./fmha_sm100/cutlass/include/cutlass/gemm/device
copying build/lib/fmha_sm100/cutlass/include/cutlass/gemm/device/gemm_complex.h -> build/bdist.linux-x86_64/wheel/./fmha_sm100/cutlass/include/cutlass/gemm/device
copying build/lib/fmha_sm100/cutlass/include/cutlass/gemm/device/gemv.h -> build/bdist.linux-x86_64/wheel/./fmha_sm100/cutlass/include/cutlass/gemm/device
creating build/bdist.linux-x86_64/wheel/fmha_sm100/cutlass/include/cutlass/gemm/thread
copying build/lib/fmha_sm100/cutlass/include/cutlass/gemm/thread/mma_sm61.h -> build/bdist.linux-x86_64/wheel/./fmha_sm100/cutlass/include/cutlass/gemm/thread
copying build/lib/fmha_sm100/cutlass/include/cutlass/gemm/thread/mma_sm60.h -> build/bdist.linux-x86_64/wheel/./fmha_sm100/cutlass/include/cutlass/gemm/thread
copying build/lib/fmha_sm100/cutlass/include/cutlass/gemm/thread/mma_sm50.h -> build/bdist.linux-x86_64/wheel/./fmha_sm100/cutlass/include/cutlass/gemm/thread
copying build/lib/fmha_sm100/cutlass/include/cutlass/gemm/thread/mma.h -> build/bdist.linux-x86_64/wheel/./fmha_sm100/cutlass/include/cutlass/gemm/thread
copying build/lib/fmha_sm100/cutlass/include/cutlass/gemm/dispatch_policy.hpp -> build/bdist.linux-x86_64/wheel/./fmha_sm100/cutlass/include/cutlass/gemm
copying build/lib/fmha_sm100/cutlass/include/cutlass/gemm/group_array_problem_shape.hpp -> build/bdist.linux-x86_64/wheel/./fmha_sm100/cutlass/include/cutlass/gemm
copying build/lib/fmha_sm100/cutlass/include/cutlass/uint128.h -> build/bdist.linux-x86_64/wheel/./fmha_sm100/cutlass/include/cutlass
copying build/lib/fmha_sm100/cutlass/include/cutlass/wmma_array.h -> build/bdist.linux-x86_64/wheel/./fmha_sm100/cutlass/include/cutlass
copying build/lib/fmha_sm100/cutlass/include/cutlass/float_subbyte.h -> build/bdist.linux-x86_64/wheel/./fmha_sm100/cutlass/include/cutlass
copying build/lib/fmha_sm100/cutlass/include/cutlass/matrix_shape.h -> build/bdist.linux-x86_64/wheel/./fmha_sm100/cutlass/include/cutlass
copying build/lib/fmha_sm100/cutlass/include/cutlass/subbyte_reference.h -> build/bdist.linux-x86_64/wheel/./fmha_sm100/cutlass/include/cutlass
copying build/lib/fmha_sm100/cutlass/include/cutlass/functional.h -> build/bdist.linux-x86_64/wheel/./fmha_sm100/cutlass/include/cutlass
copying build/lib/fmha_sm100/cutlass/include/cutlass/bfloat16.h -> build/bdist.linux-x86_64/wheel/./fmha_sm100/cutlass/include/cutlass
copying build/lib/fmha_sm100/cutlass/include/cutlass/quaternion.h -> build/bdist.linux-x86_64/wheel/./fmha_sm100/cutlass/include/cutlass
copying build/lib/fmha_sm100/cutlass/include/cutlass/device_kernel.h -> build/bdist.linux-x86_64/wheel/./fmha_sm100/cutlass/include/cutlass
copying build/lib/fmha_sm100/cutlass/include/cutlass/array_planar_complex.h -> build/bdist.linux-x86_64/wheel/./fmha_sm100/cutlass/include/cutlass
copying build/lib/fmha_sm100/cutlass/include/cutlass/array.h -> build/bdist.linux-x86_64/wheel/./fmha_sm100/cutlass/include/cutlass
copying build/lib/fmha_sm100/cutlass/include/cutlass/array_subbyte.h -> build/bdist.linux-x86_64/wheel/./fmha_sm100/cutlass/include/cutlass
creating build/bdist.linux-x86_64/wheel/fmha_sm100/cutlass/include/cutlass/platform
copying build/lib/fmha_sm100/cutlass/include/cutlass/platform/platform.h -> build/bdist.linux-x86_64/wheel/./fmha_sm100/cutlass/include/cutlass/platform
copying build/lib/fmha_sm100/cutlass/include/cutlass/numeric_types.h -> build/bdist.linux-x86_64/wheel/./fmha_sm100/cutlass/include/cutlass
copying build/lib/fmha_sm100/cutlass/include/cutlass/tensor_ref_planar_complex.h -> build/bdist.linux-x86_64/wheel/./fmha_sm100/cutlass/include/cutlass
copying build/lib/fmha_sm100/cutlass/include/cutlass/kernel_launch.h -> build/bdist.linux-x86_64/wheel/./fmha_sm100/cutlass/include/cutlass
copying build/lib/fmha_sm100/cutlass/include/cutlass/cluster_launch.hpp -> build/bdist.linux-x86_64/wheel/./fmha_sm100/cutlass/include/cutlass
copying build/lib/fmha_sm100/cutlass/include/cutlass/uint256.h -> build/bdist.linux-x86_64/wheel/./fmha_sm100/cutlass/include/cutlass
copying build/lib/fmha_sm100/cutlass/include/cutlass/version.h -> build/bdist.linux-x86_64/wheel/./fmha_sm100/cutlass/include/cutlass
copying build/lib/fmha_sm100/cutlass/include/cutlass/aligned_buffer.h -> build/bdist.linux-x86_64/wheel/./fmha_sm100/cutlass/include/cutlass
copying build/lib/fmha_sm100/cutlass/include/cutlass/fast_math.h -> build/bdist.linux-x86_64/wheel/./fmha_sm100/cutlass/include/cutlass
creating build/bdist.linux-x86_64/wheel/fmha_sm100/cutlass/include/cutlass/epilogue
creating build/bdist.linux-x86_64/wheel/fmha_sm100/cutlass/include/cutlass/epilogue/collective
copying build/lib/fmha_sm100/cutlass/include/cutlass/epilogue/collective/sm100_epilogue_nosmem.hpp -> build/bdist.linux-x86_64/wheel/./fmha_sm100/cutlass/include/cutlass/epilogue/collective
copying build/lib/fmha_sm100/cutlass/include/cutlass/epilogue/collective/sm70_epilogue_vectorized_array.hpp -> build/bdist.linux-x86_64/wheel/./fmha_sm100/cutlass/include/cutlass/epilogue/collective
copying build/lib/fmha_sm100/cutlass/include/cutlass/epilogue/collective/collective_epilogue.hpp -> build/bdist.linux-x86_64/wheel/./fmha_sm100/cutlass/include/cutlass/epilogue/collective
copying build/lib/fmha_sm100/cutlass/include/cutlass/epilogue/collective/sm90_epilogue_array_tma_warpspecialized.hpp -> build/bdist.linux-x86_64/wheel/./fmha_sm100/cutlass/include/cutlass/epilogue/collective
copying build/lib/fmha_sm100/cutlass/include/cutlass/epilogue/collective/sm100_epilogue_array_nosmem.hpp -> build/bdist.linux-x86_64/wheel/./fmha_sm100/cutlass/include/cutlass/epilogue/collective
copying build/lib/fmha_sm100/cutlass/include/cutlass/epilogue/collective/detail.hpp -> build/bdist.linux-x86_64/wheel/./fmha_sm100/cutlass/include/cutlass/epilogue/collective
copying build/lib/fmha_sm100/cutlass/include/cutlass/epilogue/collective/sm100_epilogue_planar_complex_tma_warpspecialized.hpp -> build/bdist.linux-x86_64/wheel/./fmha_sm100/cutlass/include/cutlass/epilogue/collective
copying build/lib/fmha_sm100/cutlass/include/cutlass/epilogue/collective/sm90_epilogue_tma_warpspecialized_bias_elementwise.hpp -> build/bdist.linux-x86_64/wheel/./fmha_sm100/cutlass/include/cutlass/epilogue/collective
copying build/lib/fmha_sm100/cutlass/include/cutlass/epilogue/collective/sm70_epilogue_vectorized.hpp -> build/bdist.linux-x86_64/wheel/./fmha_sm100/cutlass/include/cutlass/epilogue/collective
copying build/lib/fmha_sm100/cutlass/include/cutlass/epilogue/collective/default_epilogue.hpp -> build/bdist.linux-x86_64/wheel/./fmha_sm100/cutlass/include/cutlass/epilogue/collective
copying build/lib/fmha_sm100/cutlass/include/cutlass/epilogue/collective/collective_builder.hpp -> build/bdist.linux-x86_64/wheel/./fmha_sm100/cutlass/include/cutlass/epilogue/collective
copying build/lib/fmha_sm100/cutlass/include/cutlass/epilogue/collective/sm100_epilogue_array_planar_complex_tma_warpspecialized.hpp -> build/bdist.linux-x86_64/wheel/./fmha_sm100/cutlass/include/cutlass/epilogue/collective
copying build/lib/fmha_sm100/cutlass/include/cutlass/epilogue/collective/epilogue_tensor_broadcast.hpp -> build/bdist.linux-x86_64/wheel/./fmha_sm100/cutlass/include/cutlass/epilogue/collective
copying build/lib/fmha_sm100/cutlass/include/cutlass/epilogue/collective/sm90_epilogue_tma_warpspecialized.hpp -> build/bdist.linux-x86_64/wheel/./fmha_sm100/cutlass/include/cutlass/epilogue/collective
copying build/lib/fmha_sm100/cutlass/include/cutlass/epilogue/collective/sm100_epilogue_tma_warpspecialized.hpp -> build/bdist.linux-x86_64/wheel/./fmha_sm100/cutlass/include/cutlass/epilogue/collective
creating build/bdist.linux-x86_64/wheel/fmha_sm100/cutlass/include/cutlass/epilogue/collective/builders
copying build/lib/fmha_sm100/cutlass/include/cutlass/epilogue/collective/builders/sm120_builder.inl -> build/bdist.linux-x86_64/wheel/./fmha_sm100/cutlass/include/cutlass/epilogue/collective/builders
copying build/lib/fmha_sm100/cutlass/include/cutlass/epilogue/collective/builders/sm100_builder.inl -> build/bdist.linux-x86_64/wheel/./fmha_sm100/cutlass/include/cutlass/epilogue/collective/builders
copying build/lib/fmha_sm100/cutlass/include/cutlass/epilogue/collective/builders/sm120_common.inl -> build/bdist.linux-x86_64/wheel/./fmha_sm100/cutlass/include/cutlass/epilogue/collective/builders
copying build/lib/fmha_sm100/cutlass/include/cutlass/epilogue/collective/builders/sm107_builder.inl -> build/bdist.linux-x86_64/wheel/./fmha_sm100/cutlass/include/cutlass/epilogue/collective/builders
copying build/lib/fmha_sm100/cutlass/include/cutlass/epilogue/collective/builders/sm90_common.inl -> build/bdist.linux-x86_64/wheel/./fmha_sm100/cutlass/include/cutlass/epilogue/collective/builders
copying build/lib/fmha_sm100/cutlass/include/cutlass/epilogue/collective/builders/sm90_builder.inl -> build/bdist.linux-x86_64/wheel/./fmha_sm100/cutlass/include/cutlass/epilogue/collective/builders
copying build/lib/fmha_sm100/cutlass/include/cutlass/epilogue/collective/builders/sm103_builder.inl -> build/bdist.linux-x86_64/wheel/./fmha_sm100/cutlass/include/cutlass/epilogue/collective/builders
copying build/lib/fmha_sm100/cutlass/include/cutlass/epilogue/collective/sm100_epilogue_array_tma_warpspecialized.hpp -> build/bdist.linux-x86_64/wheel/./fmha_sm100/cutlass/include/cutlass/epilogue/collective
copying build/lib/fmha_sm100/cutlass/include/cutlass/epilogue/collective/default_epilogue_array.hpp -> build/bdist.linux-x86_64/wheel/./fmha_sm100/cutlass/include/cutlass/epilogue/collective
copying build/lib/fmha_sm100/cutlass/include/cutlass/epilogue/collective/sm100_epilogue_array_planar_complex_nosmem.hpp -> build/bdist.linux-x86_64/wheel/./fmha_sm100/cutlass/include/cutlass/epilogue/collective
creating build/bdist.linux-x86_64/wheel/fmha_sm100/cutlass/include/cutlass/epilogue/warp
copying build/lib/fmha_sm100/cutlass/include/cutlass/epilogue/warp/tensor_op_policy.h -> build/bdist.linux-x86_64/wheel/./fmha_sm100/cutlass/include/cutlass/epilogue/warp
copying build/lib/fmha_sm100/cutlass/include/cutlass/epilogue/warp/tile_iterator_tensor_op.h -> build/bdist.linux-x86_64/wheel/./fmha_sm100/cutlass/include/cutlass/epilogue/warp
copying build/lib/fmha_sm100/cutlass/include/cutlass/epilogue/warp/volta_tensor_op_policy.h -> build/bdist.linux-x86_64/wheel/./fmha_sm100/cutlass/include/cutlass/epilogue/warp
copying build/lib/fmha_sm100/cutlass/include/cutlass/epilogue/warp/wmma_tensor_op_policy.h -> build/bdist.linux-x86_64/wheel/./fmha_sm100/cutlass/include/cutlass/epilogue/warp
copying build/lib/fmha_sm100/cutlass/include/cutlass/epilogue/warp/tile_iterator_volta_tensor_op.h -> build/bdist.linux-x86_64/wheel/./fmha_sm100/cutlass/include/cutlass/epilogue/warp
copying build/lib/fmha_sm100/cutlass/include/cutlass/epilogue/warp/simt_policy.h -> build/bdist.linux-x86_64/wheel/./fmha_sm100/cutlass/include/cutlass/epilogue/warp
copying build/lib/fmha_sm100/cutlass/include/cutlass/epilogue/warp/fragment_iterator_gaussian_complex_tensor_op.h -> build/bdist.linux-x86_64/wheel/./fmha_sm100/cutlass/include/cutlass/epilogue/warp
copying build/lib/fmha_sm100/cutlass/include/cutlass/epilogue/warp/tile_iterator_simt.h -> build/bdist.linux-x86_64/wheel/./fmha_sm100/cutlass/include/cutlass/epilogue/warp
copying build/lib/fmha_sm100/cutlass/include/cutlass/epilogue/warp/fragment_iterator_complex_tensor_op.h -> build/bdist.linux-x86_64/wheel/./fmha_sm100/cutlass/include/cutlass/epilogue/warp
copying build/lib/fmha_sm100/cutlass/include/cutlass/epilogue/warp/tile_iterator_tensor_op_mixed.h -> build/bdist.linux-x86_64/wheel/./fmha_sm100/cutlass/include/cutlass/epilogue/warp
copying build/lib/fmha_sm100/cutlass/include/cutlass/epilogue/warp/fragment_iterator_volta_tensor_op.h -> build/bdist.linux-x86_64/wheel/./fmha_sm100/cutlass/include/cutlass/epilogue/warp
copying build/lib/fmha_sm100/cutlass/include/cutlass/epilogue/warp/fragment_iterator_simt.h -> build/bdist.linux-x86_64/wheel/./fmha_sm100/cutlass/include/cutlass/epilogue/warp
copying build/lib/fmha_sm100/cutlass/include/cutlass/epilogue/warp/tile_iterator_wmma_tensor_op.h -> build/bdist.linux-x86_64/wheel/./fmha_sm100/cutlass/include/cutlass/epilogue/warp
copying build/lib/fmha_sm100/cutlass/include/cutlass/epilogue/warp/fragment_iterator_tensor_op.h -> build/bdist.linux-x86_64/wheel/./fmha_sm100/cutlass/include/cutlass/epilogue/warp
copying build/lib/fmha_sm100/cutlass/include/cutlass/epilogue/warp/fragment_iterator_wmma_tensor_op.h -> build/bdist.linux-x86_64/wheel/./fmha_sm100/cutlass/include/cutlass/epilogue/warp
creating build/bdist.linux-x86_64/wheel/fmha_sm100/cutlass/include/cutlass/epilogue/threadblock
copying build/lib/fmha_sm100/cutlass/include/cutlass/epilogue/threadblock/epilogue_base.h -> build/bdist.linux-x86_64/wheel/./fmha_sm100/cutlass/include/cutlass/epilogue/threadblock
copying build/lib/fmha_sm100/cutlass/include/cutlass/epilogue/threadblock/predicated_tile_iterator_affine_layout_params.h -> build/bdist.linux-x86_64/wheel/./fmha_sm100/cutlass/include/cutlass/epilogue/threadblock
copying build/lib/fmha_sm100/cutlass/include/cutlass/epilogue/threadblock/epilogue_with_visitor.h -> build/bdist.linux-x86_64/wheel/./fmha_sm100/cutlass/include/cutlass/epilogue/threadblock
copying build/lib/fmha_sm100/cutlass/include/cutlass/epilogue/threadblock/epilogue_with_broadcast.h -> build/bdist.linux-x86_64/wheel/./fmha_sm100/cutlass/include/cutlass/epilogue/threadblock
copying build/lib/fmha_sm100/cutlass/include/cutlass/epilogue/threadblock/default_epilogue_tensor_op.h -> build/bdist.linux-x86_64/wheel/./fmha_sm100/cutlass/include/cutlass/epilogue/threadblock
copying build/lib/fmha_sm100/cutlass/include/cutlass/epilogue/threadblock/default_thread_map_simt.h -> build/bdist.linux-x86_64/wheel/./fmha_sm100/cutlass/include/cutlass/epilogue/threadblock
copying build/lib/fmha_sm100/cutlass/include/cutlass/epilogue/threadblock/epilogue_with_absmax.h -> build/bdist.linux-x86_64/wheel/./fmha_sm100/cutlass/include/cutlass/epilogue/threadblock
copying build/lib/fmha_sm100/cutlass/include/cutlass/epilogue/threadblock/predicated_tile_iterator_params.h -> build/bdist.linux-x86_64/wheel/./fmha_sm100/cutlass/include/cutlass/epilogue/threadblock
copying build/lib/fmha_sm100/cutlass/include/cutlass/epilogue/threadblock/default_epilogue_with_broadcast.h -> build/bdist.linux-x86_64/wheel/./fmha_sm100/cutlass/include/cutlass/epilogue/threadblock
copying build/lib/fmha_sm100/cutlass/include/cutlass/epilogue/threadblock/predicated_tile_iterator.h -> build/bdist.linux-x86_64/wheel/./fmha_sm100/cutlass/include/cutlass/epilogue/threadblock
copying build/lib/fmha_sm100/cutlass/include/cutlass/epilogue/threadblock/epilogue_base_streamk.h -> build/bdist.linux-x86_64/wheel/./fmha_sm100/cutlass/include/cutlass/epilogue/threadblock
copying build/lib/fmha_sm100/cutlass/include/cutlass/epilogue/threadblock/predicated_tile_iterator_affine.h -> build/bdist.linux-x86_64/wheel/./fmha_sm100/cutlass/include/cutlass/epilogue/threadblock
copying build/lib/fmha_sm100/cutlass/include/cutlass/epilogue/threadblock/default_epilogue_planar_complex.h -> build/bdist.linux-x86_64/wheel/./fmha_sm100/cutlass/include/cutlass/epilogue/threadblock
copying build/lib/fmha_sm100/cutlass/include/cutlass/epilogue/threadblock/default_epilogue_with_reduction.h -> build/bdist.linux-x86_64/wheel/./fmha_sm100/cutlass/include/cutlass/epilogue/threadblock
copying build/lib/fmha_sm100/cutlass/include/cutlass/epilogue/threadblock/epilogue_depthwise.h -> build/bdist.linux-x86_64/wheel/./fmha_sm100/cutlass/include/cutlass/epilogue/threadblock
copying build/lib/fmha_sm100/cutlass/include/cutlass/epilogue/threadblock/default_thread_map_volta_tensor_op.h -> build/bdist.linux-x86_64/wheel/./fmha_sm100/cutlass/include/cutlass/epilogue/threadblock
copying build/lib/fmha_sm100/cutlass/include/cutlass/epilogue/threadblock/direct_store_epilogue_iterator.h -> build/bdist.linux-x86_64/wheel/./fmha_sm100/cutlass/include/cutlass/epilogue/threadblock
copying build/lib/fmha_sm100/cutlass/include/cutlass/epilogue/threadblock/epilogue_smem_accumulator.h -> build/bdist.linux-x86_64/wheel/./fmha_sm100/cutlass/include/cutlass/epilogue/threadblock
copying build/lib/fmha_sm100/cutlass/include/cutlass/epilogue/threadblock/default_epilogue_wmma_tensor_op.h -> build/bdist.linux-x86_64/wheel/./fmha_sm100/cutlass/include/cutlass/epilogue/threadblock
copying build/lib/fmha_sm100/cutlass/include/cutlass/epilogue/threadblock/predicated_tile_iterator_predicates.h -> build/bdist.linux-x86_64/wheel/./fmha_sm100/cutlass/include/cutlass/epilogue/threadblock
copying build/lib/fmha_sm100/cutlass/include/cutlass/epilogue/threadblock/interleaved_epilogue.h -> build/bdist.linux-x86_64/wheel/./fmha_sm100/cutlass/include/cutlass/epilogue/threadblock
copying build/lib/fmha_sm100/cutlass/include/cutlass/epilogue/threadblock/shared_load_iterator_pitch_linear.h -> build/bdist.linux-x86_64/wheel/./fmha_sm100/cutlass/include/cutlass/epilogue/threadblock
copying build/lib/fmha_sm100/cutlass/include/cutlass/epilogue/threadblock/epilogue.h -> build/bdist.linux-x86_64/wheel/./fmha_sm100/cutlass/include/cutlass/epilogue/threadblock
copying build/lib/fmha_sm100/cutlass/include/cutlass/epilogue/threadblock/predicated_tile_iterator_strided_dgrad.h -> build/bdist.linux-x86_64/wheel/./fmha_sm100/cutlass/include/cutlass/epilogue/threadblock
copying build/lib/fmha_sm100/cutlass/include/cutlass/epilogue/threadblock/epilogue_with_reduction.h -> build/bdist.linux-x86_64/wheel/./fmha_sm100/cutlass/include/cutlass/epilogue/threadblock
copying build/lib/fmha_sm100/cutlass/include/cutlass/epilogue/threadblock/default_thread_map_tensor_op.h -> build/bdist.linux-x86_64/wheel/./fmha_sm100/cutlass/include/cutlass/epilogue/threadblock
copying build/lib/fmha_sm100/cutlass/include/cutlass/epilogue/threadblock/epilogue_with_visitor_callbacks.h -> build/bdist.linux-x86_64/wheel/./fmha_sm100/cutlass/include/cutlass/epilogue/threadblock
copying build/lib/fmha_sm100/cutlass/include/cutlass/epilogue/threadblock/predicated_tile_iterator_conv.h -> build/bdist.linux-x86_64/wheel/./fmha_sm100/cutlass/include/cutlass/epilogue/threadblock
copying build/lib/fmha_sm100/cutlass/include/cutlass/epilogue/threadblock/predicated_tile_iterator_blas3.h -> build/bdist.linux-x86_64/wheel/./fmha_sm100/cutlass/include/cutlass/epilogue/threadblock
copying build/lib/fmha_sm100/cutlass/include/cutlass/epilogue/threadblock/epilogue_workspace.h -> build/bdist.linux-x86_64/wheel/./fmha_sm100/cutlass/include/cutlass/epilogue/threadblock
copying build/lib/fmha_sm100/cutlass/include/cutlass/epilogue/threadblock/epilogue_direct_store.h -> build/bdist.linux-x86_64/wheel/./fmha_sm100/cutlass/include/cutlass/epilogue/threadblock
copying build/lib/fmha_sm100/cutlass/include/cutlass/epilogue/threadblock/output_iterator_parameter.h -> build/bdist.linux-x86_64/wheel/./fmha_sm100/cutlass/include/cutlass/epilogue/threadblock
copying build/lib/fmha_sm100/cutlass/include/cutlass/epilogue/threadblock/predicated_tile_iterator_direct_conv.h -> build/bdist.linux-x86_64/wheel/./fmha_sm100/cutlass/include/cutlass/epilogue/threadblock
copying build/lib/fmha_sm100/cutlass/include/cutlass/epilogue/threadblock/default_epilogue_tensor_op_blas3.h -> build/bdist.linux-x86_64/wheel/./fmha_sm100/cutlass/include/cutlass/epilogue/threadblock
copying build/lib/fmha_sm100/cutlass/include/cutlass/epilogue/threadblock/output_tile_thread_map.h -> build/bdist.linux-x86_64/wheel/./fmha_sm100/cutlass/include/cutlass/epilogue/threadblock
copying build/lib/fmha_sm100/cutlass/include/cutlass/epilogue/threadblock/default_epilogue_direct_store.h -> build/bdist.linux-x86_64/wheel/./fmha_sm100/cutlass/include/cutlass/epilogue/threadblock
copying build/lib/fmha_sm100/cutlass/include/cutlass/epilogue/threadblock/default_epilogue_volta_tensor_op.h -> build/bdist.linux-x86_64/wheel/./fmha_sm100/cutlass/include/cutlass/epilogue/threadblock
copying build/lib/fmha_sm100/cutlass/include/cutlass/epilogue/threadblock/default_thread_map_wmma_tensor_op.h -> build/bdist.linux-x86_64/wheel/./fmha_sm100/cutlass/include/cutlass/epilogue/threadblock
copying build/lib/fmha_sm100/cutlass/include/cutlass/epilogue/threadblock/shared_load_iterator.h -> build/bdist.linux-x86_64/wheel/./fmha_sm100/cutlass/include/cutlass/epilogue/threadblock
copying build/lib/fmha_sm100/cutlass/include/cutlass/epilogue/threadblock/epilogue_gemm_k_reduction.h -> build/bdist.linux-x86_64/wheel/./fmha_sm100/cutlass/include/cutlass/epilogue/threadblock
copying build/lib/fmha_sm100/cutlass/include/cutlass/epilogue/threadblock/epilogue_visitor_with_softmax.h -> build/bdist.linux-x86_64/wheel/./fmha_sm100/cutlass/include/cutlass/epilogue/threadblock
copying build/lib/fmha_sm100/cutlass/include/cutlass/epilogue/threadblock/default_epilogue_with_absmax.h -> build/bdist.linux-x86_64/wheel/./fmha_sm100/cutlass/include/cutlass/epilogue/threadblock
creating build/bdist.linux-x86_64/wheel/fmha_sm100/cutlass/include/cutlass/epilogue/threadblock/fusion
copying build/lib/fmha_sm100/cutlass/include/cutlass/epilogue/threadblock/fusion/visitor_store.hpp -> build/bdist.linux-x86_64/wheel/./fmha_sm100/cutlass/include/cutlass/epilogue/threadblock/fusion
copying build/lib/fmha_sm100/cutlass/include/cutlass/epilogue/threadblock/fusion/visitor_2x.hpp -> build/bdist.linux-x86_64/wheel/./fmha_sm100/cutlass/include/cutlass/epilogue/threadblock/fusion
copying build/lib/fmha_sm100/cutlass/include/cutlass/epilogue/threadblock/fusion/visitors.hpp -> build/bdist.linux-x86_64/wheel/./fmha_sm100/cutlass/include/cutlass/epilogue/threadblock/fusion
copying build/lib/fmha_sm100/cutlass/include/cutlass/epilogue/threadblock/fusion/visitor_load.hpp -> build/bdist.linux-x86_64/wheel/./fmha_sm100/cutlass/include/cutlass/epilogue/threadblock/fusion
copying build/lib/fmha_sm100/cutlass/include/cutlass/epilogue/threadblock/fusion/visitor_compute.hpp -> build/bdist.linux-x86_64/wheel/./fmha_sm100/cutlass/include/cutlass/epilogue/threadblock/fusion
copying build/lib/fmha_sm100/cutlass/include/cutlass/epilogue/threadblock/epilogue_streamk_with_broadcast.h -> build/bdist.linux-x86_64/wheel/./fmha_sm100/cutlass/include/cutlass/epilogue/threadblock
copying build/lib/fmha_sm100/cutlass/include/cutlass/epilogue/threadblock/epilogue_planar_complex.h -> build/bdist.linux-x86_64/wheel/./fmha_sm100/cutlass/include/cutlass/epilogue/threadblock
copying build/lib/fmha_sm100/cutlass/include/cutlass/epilogue/threadblock/default_epilogue_simt.h -> build/bdist.linux-x86_64/wheel/./fmha_sm100/cutlass/include/cutlass/epilogue/threadblock
copying build/lib/fmha_sm100/cutlass/include/cutlass/epilogue/threadblock/shared_load_iterator_mixed.h -> build/bdist.linux-x86_64/wheel/./fmha_sm100/cutlass/include/cutlass/epilogue/threadblock
copying build/lib/fmha_sm100/cutlass/include/cutlass/epilogue/threadblock/default_epilogue_complex_tensor_op_blas3.h -> build/bdist.linux-x86_64/wheel/./fmha_sm100/cutlass/include/cutlass/epilogue/threadblock
copying build/lib/fmha_sm100/cutlass/include/cutlass/epilogue/threadblock/default_epilogue_complex_tensor_op.h -> build/bdist.linux-x86_64/wheel/./fmha_sm100/cutlass/include/cutlass/epilogue/threadblock
copying build/lib/fmha_sm100/cutlass/include/cutlass/epilogue/threadblock/epilogue_with_scaling_factor.h -> build/bdist.linux-x86_64/wheel/./fmha_sm100/cutlass/include/cutlass/epilogue/threadblock
creating build/bdist.linux-x86_64/wheel/fmha_sm100/cutlass/include/cutlass/epilogue/thread
copying build/lib/fmha_sm100/cutlass/include/cutlass/epilogue/thread/linear_combination_silu.h -> build/bdist.linux-x86_64/wheel/./fmha_sm100/cutlass/include/cutlass/epilogue/thread
copying build/lib/fmha_sm100/cutlass/include/cutlass/epilogue/thread/linear_combination_leaky_relu.h -> build/bdist.linux-x86_64/wheel/./fmha_sm100/cutlass/include/cutlass/epilogue/thread
copying build/lib/fmha_sm100/cutlass/include/cutlass/epilogue/thread/linear_combination_hardswish.h -> build/bdist.linux-x86_64/wheel/./fmha_sm100/cutlass/include/cutlass/epilogue/thread
copying build/lib/fmha_sm100/cutlass/include/cutlass/epilogue/thread/linear_combination_drelu.h -> build/bdist.linux-x86_64/wheel/./fmha_sm100/cutlass/include/cutlass/epilogue/thread
copying build/lib/fmha_sm100/cutlass/include/cutlass/epilogue/thread/linear_combination_generic_with_scaling.h -> build/bdist.linux-x86_64/wheel/./fmha_sm100/cutlass/include/cutlass/epilogue/thread
copying build/lib/fmha_sm100/cutlass/include/cutlass/epilogue/thread/scale_type.h -> build/bdist.linux-x86_64/wheel/./fmha_sm100/cutlass/include/cutlass/epilogue/thread
copying build/lib/fmha_sm100/cutlass/include/cutlass/epilogue/thread/linear_combination_dgelu.h -> build/bdist.linux-x86_64/wheel/./fmha_sm100/cutlass/include/cutlass/epilogue/thread
copying build/lib/fmha_sm100/cutlass/include/cutlass/epilogue/thread/linear_combination_relu0.h -> build/bdist.linux-x86_64/wheel/./fmha_sm100/cutlass/include/cutlass/epilogue/thread
copying build/lib/fmha_sm100/cutlass/include/cutlass/epilogue/thread/detail.hpp -> build/bdist.linux-x86_64/wheel/./fmha_sm100/cutlass/include/cutlass/epilogue/thread
copying build/lib/fmha_sm100/cutlass/include/cutlass/epilogue/thread/conversion_op.h -> build/bdist.linux-x86_64/wheel/./fmha_sm100/cutlass/include/cutlass/epilogue/thread
copying build/lib/fmha_sm100/cutlass/include/cutlass/epilogue/thread/linear_combination.h -> build/bdist.linux-x86_64/wheel/./fmha_sm100/cutlass/include/cutlass/epilogue/thread
copying build/lib/fmha_sm100/cutlass/include/cutlass/epilogue/thread/linear_combination_relu.h -> build/bdist.linux-x86_64/wheel/./fmha_sm100/cutlass/include/cutlass/epilogue/thread
copying build/lib/fmha_sm100/cutlass/include/cutlass/epilogue/thread/linear_combination_bias_relu.h -> build/bdist.linux-x86_64/wheel/./fmha_sm100/cutlass/include/cutlass/epilogue/thread
copying build/lib/fmha_sm100/cutlass/include/cutlass/epilogue/thread/activation.h -> build/bdist.linux-x86_64/wheel/./fmha_sm100/cutlass/include/cutlass/epilogue/thread
copying build/lib/fmha_sm100/cutlass/include/cutlass/epilogue/thread/linear_combination_with_elementwise.h -> build/bdist.linux-x86_64/wheel/./fmha_sm100/cutlass/include/cutlass/epilogue/thread
copying build/lib/fmha_sm100/cutlass/include/cutlass/epilogue/thread/linear_combination_generic.h -> build/bdist.linux-x86_64/wheel/./fmha_sm100/cutlass/include/cutlass/epilogue/thread
copying build/lib/fmha_sm100/cutlass/include/cutlass/epilogue/thread/reduction_op.h -> build/bdist.linux-x86_64/wheel/./fmha_sm100/cutlass/include/cutlass/epilogue/thread
copying build/lib/fmha_sm100/cutlass/include/cutlass/epilogue/thread/linear_combination_tensor_broadcast.hpp -> build/bdist.linux-x86_64/wheel/./fmha_sm100/cutlass/include/cutlass/epilogue/thread
copying build/lib/fmha_sm100/cutlass/include/cutlass/epilogue/thread/linear_combination_sigmoid.h -> build/bdist.linux-x86_64/wheel/./fmha_sm100/cutlass/include/cutlass/epilogue/thread
copying build/lib/fmha_sm100/cutlass/include/cutlass/epilogue/thread/linear_combination_params.h -> build/bdist.linux-x86_64/wheel/./fmha_sm100/cutlass/include/cutlass/epilogue/thread
copying build/lib/fmha_sm100/cutlass/include/cutlass/epilogue/thread/linear_combination_residual_block.h -> build/bdist.linux-x86_64/wheel/./fmha_sm100/cutlass/include/cutlass/epilogue/thread
copying build/lib/fmha_sm100/cutlass/include/cutlass/epilogue/thread/linear_combination_clamp.h -> build/bdist.linux-x86_64/wheel/./fmha_sm100/cutlass/include/cutlass/epilogue/thread
copying build/lib/fmha_sm100/cutlass/include/cutlass/epilogue/thread/linear_combination_bias_elementwise.h -> build/bdist.linux-x86_64/wheel/./fmha_sm100/cutlass/include/cutlass/epilogue/thread
copying build/lib/fmha_sm100/cutlass/include/cutlass/epilogue/thread/linear_combination_planar_complex.h -> build/bdist.linux-x86_64/wheel/./fmha_sm100/cutlass/include/cutlass/epilogue/thread
copying build/lib/fmha_sm100/cutlass/include/cutlass/epilogue/thread/linear_combination_gelu.h -> build/bdist.linux-x86_64/wheel/./fmha_sm100/cutlass/include/cutlass/epilogue/thread
copying build/lib/fmha_sm100/cutlass/include/cutlass/epilogue/dispatch_policy.hpp -> build/bdist.linux-x86_64/wheel/./fmha_sm100/cutlass/include/cutlass/epilogue
creating build/bdist.linux-x86_64/wheel/fmha_sm100/cutlass/include/cutlass/epilogue/fusion
copying build/lib/fmha_sm100/cutlass/include/cutlass/epilogue/fusion/sm90_visitor_topk_softmax.hpp -> build/bdist.linux-x86_64/wheel/./fmha_sm100/cutlass/include/cutlass/epilogue/fusion
copying build/lib/fmha_sm100/cutlass/include/cutlass/epilogue/fusion/sm100_callbacks_tma_warpspecialized.hpp -> build/bdist.linux-x86_64/wheel/./fmha_sm100/cutlass/include/cutlass/epilogue/fusion
copying build/lib/fmha_sm100/cutlass/include/cutlass/epilogue/fusion/sm120_callbacks_tma_warpspecialized.hpp -> build/bdist.linux-x86_64/wheel/./fmha_sm100/cutlass/include/cutlass/epilogue/fusion
copying build/lib/fmha_sm100/cutlass/include/cutlass/epilogue/fusion/sm90_visitor_load_tma_warpspecialized.hpp -> build/bdist.linux-x86_64/wheel/./fmha_sm100/cutlass/include/cutlass/epilogue/fusion
copying build/lib/fmha_sm100/cutlass/include/cutlass/epilogue/fusion/sm120_visitor_store_tma_warpspecialized.hpp -> build/bdist.linux-x86_64/wheel/./fmha_sm100/cutlass/include/cutlass/epilogue/fusion
copying build/lib/fmha_sm100/cutlass/include/cutlass/epilogue/fusion/sm90_visitor_compute_tma_warpspecialized.hpp -> build/bdist.linux-x86_64/wheel/./fmha_sm100/cutlass/include/cutlass/epilogue/fusion
copying build/lib/fmha_sm100/cutlass/include/cutlass/epilogue/fusion/sm90_visitor_tma_warpspecialized.hpp -> build/bdist.linux-x86_64/wheel/./fmha_sm100/cutlass/include/cutlass/epilogue/fusion
copying build/lib/fmha_sm100/cutlass/include/cutlass/epilogue/fusion/sm90_visitor_store_tma_warpspecialized.hpp -> build/bdist.linux-x86_64/wheel/./fmha_sm100/cutlass/include/cutlass/epilogue/fusion
copying build/lib/fmha_sm100/cutlass/include/cutlass/epilogue/fusion/callbacks.hpp -> build/bdist.linux-x86_64/wheel/./fmha_sm100/cutlass/include/cutlass/epilogue/fusion
copying build/lib/fmha_sm100/cutlass/include/cutlass/epilogue/fusion/operations.hpp -> build/bdist.linux-x86_64/wheel/./fmha_sm100/cutlass/include/cutlass/epilogue/fusion
copying build/lib/fmha_sm100/cutlass/include/cutlass/epilogue/fusion/sm100_visitor_store_tma_warpspecialized.hpp -> build/bdist.linux-x86_64/wheel/./fmha_sm100/cutlass/include/cutlass/epilogue/fusion
copying build/lib/fmha_sm100/cutlass/include/cutlass/epilogue/fusion/sm90_callbacks_tma_warpspecialized.hpp -> build/bdist.linux-x86_64/wheel/./fmha_sm100/cutlass/include/cutlass/epilogue/fusion
copying build/lib/fmha_sm100/cutlass/include/cutlass/epilogue/fusion/sm100_visitor_compute_tma_warpspecialized.hpp -> build/bdist.linux-x86_64/wheel/./fmha_sm100/cutlass/include/cutlass/epilogue/fusion
copying build/lib/fmha_sm100/cutlass/include/cutlass/relatively_equal.h -> build/bdist.linux-x86_64/wheel/./fmha_sm100/cutlass/include/cutlass
copying build/lib/fmha_sm100/cutlass/include/cutlass/matrix.h -> build/bdist.linux-x86_64/wheel/./fmha_sm100/cutlass/include/cutlass
creating build/bdist.linux-x86_64/wheel/fmha_sm100/cutlass/include/cute
copying build/lib/fmha_sm100/cutlass/include/cute/pointer_flagged.hpp -> build/bdist.linux-x86_64/wheel/./fmha_sm100/cutlass/include/cute
creating build/bdist.linux-x86_64/wheel/fmha_sm100/cutlass/include/cute/arch
copying build/lib/fmha_sm100/cutlass/include/cute/arch/mma_sm120_sparse.hpp -> build/bdist.linux-x86_64/wheel/./fmha_sm100/cutlass/include/cute/arch
copying build/lib/fmha_sm100/cutlass/include/cute/arch/mma_sm107_desc.hpp -> build/bdist.linux-x86_64/wheel/./fmha_sm100/cutlass/include/cute/arch
copying build/lib/fmha_sm100/cutlass/include/cute/arch/mma_sm90_desc.hpp -> build/bdist.linux-x86_64/wheel/./fmha_sm100/cutlass/include/cute/arch
copying build/lib/fmha_sm100/cutlass/include/cute/arch/mma_sm100_desc.hpp -> build/bdist.linux-x86_64/wheel/./fmha_sm100/cutlass/include/cute/arch
copying build/lib/fmha_sm100/cutlass/include/cute/arch/mma_sm80.hpp -> build/bdist.linux-x86_64/wheel/./fmha_sm100/cutlass/include/cute/arch
copying build/lib/fmha_sm100/cutlass/include/cute/arch/copy_sm100_tma.hpp -> build/bdist.linux-x86_64/wheel/./fmha_sm100/cutlass/include/cute/arch
copying build/lib/fmha_sm100/cutlass/include/cute/arch/mma_sm61.hpp -> build/bdist.linux-x86_64/wheel/./fmha_sm100/cutlass/include/cute/arch
copying build/lib/fmha_sm100/cutlass/include/cute/arch/simd_sm100.hpp -> build/bdist.linux-x86_64/wheel/./fmha_sm100/cutlass/include/cute/arch
copying build/lib/fmha_sm100/cutlass/include/cute/arch/mma_sm100_umma.hpp -> build/bdist.linux-x86_64/wheel/./fmha_sm100/cutlass/include/cute/arch
copying build/lib/fmha_sm100/cutlass/include/cute/arch/copy_sm90.hpp -> build/bdist.linux-x86_64/wheel/./fmha_sm100/cutlass/include/cute/arch
copying build/lib/fmha_sm100/cutlass/include/cute/arch/copy.hpp -> build/bdist.linux-x86_64/wheel/./fmha_sm100/cutlass/include/cute/arch
copying build/lib/fmha_sm100/cutlass/include/cute/arch/util.hpp -> build/bdist.linux-x86_64/wheel/./fmha_sm100/cutlass/include/cute/arch
copying build/lib/fmha_sm100/cutlass/include/cute/arch/mma_sm90_gmma_sparse_ext.hpp -> build/bdist.linux-x86_64/wheel/./fmha_sm100/cutlass/include/cute/arch
copying build/lib/fmha_sm100/cutlass/include/cute/arch/mma_sm90_gmma_sparse.hpp -> build/bdist.linux-x86_64/wheel/./fmha_sm100/cutlass/include/cute/arch
copying build/lib/fmha_sm100/cutlass/include/cute/arch/tmem_allocator_sm100.hpp -> build/bdist.linux-x86_64/wheel/./fmha_sm100/cutlass/include/cute/arch
copying build/lib/fmha_sm100/cutlass/include/cute/arch/mma_sm90_gmma_ext.hpp -> build/bdist.linux-x86_64/wheel/./fmha_sm100/cutlass/include/cute/arch
copying build/lib/fmha_sm100/cutlass/include/cute/arch/mma_sm70.hpp -> build/bdist.linux-x86_64/wheel/./fmha_sm100/cutlass/include/cute/arch
copying build/lib/fmha_sm100/cutlass/include/cute/arch/mma_sm90.hpp -> build/bdist.linux-x86_64/wheel/./fmha_sm100/cutlass/include/cute/arch
copying build/lib/fmha_sm100/cutlass/include/cute/arch/mma_sm75.hpp -> build/bdist.linux-x86_64/wheel/./fmha_sm100/cutlass/include/cute/arch
copying build/lib/fmha_sm100/cutlass/include/cute/arch/mma.hpp -> build/bdist.linux-x86_64/wheel/./fmha_sm100/cutlass/include/cute/arch
copying build/lib/fmha_sm100/cutlass/include/cute/arch/copy_sm90_desc.hpp -> build/bdist.linux-x86_64/wheel/./fmha_sm100/cutlass/include/cute/arch
copying build/lib/fmha_sm100/cutlass/include/cute/arch/mma_sm120.hpp -> build/bdist.linux-x86_64/wheel/./fmha_sm100/cutlass/include/cute/arch
copying build/lib/fmha_sm100/cutlass/include/cute/arch/copy_sm90_tma.hpp -> build/bdist.linux-x86_64/wheel/./fmha_sm100/cutlass/include/cute/arch
copying build/lib/fmha_sm100/cutlass/include/cute/arch/cluster_sm90.hpp -> build/bdist.linux-x86_64/wheel/./fmha_sm100/cutlass/include/cute/arch
copying build/lib/fmha_sm100/cutlass/include/cute/arch/mma_sm100.hpp -> build/bdist.linux-x86_64/wheel/./fmha_sm100/cutlass/include/cute/arch
copying build/lib/fmha_sm100/cutlass/include/cute/arch/tmem_capacity_sm100.hpp -> build/bdist.linux-x86_64/wheel/./fmha_sm100/cutlass/include/cute/arch
copying build/lib/fmha_sm100/cutlass/include/cute/arch/mma_sm107_umma.hpp -> build/bdist.linux-x86_64/wheel/./fmha_sm100/cutlass/include/cute/arch
copying build/lib/fmha_sm100/cutlass/include/cute/arch/copy_sm50.hpp -> build/bdist.linux-x86_64/wheel/./fmha_sm100/cutlass/include/cute/arch
copying build/lib/fmha_sm100/cutlass/include/cute/arch/cluster_sm100.hpp -> build/bdist.linux-x86_64/wheel/./fmha_sm100/cutlass/include/cute/arch
copying build/lib/fmha_sm100/cutlass/include/cute/arch/mma_sm89.hpp -> build/bdist.linux-x86_64/wheel/./fmha_sm100/cutlass/include/cute/arch
copying build/lib/fmha_sm100/cutlass/include/cute/arch/mma_sm90_gmma.hpp -> build/bdist.linux-x86_64/wheel/./fmha_sm100/cutlass/include/cute/arch
copying build/lib/fmha_sm100/cutlass/include/cute/arch/copy_sm100.hpp -> build/bdist.linux-x86_64/wheel/./fmha_sm100/cutlass/include/cute/arch
copying build/lib/fmha_sm100/cutlass/include/cute/arch/config.hpp -> build/bdist.linux-x86_64/wheel/./fmha_sm100/cutlass/include/cute/arch
copying build/lib/fmha_sm100/cutlass/include/cute/arch/copy_sm75.hpp -> build/bdist.linux-x86_64/wheel/./fmha_sm100/cutlass/include/cute/arch
copying build/lib/fmha_sm100/cutlass/include/cute/arch/copy_sm80.hpp -> build/bdist.linux-x86_64/wheel/./fmha_sm100/cutlass/include/cute/arch
copying build/lib/fmha_sm100/cutlass/include/cute/layout.hpp -> build/bdist.linux-x86_64/wheel/./fmha_sm100/cutlass/include/cute
creating build/bdist.linux-x86_64/wheel/fmha_sm100/cutlass/include/cute/util
copying build/lib/fmha_sm100/cutlass/include/cute/util/debug.hpp -> build/bdist.linux-x86_64/wheel/./fmha_sm100/cutlass/include/cute/util
copying build/lib/fmha_sm100/cutlass/include/cute/util/print_tensor.hpp -> build/bdist.linux-x86_64/wheel/./fmha_sm100/cutlass/include/cute/util
copying build/lib/fmha_sm100/cutlass/include/cute/util/type_traits.hpp -> build/bdist.linux-x86_64/wheel/./fmha_sm100/cutlass/include/cute/util
copying build/lib/fmha_sm100/cutlass/include/cute/util/print_svg.hpp -> build/bdist.linux-x86_64/wheel/./fmha_sm100/cutlass/include/cute/util
copying build/lib/fmha_sm100/cutlass/include/cute/util/print.hpp -> build/bdist.linux-x86_64/wheel/./fmha_sm100/cutlass/include/cute/util
copying build/lib/fmha_sm100/cutlass/include/cute/util/print_latex.hpp -> build/bdist.linux-x86_64/wheel/./fmha_sm100/cutlass/include/cute/util
creating build/bdist.linux-x86_64/wheel/fmha_sm100/cutlass/include/cute/numeric
copying build/lib/fmha_sm100/cutlass/include/cute/numeric/real.hpp -> build/bdist.linux-x86_64/wheel/./fmha_sm100/cutlass/include/cute/numeric
copying build/lib/fmha_sm100/cutlass/include/cute/numeric/integral_constant.hpp -> build/bdist.linux-x86_64/wheel/./fmha_sm100/cutlass/include/cute/numeric
copying build/lib/fmha_sm100/cutlass/include/cute/numeric/math.hpp -> build/bdist.linux-x86_64/wheel/./fmha_sm100/cutlass/include/cute/numeric
copying build/lib/fmha_sm100/cutlass/include/cute/numeric/numeric_types.hpp -> build/bdist.linux-x86_64/wheel/./fmha_sm100/cutlass/include/cute/numeric
copying build/lib/fmha_sm100/cutlass/include/cute/numeric/integral_ratio.hpp -> build/bdist.linux-x86_64/wheel/./fmha_sm100/cutlass/include/cute/numeric
copying build/lib/fmha_sm100/cutlass/include/cute/numeric/int.hpp -> build/bdist.linux-x86_64/wheel/./fmha_sm100/cutlass/include/cute/numeric
copying build/lib/fmha_sm100/cutlass/include/cute/numeric/complex.hpp -> build/bdist.linux-x86_64/wheel/./fmha_sm100/cutlass/include/cute/numeric
copying build/lib/fmha_sm100/cutlass/include/cute/numeric/arithmetic_tuple.hpp -> build/bdist.linux-x86_64/wheel/./fmha_sm100/cutlass/include/cute/numeric
copying build/lib/fmha_sm100/cutlass/include/cute/numeric/integer_sequence.hpp -> build/bdist.linux-x86_64/wheel/./fmha_sm100/cutlass/include/cute/numeric
copying build/lib/fmha_sm100/cutlass/include/cute/pointer_base.hpp -> build/bdist.linux-x86_64/wheel/./fmha_sm100/cutlass/include/cute
creating build/bdist.linux-x86_64/wheel/fmha_sm100/cutlass/include/cute/algorithm
copying build/lib/fmha_sm100/cutlass/include/cute/algorithm/prefer.hpp -> build/bdist.linux-x86_64/wheel/./fmha_sm100/cutlass/include/cute/algorithm
copying build/lib/fmha_sm100/cutlass/include/cute/algorithm/prefetch.hpp -> build/bdist.linux-x86_64/wheel/./fmha_sm100/cutlass/include/cute/algorithm
copying build/lib/fmha_sm100/cutlass/include/cute/algorithm/cooperative_gemm.hpp -> build/bdist.linux-x86_64/wheel/./fmha_sm100/cutlass/include/cute/algorithm
copying build/lib/fmha_sm100/cutlass/include/cute/algorithm/copy.hpp -> build/bdist.linux-x86_64/wheel/./fmha_sm100/cutlass/include/cute/algorithm
copying build/lib/fmha_sm100/cutlass/include/cute/algorithm/clear.hpp -> build/bdist.linux-x86_64/wheel/./fmha_sm100/cutlass/include/cute/algorithm
copying build/lib/fmha_sm100/cutlass/include/cute/algorithm/cooperative_copy.hpp -> build/bdist.linux-x86_64/wheel/./fmha_sm100/cutlass/include/cute/algorithm
copying build/lib/fmha_sm100/cutlass/include/cute/algorithm/fill.hpp -> build/bdist.linux-x86_64/wheel/./fmha_sm100/cutlass/include/cute/algorithm
copying build/lib/fmha_sm100/cutlass/include/cute/algorithm/functional.hpp -> build/bdist.linux-x86_64/wheel/./fmha_sm100/cutlass/include/cute/algorithm
copying build/lib/fmha_sm100/cutlass/include/cute/algorithm/gemm.hpp -> build/bdist.linux-x86_64/wheel/./fmha_sm100/cutlass/include/cute/algorithm
copying build/lib/fmha_sm100/cutlass/include/cute/algorithm/tensor_algorithms.hpp -> build/bdist.linux-x86_64/wheel/./fmha_sm100/cutlass/include/cute/algorithm
copying build/lib/fmha_sm100/cutlass/include/cute/algorithm/tuple_algorithms.hpp -> build/bdist.linux-x86_64/wheel/./fmha_sm100/cutlass/include/cute/algorithm
copying build/lib/fmha_sm100/cutlass/include/cute/algorithm/tensor_reduce.hpp -> build/bdist.linux-x86_64/wheel/./fmha_sm100/cutlass/include/cute/algorithm
copying build/lib/fmha_sm100/cutlass/include/cute/algorithm/axpby.hpp -> build/bdist.linux-x86_64/wheel/./fmha_sm100/cutlass/include/cute/algorithm
copying build/lib/fmha_sm100/cutlass/include/cute/swizzle.hpp -> build/bdist.linux-x86_64/wheel/./fmha_sm100/cutlass/include/cute
copying build/lib/fmha_sm100/cutlass/include/cute/pointer_swizzle.hpp -> build/bdist.linux-x86_64/wheel/./fmha_sm100/cutlass/include/cute
copying build/lib/fmha_sm100/cutlass/include/cute/swizzle_layout.hpp -> build/bdist.linux-x86_64/wheel/./fmha_sm100/cutlass/include/cute
copying build/lib/fmha_sm100/cutlass/include/cute/pointer_sparse.hpp -> build/bdist.linux-x86_64/wheel/./fmha_sm100/cutlass/include/cute
copying build/lib/fmha_sm100/cutlass/include/cute/tensor_zip.hpp -> build/bdist.linux-x86_64/wheel/./fmha_sm100/cutlass/include/cute
copying build/lib/fmha_sm100/cutlass/include/cute/tensor.hpp -> build/bdist.linux-x86_64/wheel/./fmha_sm100/cutlass/include/cute
copying build/lib/fmha_sm100/cutlass/include/cute/pointer.hpp -> build/bdist.linux-x86_64/wheel/./fmha_sm100/cutlass/include/cute
creating build/bdist.linux-x86_64/wheel/fmha_sm100/cutlass/include/cute/container
copying build/lib/fmha_sm100/cutlass/include/cute/container/cuda_types.hpp -> build/bdist.linux-x86_64/wheel/./fmha_sm100/cutlass/include/cute/container
copying build/lib/fmha_sm100/cutlass/include/cute/container/bit_field.hpp -> build/bdist.linux-x86_64/wheel/./fmha_sm100/cutlass/include/cute/container
copying build/lib/fmha_sm100/cutlass/include/cute/container/array_aligned.hpp -> build/bdist.linux-x86_64/wheel/./fmha_sm100/cutlass/include/cute/container
copying build/lib/fmha_sm100/cutlass/include/cute/container/type_list.hpp -> build/bdist.linux-x86_64/wheel/./fmha_sm100/cutlass/include/cute/container
copying build/lib/fmha_sm100/cutlass/include/cute/container/tuple.hpp -> build/bdist.linux-x86_64/wheel/./fmha_sm100/cutlass/include/cute/container
copying build/lib/fmha_sm100/cutlass/include/cute/container/array_subbyte.hpp -> build/bdist.linux-x86_64/wheel/./fmha_sm100/cutlass/include/cute/container
copying build/lib/fmha_sm100/cutlass/include/cute/container/array.hpp -> build/bdist.linux-x86_64/wheel/./fmha_sm100/cutlass/include/cute/container
copying build/lib/fmha_sm100/cutlass/include/cute/container/alignment.hpp -> build/bdist.linux-x86_64/wheel/./fmha_sm100/cutlass/include/cute/container
creating build/bdist.linux-x86_64/wheel/fmha_sm100/cutlass/include/cute/atom
copying build/lib/fmha_sm100/cutlass/include/cute/atom/copy_traits.hpp -> build/bdist.linux-x86_64/wheel/./fmha_sm100/cutlass/include/cute/atom
copying build/lib/fmha_sm100/cutlass/include/cute/atom/mma_traits_sm100.hpp -> build/bdist.linux-x86_64/wheel/./fmha_sm100/cutlass/include/cute/atom
copying build/lib/fmha_sm100/cutlass/include/cute/atom/copy_traits_sm80.hpp -> build/bdist.linux-x86_64/wheel/./fmha_sm100/cutlass/include/cute/atom
copying build/lib/fmha_sm100/cutlass/include/cute/atom/mma_traits_sm120_sparse.hpp -> build/bdist.linux-x86_64/wheel/./fmha_sm100/cutlass/include/cute/atom
copying build/lib/fmha_sm100/cutlass/include/cute/atom/copy_traits_sm50.hpp -> build/bdist.linux-x86_64/wheel/./fmha_sm100/cutlass/include/cute/atom
copying build/lib/fmha_sm100/cutlass/include/cute/atom/copy_traits_sm100.hpp -> build/bdist.linux-x86_64/wheel/./fmha_sm100/cutlass/include/cute/atom
copying build/lib/fmha_sm100/cutlass/include/cute/atom/copy_traits_sm75.hpp -> build/bdist.linux-x86_64/wheel/./fmha_sm100/cutlass/include/cute/atom
copying build/lib/fmha_sm100/cutlass/include/cute/atom/mma_traits_sm75.hpp -> build/bdist.linux-x86_64/wheel/./fmha_sm100/cutlass/include/cute/atom
copying build/lib/fmha_sm100/cutlass/include/cute/atom/copy_atom.hpp -> build/bdist.linux-x86_64/wheel/./fmha_sm100/cutlass/include/cute/atom
copying build/lib/fmha_sm100/cutlass/include/cute/atom/mma_traits_sm100_frag.hpp -> build/bdist.linux-x86_64/wheel/./fmha_sm100/cutlass/include/cute/atom
copying build/lib/fmha_sm100/cutlass/include/cute/atom/copy_traits_sm100_tma.hpp -> build/bdist.linux-x86_64/wheel/./fmha_sm100/cutlass/include/cute/atom
copying build/lib/fmha_sm100/cutlass/include/cute/atom/mma_traits_sm90_gmma_sparse_ext.hpp -> build/bdist.linux-x86_64/wheel/./fmha_sm100/cutlass/include/cute/atom
copying build/lib/fmha_sm100/cutlass/include/cute/atom/mma_traits_sm89.hpp -> build/bdist.linux-x86_64/wheel/./fmha_sm100/cutlass/include/cute/atom
copying build/lib/fmha_sm100/cutlass/include/cute/atom/copy_traits_sm90_tma_swizzle.hpp -> build/bdist.linux-x86_64/wheel/./fmha_sm100/cutlass/include/cute/atom
copying build/lib/fmha_sm100/cutlass/include/cute/atom/partitioner.hpp -> build/bdist.linux-x86_64/wheel/./fmha_sm100/cutlass/include/cute/atom
copying build/lib/fmha_sm100/cutlass/include/cute/atom/mma_traits_sm80.hpp -> build/bdist.linux-x86_64/wheel/./fmha_sm100/cutlass/include/cute/atom
copying build/lib/fmha_sm100/cutlass/include/cute/atom/mma_traits_sm90.hpp -> build/bdist.linux-x86_64/wheel/./fmha_sm100/cutlass/include/cute/atom
copying build/lib/fmha_sm100/cutlass/include/cute/atom/mma_traits_sm120.hpp -> build/bdist.linux-x86_64/wheel/./fmha_sm100/cutlass/include/cute/atom
copying build/lib/fmha_sm100/cutlass/include/cute/atom/mma_traits_sm90_gmma_ext.hpp -> build/bdist.linux-x86_64/wheel/./fmha_sm100/cutlass/include/cute/atom
copying build/lib/fmha_sm100/cutlass/include/cute/atom/mma_traits_sm70.hpp -> build/bdist.linux-x86_64/wheel/./fmha_sm100/cutlass/include/cute/atom
copying build/lib/fmha_sm100/cutlass/include/cute/atom/copy_traits_sm90_tma.hpp -> build/bdist.linux-x86_64/wheel/./fmha_sm100/cutlass/include/cute/atom
copying build/lib/fmha_sm100/cutlass/include/cute/atom/mma_atom.hpp -> build/bdist.linux-x86_64/wheel/./fmha_sm100/cutlass/include/cute/atom
copying build/lib/fmha_sm100/cutlass/include/cute/atom/copy_traits_sm90.hpp -> build/bdist.linux-x86_64/wheel/./fmha_sm100/cutlass/include/cute/atom
copying build/lib/fmha_sm100/cutlass/include/cute/atom/mma_traits_sm61.hpp -> build/bdist.linux-x86_64/wheel/./fmha_sm100/cutlass/include/cute/atom
copying build/lib/fmha_sm100/cutlass/include/cute/atom/mma_traits_sm107.hpp -> build/bdist.linux-x86_64/wheel/./fmha_sm100/cutlass/include/cute/atom
copying build/lib/fmha_sm100/cutlass/include/cute/atom/mma_traits.hpp -> build/bdist.linux-x86_64/wheel/./fmha_sm100/cutlass/include/cute/atom
copying build/lib/fmha_sm100/cutlass/include/cute/atom/copy_traits_sm100_im2col.hpp -> build/bdist.linux-x86_64/wheel/./fmha_sm100/cutlass/include/cute/atom
copying build/lib/fmha_sm100/cutlass/include/cute/atom/copy_traits_sm90_im2col.hpp -> build/bdist.linux-x86_64/wheel/./fmha_sm100/cutlass/include/cute/atom
copying build/lib/fmha_sm100/cutlass/include/cute/atom/mma_traits_sm90_gmma.hpp -> build/bdist.linux-x86_64/wheel/./fmha_sm100/cutlass/include/cute/atom
copying build/lib/fmha_sm100/cutlass/include/cute/atom/mma_traits_sm90_gmma_sparse.hpp -> build/bdist.linux-x86_64/wheel/./fmha_sm100/cutlass/include/cute/atom
copying build/lib/fmha_sm100/cutlass/include/cute/stride.hpp -> build/bdist.linux-x86_64/wheel/./fmha_sm100/cutlass/include/cute
copying build/lib/fmha_sm100/cutlass/include/cute/tensor_impl.hpp -> build/bdist.linux-x86_64/wheel/./fmha_sm100/cutlass/include/cute
copying build/lib/fmha_sm100/cutlass/include/cute/underscore.hpp -> build/bdist.linux-x86_64/wheel/./fmha_sm100/cutlass/include/cute
copying build/lib/fmha_sm100/cutlass/include/cute/int_tuple.hpp -> build/bdist.linux-x86_64/wheel/./fmha_sm100/cutlass/include/cute
copying build/lib/fmha_sm100/cutlass/include/cute/layout_composed.hpp -> build/bdist.linux-x86_64/wheel/./fmha_sm100/cutlass/include/cute
copying build/lib/fmha_sm100/cutlass/include/cute/config.hpp -> build/bdist.linux-x86_64/wheel/./fmha_sm100/cutlass/include/cute
copying build/lib/fmha_sm100/bench_utils.py -> build/bdist.linux-x86_64/wheel/./fmha_sm100
copying build/lib/fmha_sm100/sparse.py -> build/bdist.linux-x86_64/wheel/./fmha_sm100
copying build/lib/fmha_sm100/__init__.py -> build/bdist.linux-x86_64/wheel/./fmha_sm100
copying build/lib/fmha_sm100/_jit_cache.py -> build/bdist.linux-x86_64/wheel/./fmha_sm100
creating build/bdist.linux-x86_64/wheel/fmha_sm100/prefill_q8kv4
copying build/lib/fmha_sm100/prefill_q8kv4/jit.py -> build/bdist.linux-x86_64/wheel/./fmha_sm100/prefill_q8kv4
creating build/bdist.linux-x86_64/wheel/fmha_sm100/prefill_q8kv4/csrc
creating build/bdist.linux-x86_64/wheel/fmha_sm100/prefill_q8kv4/csrc/api
copying build/lib/fmha_sm100/prefill_q8kv4/csrc/api/prefill_attention_api.cpp -> build/bdist.linux-x86_64/wheel/./fmha_sm100/prefill_q8kv4/csrc/api
copying build/lib/fmha_sm100/prefill_q8kv4/csrc/api/prefill_attention_binding.cpp -> build/bdist.linux-x86_64/wheel/./fmha_sm100/prefill_q8kv4/csrc/api
copying build/lib/fmha_sm100/prefill_q8kv4/csrc/api/prefill_attention_api.hpp -> build/bdist.linux-x86_64/wheel/./fmha_sm100/prefill_q8kv4/csrc/api
creating build/bdist.linux-x86_64/wheel/fmha_sm100/prefill_q8kv4/csrc/include
creating build/bdist.linux-x86_64/wheel/fmha_sm100/prefill_q8kv4/csrc/include/sm100
creating build/bdist.linux-x86_64/wheel/fmha_sm100/prefill_q8kv4/csrc/include/sm100/common
copying build/lib/fmha_sm100/prefill_q8kv4/csrc/include/sm100/common/prefill_attention_config.cuh -> build/bdist.linux-x86_64/wheel/./fmha_sm100/prefill_q8kv4/csrc/include/sm100/common
copying build/lib/fmha_sm100/prefill_q8kv4/csrc/include/sm100/common/prefill_attention_math.cuh -> build/bdist.linux-x86_64/wheel/./fmha_sm100/prefill_q8kv4/csrc/include/sm100/common
copying build/lib/fmha_sm100/prefill_q8kv4/csrc/include/sm100/common/nvfp4_to_e4m3.cuh -> build/bdist.linux-x86_64/wheel/./fmha_sm100/prefill_q8kv4/csrc/include/sm100/common
creating build/bdist.linux-x86_64/wheel/fmha_sm100/prefill_q8kv4/csrc/include/sm100/collective
copying build/lib/fmha_sm100/prefill_q8kv4/csrc/include/sm100/collective/sm100_prefill_attention_fp4_transform.cuh -> build/bdist.linux-x86_64/wheel/./fmha_sm100/prefill_q8kv4/csrc/include/sm100/collective
copying build/lib/fmha_sm100/prefill_q8kv4/csrc/include/sm100/collective/sm100_prefill_attention_mainloop.cuh -> build/bdist.linux-x86_64/wheel/./fmha_sm100/prefill_q8kv4/csrc/include/sm100/collective
creating build/bdist.linux-x86_64/wheel/fmha_sm100/prefill_q8kv4/csrc/include/sm100/kernel
copying build/lib/fmha_sm100/prefill_q8kv4/csrc/include/sm100/kernel/sm100_prefill_attention_shared_storage.cuh -> build/bdist.linux-x86_64/wheel/./fmha_sm100/prefill_q8kv4/csrc/include/sm100/kernel
copying build/lib/fmha_sm100/prefill_q8kv4/csrc/include/sm100/kernel/sm100_prefill_attention_kernel.cuh -> build/bdist.linux-x86_64/wheel/./fmha_sm100/prefill_q8kv4/csrc/include/sm100/kernel
creating build/bdist.linux-x86_64/wheel/fmha_sm100/prefill_q8kv4/csrc/include/sm100/device
copying build/lib/fmha_sm100/prefill_q8kv4/csrc/include/sm100/device/prefill_attention.hpp -> build/bdist.linux-x86_64/wheel/./fmha_sm100/prefill_q8kv4/csrc/include/sm100/device
copying build/lib/fmha_sm100/prefill_q8kv4/csrc/include/sm100/device/prefill_attention_launch.cuh -> build/bdist.linux-x86_64/wheel/./fmha_sm100/prefill_q8kv4/csrc/include/sm100/device
creating build/bdist.linux-x86_64/wheel/fmha_sm100/prefill_q8kv4/csrc/templates
copying build/lib/fmha_sm100/prefill_q8kv4/csrc/templates/prefill_attention_inst.cu.jinja -> build/bdist.linux-x86_64/wheel/./fmha_sm100/prefill_q8kv4/csrc/templates
copying build/lib/fmha_sm100/prefill_q8kv4/__init__.py -> build/bdist.linux-x86_64/wheel/./fmha_sm100/prefill_q8kv4
copying build/lib/fmha_sm100/prefill_q8kv4/build.py -> build/bdist.linux-x86_64/wheel/./fmha_sm100/prefill_q8kv4
copying build/lib/fmha_sm100/prefill_q8kv4/interface.py -> build/bdist.linux-x86_64/wheel/./fmha_sm100/prefill_q8kv4
copying build/lib/fmha_sm100/nvfp4_kv.py -> build/bdist.linux-x86_64/wheel/./fmha_sm100
copying build/lib/fmha_sm100/sparse_fmha_adapter.py -> build/bdist.linux-x86_64/wheel/./fmha_sm100
copying build/lib/fmha_sm100/msa_warmup.py -> build/bdist.linux-x86_64/wheel/./fmha_sm100
copying build/lib/fmha_sm100/q8kv4_decode_adapter.py -> build/bdist.linux-x86_64/wheel/./fmha_sm100
creating build/bdist.linux-x86_64/wheel/fmha_sm100/cute
copying build/lib/fmha_sm100/cute/example.py -> build/bdist.linux-x86_64/wheel/./fmha_sm100/cute
copying build/lib/fmha_sm100/cute/test_q8_indexer.py -> build/bdist.linux-x86_64/wheel/./fmha_sm100/cute
copying build/lib/fmha_sm100/cute/quantize.py -> build/bdist.linux-x86_64/wheel/./fmha_sm100/cute
copying build/lib/fmha_sm100/cute/requirements.txt -> build/bdist.linux-x86_64/wheel/./fmha_sm100/cute
copying build/lib/fmha_sm100/cute/fp4_indexer_interface.py -> build/bdist.linux-x86_64/wheel/./fmha_sm100/cute
copying build/lib/fmha_sm100/cute/README.md -> build/bdist.linux-x86_64/wheel/./fmha_sm100/cute
copying build/lib/fmha_sm100/cute/__init__.py -> build/bdist.linux-x86_64/wheel/./fmha_sm100/cute
creating build/bdist.linux-x86_64/wheel/fmha_sm100/cute/src
creating build/bdist.linux-x86_64/wheel/fmha_sm100/cute/src/common
copying build/lib/fmha_sm100/cute/src/common/rubin_softmax_helpers.py -> build/bdist.linux-x86_64/wheel/./fmha_sm100/cute/src/common
copying build/lib/fmha_sm100/cute/src/common/utils.py -> build/bdist.linux-x86_64/wheel/./fmha_sm100/cute/src/common
copying build/lib/fmha_sm100/cute/src/common/tile_scheduler.py -> build/bdist.linux-x86_64/wheel/./fmha_sm100/cute/src/common
copying build/lib/fmha_sm100/cute/src/common/pipeline.py -> build/bdist.linux-x86_64/wheel/./fmha_sm100/cute/src/common
copying build/lib/fmha_sm100/cute/src/common/barrier.py -> build/bdist.linux-x86_64/wheel/./fmha_sm100/cute/src/common
copying build/lib/fmha_sm100/cute/src/common/paged_kv.py -> build/bdist.linux-x86_64/wheel/./fmha_sm100/cute/src/common
copying build/lib/fmha_sm100/cute/src/common/rubin_helpers.py -> build/bdist.linux-x86_64/wheel/./fmha_sm100/cute/src/common
copying build/lib/fmha_sm100/cute/src/common/aot_cache.py -> build/bdist.linux-x86_64/wheel/./fmha_sm100/cute/src/common
copying build/lib/fmha_sm100/cute/src/common/named_barrier.py -> build/bdist.linux-x86_64/wheel/./fmha_sm100/cute/src/common
copying build/lib/fmha_sm100/cute/src/common/blackwell_helpers.py -> build/bdist.linux-x86_64/wheel/./fmha_sm100/cute/src/common
copying build/lib/fmha_sm100/cute/src/common/mma_sm100_desc.py -> build/bdist.linux-x86_64/wheel/./fmha_sm100/cute/src/common
copying build/lib/fmha_sm100/cute/src/common/__init__.py -> build/bdist.linux-x86_64/wheel/./fmha_sm100/cute/src/common
copying build/lib/fmha_sm100/cute/src/common/pack_gqa.py -> build/bdist.linux-x86_64/wheel/./fmha_sm100/cute/src/common
copying build/lib/fmha_sm100/cute/src/common/fast_math.py -> build/bdist.linux-x86_64/wheel/./fmha_sm100/cute/src/common
copying build/lib/fmha_sm100/cute/src/common/tma_utils.py -> build/bdist.linux-x86_64/wheel/./fmha_sm100/cute/src/common
copying build/lib/fmha_sm100/cute/src/common/mask.py -> build/bdist.linux-x86_64/wheel/./fmha_sm100/cute/src/common
copying build/lib/fmha_sm100/cute/src/common/seqlen_info.py -> build/bdist.linux-x86_64/wheel/./fmha_sm100/cute/src/common
copying build/lib/fmha_sm100/cute/src/common/copy_utils.py -> build/bdist.linux-x86_64/wheel/./fmha_sm100/cute/src/common
copying build/lib/fmha_sm100/cute/src/common/block_info.py -> build/bdist.linux-x86_64/wheel/./fmha_sm100/cute/src/common
copying build/lib/fmha_sm100/cute/src/common/cute_dsl_utils.py -> build/bdist.linux-x86_64/wheel/./fmha_sm100/cute/src/common
copying build/lib/fmha_sm100/cute/src/common/softmax.py -> build/bdist.linux-x86_64/wheel/./fmha_sm100/cute/src/common
creating build/bdist.linux-x86_64/wheel/fmha_sm100/cute/src/blackwell_prefill
copying build/lib/fmha_sm100/cute/src/blackwell_prefill/combine.py -> build/bdist.linux-x86_64/wheel/./fmha_sm100/cute/src/blackwell_prefill
copying build/lib/fmha_sm100/cute/src/blackwell_prefill/__init__.py -> build/bdist.linux-x86_64/wheel/./fmha_sm100/cute/src/blackwell_prefill
copying build/lib/fmha_sm100/cute/src/blackwell_prefill/atten_fwd_sm100.py -> build/bdist.linux-x86_64/wheel/./fmha_sm100/cute/src/blackwell_prefill
creating build/bdist.linux-x86_64/wheel/fmha_sm100/cute/src/sm100
creating build/bdist.linux-x86_64/wheel/fmha_sm100/cute/src/sm100/fwd
copying build/lib/fmha_sm100/cute/src/sm100/fwd/combine.py -> build/bdist.linux-x86_64/wheel/./fmha_sm100/cute/src/sm100/fwd
copying build/lib/fmha_sm100/cute/src/sm100/fwd/__init__.py -> build/bdist.linux-x86_64/wheel/./fmha_sm100/cute/src/sm100/fwd
copying build/lib/fmha_sm100/cute/src/sm100/fwd/atten_fwd.py -> build/bdist.linux-x86_64/wheel/./fmha_sm100/cute/src/sm100/fwd
copying build/lib/fmha_sm100/cute/src/sm100/fwd/atten_fwd_nvfp4_kv.py -> build/bdist.linux-x86_64/wheel/./fmha_sm100/cute/src/sm100/fwd
copying build/lib/fmha_sm100/cute/src/sm100/decode_schedule.py -> build/bdist.linux-x86_64/wheel/./fmha_sm100/cute/src/sm100
copying build/lib/fmha_sm100/cute/src/sm100/fp4_indexer.py -> build/bdist.linux-x86_64/wheel/./fmha_sm100/cute/src/sm100
copying build/lib/fmha_sm100/cute/src/sm100/q8kv8_indexer_decode.py -> build/bdist.linux-x86_64/wheel/./fmha_sm100/cute/src/sm100
copying build/lib/fmha_sm100/cute/src/sm100/q8kv8_indexer_prefill.py -> build/bdist.linux-x86_64/wheel/./fmha_sm100/cute/src/sm100
copying build/lib/fmha_sm100/cute/src/sm100/__init__.py -> build/bdist.linux-x86_64/wheel/./fmha_sm100/cute/src/sm100
copying build/lib/fmha_sm100/cute/src/sm100/prepare_scheduler.py -> build/bdist.linux-x86_64/wheel/./fmha_sm100/cute/src/sm100
copying build/lib/fmha_sm100/cute/src/sm100/q8kv8_indexer_prefill_plan.py -> build/bdist.linux-x86_64/wheel/./fmha_sm100/cute/src/sm100
copying build/lib/fmha_sm100/cute/src/sm100/prepare_k2q_csr.py -> build/bdist.linux-x86_64/wheel/./fmha_sm100/cute/src/sm100
creating build/bdist.linux-x86_64/wheel/fmha_sm100/cute/src/sm100/fwd_decode
copying build/lib/fmha_sm100/cute/src/sm100/fwd_decode/tile_scheduler.py -> build/bdist.linux-x86_64/wheel/./fmha_sm100/cute/src/sm100/fwd_decode
copying build/lib/fmha_sm100/cute/src/sm100/fwd_decode/combine.py -> build/bdist.linux-x86_64/wheel/./fmha_sm100/cute/src/sm100/fwd_decode
copying build/lib/fmha_sm100/cute/src/sm100/fwd_decode/__init__.py -> build/bdist.linux-x86_64/wheel/./fmha_sm100/cute/src/sm100/fwd_decode
copying build/lib/fmha_sm100/cute/src/sm100/fwd_decode/atten_fwd.py -> build/bdist.linux-x86_64/wheel/./fmha_sm100/cute/src/sm100/fwd_decode
creating build/bdist.linux-x86_64/wheel/fmha_sm100/cute/src/sm100/fwd_decode/build_decode_schedule
copying build/lib/fmha_sm100/cute/src/sm100/fwd_decode/build_decode_schedule/__init__.py -> build/bdist.linux-x86_64/wheel/./fmha_sm100/cute/src/sm100/fwd_decode/build_decode_schedule
copying build/lib/fmha_sm100/cute/src/sm100/fwd_decode/build_decode_schedule/build_decode_schedule.cu -> build/bdist.linux-x86_64/wheel/./fmha_sm100/cute/src/sm100/fwd_decode/build_decode_schedule
copying build/lib/fmha_sm100/cute/src/sm100/q8kv4_indexer_decode.py -> build/bdist.linux-x86_64/wheel/./fmha_sm100/cute/src/sm100
creating build/bdist.linux-x86_64/wheel/fmha_sm100/cute/src/sm100/build_k2q_csr
copying build/lib/fmha_sm100/cute/src/sm100/build_k2q_csr/__init__.py -> build/bdist.linux-x86_64/wheel/./fmha_sm100/cute/src/sm100/build_k2q_csr
copying build/lib/fmha_sm100/cute/src/sm100/build_k2q_csr/build_k2q_csr.cu -> build/bdist.linux-x86_64/wheel/./fmha_sm100/cute/src/sm100/build_k2q_csr
copying build/lib/fmha_sm100/cute/src/__init__.py -> build/bdist.linux-x86_64/wheel/./fmha_sm100/cute/src
copying build/lib/fmha_sm100/cute/test_sparse_atten.py -> build/bdist.linux-x86_64/wheel/./fmha_sm100/cute
copying build/lib/fmha_sm100/cute/Makefile -> build/bdist.linux-x86_64/wheel/./fmha_sm100/cute
copying build/lib/fmha_sm100/cute/sparse_index_utils.py -> build/bdist.linux-x86_64/wheel/./fmha_sm100/cute
copying build/lib/fmha_sm100/cute/pytest.ini -> build/bdist.linux-x86_64/wheel/./fmha_sm100/cute
copying build/lib/fmha_sm100/cute/test_fp4_indexer.py -> build/bdist.linux-x86_64/wheel/./fmha_sm100/cute
copying build/lib/fmha_sm100/cute/q8_indexer_interface.py -> build/bdist.linux-x86_64/wheel/./fmha_sm100/cute
copying build/lib/fmha_sm100/cute/interface.py -> build/bdist.linux-x86_64/wheel/./fmha_sm100/cute
creating build/bdist.linux-x86_64/wheel/fmha_sm100/decode_q8kv4
copying build/lib/fmha_sm100/decode_q8kv4/_build_utils.py -> build/bdist.linux-x86_64/wheel/./fmha_sm100/decode_q8kv4
copying build/lib/fmha_sm100/decode_q8kv4/jit.py -> build/bdist.linux-x86_64/wheel/./fmha_sm100/decode_q8kv4
creating build/bdist.linux-x86_64/wheel/fmha_sm100/decode_q8kv4/csrc
creating build/bdist.linux-x86_64/wheel/fmha_sm100/decode_q8kv4/csrc/src
copying build/lib/fmha_sm100/decode_q8kv4/csrc/src/decode_attention_plan.cu -> build/bdist.linux-x86_64/wheel/./fmha_sm100/decode_q8kv4/csrc/src
copying build/lib/fmha_sm100/decode_q8kv4/csrc/src/decode_attention_reduction.cu -> build/bdist.linux-x86_64/wheel/./fmha_sm100/decode_q8kv4/csrc/src
creating build/bdist.linux-x86_64/wheel/fmha_sm100/decode_q8kv4/csrc/api
copying build/lib/fmha_sm100/decode_q8kv4/csrc/api/decode_attention_api.hpp -> build/bdist.linux-x86_64/wheel/./fmha_sm100/decode_q8kv4/csrc/api
copying build/lib/fmha_sm100/decode_q8kv4/csrc/api/decode_attention_binding.cpp -> build/bdist.linux-x86_64/wheel/./fmha_sm100/decode_q8kv4/csrc/api
copying build/lib/fmha_sm100/decode_q8kv4/csrc/api/decode_attention_api.cpp -> build/bdist.linux-x86_64/wheel/./fmha_sm100/decode_q8kv4/csrc/api
creating build/bdist.linux-x86_64/wheel/fmha_sm100/decode_q8kv4/csrc/include
creating build/bdist.linux-x86_64/wheel/fmha_sm100/decode_q8kv4/csrc/include/sm100
creating build/bdist.linux-x86_64/wheel/fmha_sm100/decode_q8kv4/csrc/include/sm100/common
copying build/lib/fmha_sm100/decode_q8kv4/csrc/include/sm100/common/fmha_fusion.hpp -> build/bdist.linux-x86_64/wheel/./fmha_sm100/decode_q8kv4/csrc/include/sm100/common
copying build/lib/fmha_sm100/decode_q8kv4/csrc/include/sm100/common/fmha_options.hpp -> build/bdist.linux-x86_64/wheel/./fmha_sm100/decode_q8kv4/csrc/include/sm100/common
copying build/lib/fmha_sm100/decode_q8kv4/csrc/include/sm100/common/utils.cuh -> build/bdist.linux-x86_64/wheel/./fmha_sm100/decode_q8kv4/csrc/include/sm100/common
copying build/lib/fmha_sm100/decode_q8kv4/csrc/include/sm100/common/sm100_fmha_q8kv4_traits.hpp -> build/bdist.linux-x86_64/wheel/./fmha_sm100/decode_q8kv4/csrc/include/sm100/common
copying build/lib/fmha_sm100/decode_q8kv4/csrc/include/sm100/common/sm100_mma_n8.hpp -> build/bdist.linux-x86_64/wheel/./fmha_sm100/decode_q8kv4/csrc/include/sm100/common
copying build/lib/fmha_sm100/decode_q8kv4/csrc/include/sm100/common/tvm_ffi_utils.hpp -> build/bdist.linux-x86_64/wheel/./fmha_sm100/decode_q8kv4/csrc/include/sm100/common
copying build/lib/fmha_sm100/decode_q8kv4/csrc/include/sm100/common/fmha_common.hpp -> build/bdist.linux-x86_64/wheel/./fmha_sm100/decode_q8kv4/csrc/include/sm100/common
copying build/lib/fmha_sm100/decode_q8kv4/csrc/include/sm100/common/decode_attention_params.hpp -> build/bdist.linux-x86_64/wheel/./fmha_sm100/decode_q8kv4/csrc/include/sm100/common
copying build/lib/fmha_sm100/decode_q8kv4/csrc/include/sm100/common/nvfp4_to_e4m3.cuh -> build/bdist.linux-x86_64/wheel/./fmha_sm100/decode_q8kv4/csrc/include/sm100/common
copying build/lib/fmha_sm100/decode_q8kv4/csrc/include/sm100/common/fmha_tile_scheduler.hpp -> build/bdist.linux-x86_64/wheel/./fmha_sm100/decode_q8kv4/csrc/include/sm100/common
copying build/lib/fmha_sm100/decode_q8kv4/csrc/include/sm100/common/exception.hpp -> build/bdist.linux-x86_64/wheel/./fmha_sm100/decode_q8kv4/csrc/include/sm100/common
creating build/bdist.linux-x86_64/wheel/fmha_sm100/decode_q8kv4/csrc/include/sm100/collective
copying build/lib/fmha_sm100/decode_q8kv4/csrc/include/sm100/collective/sm100_fmha_selection_ring.hpp -> build/bdist.linux-x86_64/wheel/./fmha_sm100/decode_q8kv4/csrc/include/sm100/collective
copying build/lib/fmha_sm100/decode_q8kv4/csrc/include/sm100/collective/sm100_fmha_fwd_mainloop_tma_warpspecialized.hpp -> build/bdist.linux-x86_64/wheel/./fmha_sm100/decode_q8kv4/csrc/include/sm100/collective
copying build/lib/fmha_sm100/decode_q8kv4/csrc/include/sm100/collective/sm100_fmha_fwd_epilogue_tma_warpspecialized.hpp -> build/bdist.linux-x86_64/wheel/./fmha_sm100/decode_q8kv4/csrc/include/sm100/collective
copying build/lib/fmha_sm100/decode_q8kv4/csrc/include/sm100/collective/sm100_fmha_correction_tma_warpspecialized.hpp -> build/bdist.linux-x86_64/wheel/./fmha_sm100/decode_q8kv4/csrc/include/sm100/collective
copying build/lib/fmha_sm100/decode_q8kv4/csrc/include/sm100/collective/sm100_fmha_fp4_transform.cuh -> build/bdist.linux-x86_64/wheel/./fmha_sm100/decode_q8kv4/csrc/include/sm100/collective
copying build/lib/fmha_sm100/decode_q8kv4/csrc/include/sm100/collective/sm100_fmha_storage.hpp -> build/bdist.linux-x86_64/wheel/./fmha_sm100/decode_q8kv4/csrc/include/sm100/collective
copying build/lib/fmha_sm100/decode_q8kv4/csrc/include/sm100/collective/sm100_fmha_pipeline.hpp -> build/bdist.linux-x86_64/wheel/./fmha_sm100/decode_q8kv4/csrc/include/sm100/collective
copying build/lib/fmha_sm100/decode_q8kv4/csrc/include/sm100/collective/sm100_fmha_mma_tma_warpspecialized.hpp -> build/bdist.linux-x86_64/wheel/./fmha_sm100/decode_q8kv4/csrc/include/sm100/collective
copying build/lib/fmha_sm100/decode_q8kv4/csrc/include/sm100/collective/sm100_fmha_load_tma_warpspecialized.hpp -> build/bdist.linux-x86_64/wheel/./fmha_sm100/decode_q8kv4/csrc/include/sm100/collective
copying build/lib/fmha_sm100/decode_q8kv4/csrc/include/sm100/collective/sm100_fmha_softmax_tma_warpspecialized.hpp -> build/bdist.linux-x86_64/wheel/./fmha_sm100/decode_q8kv4/csrc/include/sm100/collective
copying build/lib/fmha_sm100/decode_q8kv4/csrc/include/sm100/collective/sm100_fmha_page_offsets_tma_warpspecialized.hpp -> build/bdist.linux-x86_64/wheel/./fmha_sm100/decode_q8kv4/csrc/include/sm100/collective
copying build/lib/fmha_sm100/decode_q8kv4/csrc/include/sm100/collective/sm100_fmha_kv_transform_tma_warpspecialized.hpp -> build/bdist.linux-x86_64/wheel/./fmha_sm100/decode_q8kv4/csrc/include/sm100/collective
creating build/bdist.linux-x86_64/wheel/fmha_sm100/decode_q8kv4/csrc/include/sm100/kernel
copying build/lib/fmha_sm100/decode_q8kv4/csrc/include/sm100/kernel/sm100_fmha_fwd_kernel_tma_warpspecialized.hpp -> build/bdist.linux-x86_64/wheel/./fmha_sm100/decode_q8kv4/csrc/include/sm100/kernel
creating build/bdist.linux-x86_64/wheel/fmha_sm100/decode_q8kv4/csrc/include/sm100/device
copying build/lib/fmha_sm100/decode_q8kv4/csrc/include/sm100/device/decode_attention_reduction.hpp -> build/bdist.linux-x86_64/wheel/./fmha_sm100/decode_q8kv4/csrc/include/sm100/device
copying build/lib/fmha_sm100/decode_q8kv4/csrc/include/sm100/device/plan.cuh -> build/bdist.linux-x86_64/wheel/./fmha_sm100/decode_q8kv4/csrc/include/sm100/device
copying build/lib/fmha_sm100/decode_q8kv4/csrc/include/sm100/device/sm100_fmha_reduction.hpp -> build/bdist.linux-x86_64/wheel/./fmha_sm100/decode_q8kv4/csrc/include/sm100/device
copying build/lib/fmha_sm100/decode_q8kv4/csrc/include/sm100/device/fmha.hpp -> build/bdist.linux-x86_64/wheel/./fmha_sm100/decode_q8kv4/csrc/include/sm100/device
copying build/lib/fmha_sm100/decode_q8kv4/csrc/include/sm100/device/fmha_cutlass_sm100.cuh -> build/bdist.linux-x86_64/wheel/./fmha_sm100/decode_q8kv4/csrc/include/sm100/device
copying build/lib/fmha_sm100/decode_q8kv4/csrc/include/sm100/device/decode_attention_plan.hpp -> build/bdist.linux-x86_64/wheel/./fmha_sm100/decode_q8kv4/csrc/include/sm100/device
creating build/bdist.linux-x86_64/wheel/fmha_sm100/decode_q8kv4/csrc/templates
copying build/lib/fmha_sm100/decode_q8kv4/csrc/templates/decode_attention_run.cu.jinja -> build/bdist.linux-x86_64/wheel/./fmha_sm100/decode_q8kv4/csrc/templates
copying build/lib/fmha_sm100/decode_q8kv4/csrc/templates/decode_attention_inst.cu.jinja -> build/bdist.linux-x86_64/wheel/./fmha_sm100/decode_q8kv4/csrc/templates
copying build/lib/fmha_sm100/decode_q8kv4/__init__.py -> build/bdist.linux-x86_64/wheel/./fmha_sm100/decode_q8kv4
copying build/lib/fmha_sm100/decode_q8kv4/build.py -> build/bdist.linux-x86_64/wheel/./fmha_sm100/decode_q8kv4
copying build/lib/fmha_sm100/decode_q8kv4/interface.py -> build/bdist.linux-x86_64/wheel/./fmha_sm100/decode_q8kv4
warning: install_lib: byte-compiling is disabled, skipping.

running install_egg_info
Copying python/fmha_sm100.egg-info to build/bdist.linux-x86_64/wheel/./fmha_sm100-0.1.1-py3.12.egg-info
running install_scripts
creating build/bdist.linux-x86_64/wheel/fmha_sm100-0.1.1.dist-info/WHEEL
creating '/home/fans/SA-work/MiniMax-M3/rubin-kernel-perf/indexer-dcp-perf/review/vllm-public-consolidation-20261008/artifacts/.tmp-ct85mfdi/fmha_sm100-0.1.1-py3-none-any.whl' and adding 'build/bdist.linux-x86_64/wheel' to it
adding 'fmha_sm100/__init__.py'
adding 'fmha_sm100/_jit_cache.py'
adding 'fmha_sm100/api.py'
adding 'fmha_sm100/bench_utils.py'
adding 'fmha_sm100/icp_decode_score.py'
adding 'fmha_sm100/jit.py'
adding 'fmha_sm100/msa_warmup.py'
adding 'fmha_sm100/nvfp4_kv.py'
adding 'fmha_sm100/q8kv4_decode_adapter.py'
adding 'fmha_sm100/q8kv4_prefill_adapter.py'
adding 'fmha_sm100/sparse.py'
adding 'fmha_sm100/sparse_fmha_adapter.py'
adding 'fmha_sm100/csrc/fmha_sm100_inst.jinja'
adding 'fmha_sm100/csrc/fmha_sm100_params.h'
adding 'fmha_sm100/csrc/fmha_sm100_plan.cu'
adding 'fmha_sm100/csrc/fmha_sm100_plan.h'
adding 'fmha_sm100/csrc/fmha_sm100_reduction.cu'
adding 'fmha_sm100/csrc/fmha_sm100_reduction.h'
adding 'fmha_sm100/csrc/fmha_sm100_variant_run.cu.jinja'
adding 'fmha_sm100/csrc/gmem_bounds_check.h'
adding 'fmha_sm100/csrc/indexer_topk_select.cu'
adding 'fmha_sm100/csrc/q8kv4_indexer_decode.cu'
adding 'fmha_sm100/csrc/sparse_topk_select.cu'
adding 'fmha_sm100/csrc/tvm_ffi_utils.h'
adding 'fmha_sm100/csrc/include/allocator.h'
adding 'fmha_sm100/csrc/include/cutlass_utils.cuh'
adding 'fmha_sm100/csrc/include/dequant_nvfp4_e4m3.cuh'
adding 'fmha_sm100/csrc/include/exception.h'
adding 'fmha_sm100/csrc/include/fmha.hpp'
adding 'fmha_sm100/csrc/include/fmha_common.hpp'
adding 'fmha_sm100/csrc/include/fmha_cutlass_sm100.cuh'
adding 'fmha_sm100/csrc/include/fmha_fusion.hpp'
adding 'fmha_sm100/csrc/include/fmha_options.hpp'
adding 'fmha_sm100/csrc/include/fmha_tile_scheduler.hpp'
adding 'fmha_sm100/csrc/include/gather_tensor.hpp'
adding 'fmha_sm100/csrc/include/gpu_trace.h'
adding 'fmha_sm100/csrc/include/k2_nvfp4_kv.hpp'
adding 'fmha_sm100/csrc/include/mask.cuh'
adding 'fmha_sm100/csrc/include/plan.cuh'
adding 'fmha_sm100/csrc/include/pow_2.hpp'
adding 'fmha_sm100/csrc/include/sm100_fmha_fwd_epilogue_tma_warpspecialized.hpp'
adding 'fmha_sm100/csrc/include/sm100_fmha_fwd_kernel_tma_warpspecialized.hpp'
adding 'fmha_sm100/csrc/include/sm100_fmha_fwd_mainloop_tma_warpspecialized.hpp'
adding 'fmha_sm100/csrc/include/sm100_fmha_load_tma_warpspecialized.hpp'
adding 'fmha_sm100/csrc/include/sm100_fmha_reduction.hpp'
adding 'fmha_sm100/csrc/include/sparse_topk_select.cuh'
adding 'fmha_sm100/csrc/include/utils.cuh'
adding 'fmha_sm100/csrc/include/vec_dtypes.cuh'
adding 'fmha_sm100/csrc/include/indexer_topk/m3_topk.cuh'
adding 'fmha_sm100/csrc/include/indexer_topk/topk_select.cuh'
adding 'fmha_sm100/csrc/include/q8kv4_indexer/arguments.hpp'
adding 'fmha_sm100/csrc/include/q8kv4_indexer/collective.hpp'
adding 'fmha_sm100/csrc/include/q8kv4_indexer/config.hpp'
adding 'fmha_sm100/csrc/include/q8kv4_indexer/kernel.hpp'
adding 'fmha_sm100/csrc/include/q8kv4_indexer/nvfp4_to_e4m3.cuh'
adding 'fmha_sm100/csrc/include/q8kv4_indexer/params.hpp'
adding 'fmha_sm100/csrc/include/q8kv4_indexer/runner.hpp'
adding 'fmha_sm100/csrc/include/q8kv4_indexer/traits.hpp'
adding 'fmha_sm100/csrc/kvouter/bindings.cpp'
adding 'fmha_sm100/csrc/kvouter/cute_sparse_kvouter.cpp'
adding 'fmha_sm100/csrc/kvouter/cute_sparse_kvouter.h'
adding 'fmha_sm100/cute/Makefile'
adding 'fmha_sm100/cute/README.md'
adding 'fmha_sm100/cute/__init__.py'
adding 'fmha_sm100/cute/example.py'
adding 'fmha_sm100/cute/fp4_indexer_interface.py'
adding 'fmha_sm100/cute/interface.py'
adding 'fmha_sm100/cute/pytest.ini'
adding 'fmha_sm100/cute/q8_indexer_interface.py'
adding 'fmha_sm100/cute/quantize.py'
adding 'fmha_sm100/cute/requirements.txt'
adding 'fmha_sm100/cute/sparse_index_utils.py'
adding 'fmha_sm100/cute/test_fp4_indexer.py'
adding 'fmha_sm100/cute/test_q8_indexer.py'
adding 'fmha_sm100/cute/test_sparse_atten.py'
adding 'fmha_sm100/cute/src/__init__.py'
adding 'fmha_sm100/cute/src/blackwell_prefill/__init__.py'
adding 'fmha_sm100/cute/src/blackwell_prefill/atten_fwd_sm100.py'
adding 'fmha_sm100/cute/src/blackwell_prefill/combine.py'
adding 'fmha_sm100/cute/src/common/__init__.py'
adding 'fmha_sm100/cute/src/common/aot_cache.py'
adding 'fmha_sm100/cute/src/common/barrier.py'
adding 'fmha_sm100/cute/src/common/blackwell_helpers.py'
adding 'fmha_sm100/cute/src/common/block_info.py'
adding 'fmha_sm100/cute/src/common/copy_utils.py'
adding 'fmha_sm100/cute/src/common/cute_dsl_utils.py'
adding 'fmha_sm100/cute/src/common/fast_math.py'
adding 'fmha_sm100/cute/src/common/mask.py'
adding 'fmha_sm100/cute/src/common/mma_sm100_desc.py'
adding 'fmha_sm100/cute/src/common/named_barrier.py'
adding 'fmha_sm100/cute/src/common/pack_gqa.py'
adding 'fmha_sm100/cute/src/common/paged_kv.py'
adding 'fmha_sm100/cute/src/common/pipeline.py'
adding 'fmha_sm100/cute/src/common/rubin_helpers.py'
adding 'fmha_sm100/cute/src/common/rubin_softmax_helpers.py'
adding 'fmha_sm100/cute/src/common/seqlen_info.py'
adding 'fmha_sm100/cute/src/common/softmax.py'
adding 'fmha_sm100/cute/src/common/tile_scheduler.py'
adding 'fmha_sm100/cute/src/common/tma_utils.py'
adding 'fmha_sm100/cute/src/common/utils.py'
adding 'fmha_sm100/cute/src/sm100/__init__.py'
adding 'fmha_sm100/cute/src/sm100/decode_schedule.py'
adding 'fmha_sm100/cute/src/sm100/fp4_indexer.py'
adding 'fmha_sm100/cute/src/sm100/prepare_k2q_csr.py'
adding 'fmha_sm100/cute/src/sm100/prepare_scheduler.py'
adding 'fmha_sm100/cute/src/sm100/q8kv4_indexer_decode.py'
adding 'fmha_sm100/cute/src/sm100/q8kv8_indexer_decode.py'
adding 'fmha_sm100/cute/src/sm100/q8kv8_indexer_prefill.py'
adding 'fmha_sm100/cute/src/sm100/q8kv8_indexer_prefill_plan.py'
adding 'fmha_sm100/cute/src/sm100/build_k2q_csr/__init__.py'
adding 'fmha_sm100/cute/src/sm100/build_k2q_csr/build_k2q_csr.cu'
adding 'fmha_sm100/cute/src/sm100/fwd/__init__.py'
adding 'fmha_sm100/cute/src/sm100/fwd/atten_fwd.py'
adding 'fmha_sm100/cute/src/sm100/fwd/atten_fwd_nvfp4_kv.py'
adding 'fmha_sm100/cute/src/sm100/fwd/combine.py'
adding 'fmha_sm100/cute/src/sm100/fwd_decode/__init__.py'
adding 'fmha_sm100/cute/src/sm100/fwd_decode/atten_fwd.py'
adding 'fmha_sm100/cute/src/sm100/fwd_decode/combine.py'
adding 'fmha_sm100/cute/src/sm100/fwd_decode/tile_scheduler.py'
adding 'fmha_sm100/cute/src/sm100/fwd_decode/build_decode_schedule/__init__.py'
adding 'fmha_sm100/cute/src/sm100/fwd_decode/build_decode_schedule/build_decode_schedule.cu'
adding 'fmha_sm100/cutlass/LICENSE.txt'
adding 'fmha_sm100/cutlass/SOURCE.json'
adding 'fmha_sm100/cutlass/include/cute/config.hpp'
adding 'fmha_sm100/cutlass/include/cute/int_tuple.hpp'
adding 'fmha_sm100/cutlass/include/cute/layout.hpp'
adding 'fmha_sm100/cutlass/include/cute/layout_composed.hpp'
adding 'fmha_sm100/cutlass/include/cute/pointer.hpp'
adding 'fmha_sm100/cutlass/include/cute/pointer_base.hpp'
adding 'fmha_sm100/cutlass/include/cute/pointer_flagged.hpp'
adding 'fmha_sm100/cutlass/include/cute/pointer_sparse.hpp'
adding 'fmha_sm100/cutlass/include/cute/pointer_swizzle.hpp'
adding 'fmha_sm100/cutlass/include/cute/stride.hpp'
adding 'fmha_sm100/cutlass/include/cute/swizzle.hpp'
adding 'fmha_sm100/cutlass/include/cute/swizzle_layout.hpp'
adding 'fmha_sm100/cutlass/include/cute/tensor.hpp'
adding 'fmha_sm100/cutlass/include/cute/tensor_impl.hpp'
adding 'fmha_sm100/cutlass/include/cute/tensor_zip.hpp'
adding 'fmha_sm100/cutlass/include/cute/underscore.hpp'
adding 'fmha_sm100/cutlass/include/cute/algorithm/axpby.hpp'
adding 'fmha_sm100/cutlass/include/cute/algorithm/clear.hpp'
adding 'fmha_sm100/cutlass/include/cute/algorithm/cooperative_copy.hpp'
adding 'fmha_sm100/cutlass/include/cute/algorithm/cooperative_gemm.hpp'
adding 'fmha_sm100/cutlass/include/cute/algorithm/copy.hpp'
adding 'fmha_sm100/cutlass/include/cute/algorithm/fill.hpp'
adding 'fmha_sm100/cutlass/include/cute/algorithm/functional.hpp'
adding 'fmha_sm100/cutlass/include/cute/algorithm/gemm.hpp'
adding 'fmha_sm100/cutlass/include/cute/algorithm/prefer.hpp'
adding 'fmha_sm100/cutlass/include/cute/algorithm/prefetch.hpp'
adding 'fmha_sm100/cutlass/include/cute/algorithm/tensor_algorithms.hpp'
adding 'fmha_sm100/cutlass/include/cute/algorithm/tensor_reduce.hpp'
adding 'fmha_sm100/cutlass/include/cute/algorithm/tuple_algorithms.hpp'
adding 'fmha_sm100/cutlass/include/cute/arch/cluster_sm100.hpp'
adding 'fmha_sm100/cutlass/include/cute/arch/cluster_sm90.hpp'
adding 'fmha_sm100/cutlass/include/cute/arch/config.hpp'
adding 'fmha_sm100/cutlass/include/cute/arch/copy.hpp'
adding 'fmha_sm100/cutlass/include/cute/arch/copy_sm100.hpp'
adding 'fmha_sm100/cutlass/include/cute/arch/copy_sm100_tma.hpp'
adding 'fmha_sm100/cutlass/include/cute/arch/copy_sm50.hpp'
adding 'fmha_sm100/cutlass/include/cute/arch/copy_sm75.hpp'
adding 'fmha_sm100/cutlass/include/cute/arch/copy_sm80.hpp'
adding 'fmha_sm100/cutlass/include/cute/arch/copy_sm90.hpp'
adding 'fmha_sm100/cutlass/include/cute/arch/copy_sm90_desc.hpp'
adding 'fmha_sm100/cutlass/include/cute/arch/copy_sm90_tma.hpp'
adding 'fmha_sm100/cutlass/include/cute/arch/mma.hpp'
adding 'fmha_sm100/cutlass/include/cute/arch/mma_sm100.hpp'
adding 'fmha_sm100/cutlass/include/cute/arch/mma_sm100_desc.hpp'
adding 'fmha_sm100/cutlass/include/cute/arch/mma_sm100_umma.hpp'
adding 'fmha_sm100/cutlass/include/cute/arch/mma_sm107_desc.hpp'
adding 'fmha_sm100/cutlass/include/cute/arch/mma_sm107_umma.hpp'
adding 'fmha_sm100/cutlass/include/cute/arch/mma_sm120.hpp'
adding 'fmha_sm100/cutlass/include/cute/arch/mma_sm120_sparse.hpp'
adding 'fmha_sm100/cutlass/include/cute/arch/mma_sm61.hpp'
adding 'fmha_sm100/cutlass/include/cute/arch/mma_sm70.hpp'
adding 'fmha_sm100/cutlass/include/cute/arch/mma_sm75.hpp'
adding 'fmha_sm100/cutlass/include/cute/arch/mma_sm80.hpp'
adding 'fmha_sm100/cutlass/include/cute/arch/mma_sm89.hpp'
adding 'fmha_sm100/cutlass/include/cute/arch/mma_sm90.hpp'
adding 'fmha_sm100/cutlass/include/cute/arch/mma_sm90_desc.hpp'
adding 'fmha_sm100/cutlass/include/cute/arch/mma_sm90_gmma.hpp'
adding 'fmha_sm100/cutlass/include/cute/arch/mma_sm90_gmma_ext.hpp'
adding 'fmha_sm100/cutlass/include/cute/arch/mma_sm90_gmma_sparse.hpp'
adding 'fmha_sm100/cutlass/include/cute/arch/mma_sm90_gmma_sparse_ext.hpp'
adding 'fmha_sm100/cutlass/include/cute/arch/simd_sm100.hpp'
adding 'fmha_sm100/cutlass/include/cute/arch/tmem_allocator_sm100.hpp'
adding 'fmha_sm100/cutlass/include/cute/arch/tmem_capacity_sm100.hpp'
adding 'fmha_sm100/cutlass/include/cute/arch/util.hpp'
adding 'fmha_sm100/cutlass/include/cute/atom/copy_atom.hpp'
adding 'fmha_sm100/cutlass/include/cute/atom/copy_traits.hpp'
adding 'fmha_sm100/cutlass/include/cute/atom/copy_traits_sm100.hpp'
adding 'fmha_sm100/cutlass/include/cute/atom/copy_traits_sm100_im2col.hpp'
adding 'fmha_sm100/cutlass/include/cute/atom/copy_traits_sm100_tma.hpp'
adding 'fmha_sm100/cutlass/include/cute/atom/copy_traits_sm50.hpp'
adding 'fmha_sm100/cutlass/include/cute/atom/copy_traits_sm75.hpp'
adding 'fmha_sm100/cutlass/include/cute/atom/copy_traits_sm80.hpp'
adding 'fmha_sm100/cutlass/include/cute/atom/copy_traits_sm90.hpp'
adding 'fmha_sm100/cutlass/include/cute/atom/copy_traits_sm90_im2col.hpp'
adding 'fmha_sm100/cutlass/include/cute/atom/copy_traits_sm90_tma.hpp'
adding 'fmha_sm100/cutlass/include/cute/atom/copy_traits_sm90_tma_swizzle.hpp'
adding 'fmha_sm100/cutlass/include/cute/atom/mma_atom.hpp'
adding 'fmha_sm100/cutlass/include/cute/atom/mma_traits.hpp'
adding 'fmha_sm100/cutlass/include/cute/atom/mma_traits_sm100.hpp'
adding 'fmha_sm100/cutlass/include/cute/atom/mma_traits_sm100_frag.hpp'
adding 'fmha_sm100/cutlass/include/cute/atom/mma_traits_sm107.hpp'
adding 'fmha_sm100/cutlass/include/cute/atom/mma_traits_sm120.hpp'
adding 'fmha_sm100/cutlass/include/cute/atom/mma_traits_sm120_sparse.hpp'
adding 'fmha_sm100/cutlass/include/cute/atom/mma_traits_sm61.hpp'
adding 'fmha_sm100/cutlass/include/cute/atom/mma_traits_sm70.hpp'
adding 'fmha_sm100/cutlass/include/cute/atom/mma_traits_sm75.hpp'
adding 'fmha_sm100/cutlass/include/cute/atom/mma_traits_sm80.hpp'
adding 'fmha_sm100/cutlass/include/cute/atom/mma_traits_sm89.hpp'
adding 'fmha_sm100/cutlass/include/cute/atom/mma_traits_sm90.hpp'
adding 'fmha_sm100/cutlass/include/cute/atom/mma_traits_sm90_gmma.hpp'
adding 'fmha_sm100/cutlass/include/cute/atom/mma_traits_sm90_gmma_ext.hpp'
adding 'fmha_sm100/cutlass/include/cute/atom/mma_traits_sm90_gmma_sparse.hpp'
adding 'fmha_sm100/cutlass/include/cute/atom/mma_traits_sm90_gmma_sparse_ext.hpp'
adding 'fmha_sm100/cutlass/include/cute/atom/partitioner.hpp'
adding 'fmha_sm100/cutlass/include/cute/container/alignment.hpp'
adding 'fmha_sm100/cutlass/include/cute/container/array.hpp'
adding 'fmha_sm100/cutlass/include/cute/container/array_aligned.hpp'
adding 'fmha_sm100/cutlass/include/cute/container/array_subbyte.hpp'
adding 'fmha_sm100/cutlass/include/cute/container/bit_field.hpp'
adding 'fmha_sm100/cutlass/include/cute/container/cuda_types.hpp'
adding 'fmha_sm100/cutlass/include/cute/container/tuple.hpp'
adding 'fmha_sm100/cutlass/include/cute/container/type_list.hpp'
adding 'fmha_sm100/cutlass/include/cute/numeric/arithmetic_tuple.hpp'
adding 'fmha_sm100/cutlass/include/cute/numeric/complex.hpp'
adding 'fmha_sm100/cutlass/include/cute/numeric/int.hpp'
adding 'fmha_sm100/cutlass/include/cute/numeric/integer_sequence.hpp'
adding 'fmha_sm100/cutlass/include/cute/numeric/integral_constant.hpp'
adding 'fmha_sm100/cutlass/include/cute/numeric/integral_ratio.hpp'
adding 'fmha_sm100/cutlass/include/cute/numeric/math.hpp'
adding 'fmha_sm100/cutlass/include/cute/numeric/numeric_types.hpp'
adding 'fmha_sm100/cutlass/include/cute/numeric/real.hpp'
adding 'fmha_sm100/cutlass/include/cute/util/debug.hpp'
adding 'fmha_sm100/cutlass/include/cute/util/print.hpp'
adding 'fmha_sm100/cutlass/include/cute/util/print_latex.hpp'
adding 'fmha_sm100/cutlass/include/cute/util/print_svg.hpp'
adding 'fmha_sm100/cutlass/include/cute/util/print_tensor.hpp'
adding 'fmha_sm100/cutlass/include/cute/util/type_traits.hpp'
adding 'fmha_sm100/cutlass/include/cutlass/aligned_buffer.h'
adding 'fmha_sm100/cutlass/include/cutlass/array.h'
adding 'fmha_sm100/cutlass/include/cutlass/array_planar_complex.h'
adding 'fmha_sm100/cutlass/include/cutlass/array_subbyte.h'
adding 'fmha_sm100/cutlass/include/cutlass/barrier.h'
adding 'fmha_sm100/cutlass/include/cutlass/bfloat16.h'
adding 'fmha_sm100/cutlass/include/cutlass/blas3.h'
adding 'fmha_sm100/cutlass/include/cutlass/blas3_types.h'
adding 'fmha_sm100/cutlass/include/cutlass/block_striped.h'
adding 'fmha_sm100/cutlass/include/cutlass/cluster_launch.hpp'
adding 'fmha_sm100/cutlass/include/cutlass/complex.h'
adding 'fmha_sm100/cutlass/include/cutlass/constants.h'
adding 'fmha_sm100/cutlass/include/cutlass/coord.h'
adding 'fmha_sm100/cutlass/include/cutlass/core_io.h'
adding 'fmha_sm100/cutlass/include/cutlass/cuda_host_adapter.hpp'
adding 'fmha_sm100/cutlass/include/cutlass/cutlass.h'
adding 'fmha_sm100/cutlass/include/cutlass/device_kernel.h'
adding 'fmha_sm100/cutlass/include/cutlass/exmy_base.h'
adding 'fmha_sm100/cutlass/include/cutlass/fast_math.h'
adding 'fmha_sm100/cutlass/include/cutlass/float8.h'
adding 'fmha_sm100/cutlass/include/cutlass/float_subbyte.h'
adding 'fmha_sm100/cutlass/include/cutlass/floating_point_nvrtc.h'
adding 'fmha_sm100/cutlass/include/cutlass/functional.h'
adding 'fmha_sm100/cutlass/include/cutlass/gemm_coord.h'
adding 'fmha_sm100/cutlass/include/cutlass/gemm_coord.hpp'
adding 'fmha_sm100/cutlass/include/cutlass/half.h'
adding 'fmha_sm100/cutlass/include/cutlass/integer_subbyte.h'
adding 'fmha_sm100/cutlass/include/cutlass/kernel_hardware_info.h'
adding 'fmha_sm100/cutlass/include/cutlass/kernel_hardware_info.hpp'
adding 'fmha_sm100/cutlass/include/cutlass/kernel_launch.h'
adding 'fmha_sm100/cutlass/include/cutlass/matrix.h'
adding 'fmha_sm100/cutlass/include/cutlass/matrix_coord.h'
adding 'fmha_sm100/cutlass/include/cutlass/matrix_shape.h'
adding 'fmha_sm100/cutlass/include/cutlass/numeric_conversion.h'
adding 'fmha_sm100/cutlass/include/cutlass/numeric_size.h'
adding 'fmha_sm100/cutlass/include/cutlass/numeric_types.h'
adding 'fmha_sm100/cutlass/include/cutlass/pitch_linear_coord.h'
adding 'fmha_sm100/cutlass/include/cutlass/predicate_vector.h'
adding 'fmha_sm100/cutlass/include/cutlass/quaternion.h'
adding 'fmha_sm100/cutlass/include/cutlass/real.h'
adding 'fmha_sm100/cutlass/include/cutlass/relatively_equal.h'
adding 'fmha_sm100/cutlass/include/cutlass/semaphore.h'
adding 'fmha_sm100/cutlass/include/cutlass/subbyte_reference.h'
adding 'fmha_sm100/cutlass/include/cutlass/tensor_coord.h'
adding 'fmha_sm100/cutlass/include/cutlass/tensor_ref.h'
adding 'fmha_sm100/cutlass/include/cutlass/tensor_ref_planar_complex.h'
adding 'fmha_sm100/cutlass/include/cutlass/tensor_view.h'
adding 'fmha_sm100/cutlass/include/cutlass/tensor_view_planar_complex.h'
adding 'fmha_sm100/cutlass/include/cutlass/tfloat32.h'
adding 'fmha_sm100/cutlass/include/cutlass/trace.h'
adding 'fmha_sm100/cutlass/include/cutlass/uint128.h'
adding 'fmha_sm100/cutlass/include/cutlass/uint256.h'
adding 'fmha_sm100/cutlass/include/cutlass/version.h'
adding 'fmha_sm100/cutlass/include/cutlass/wmma_array.h'
adding 'fmha_sm100/cutlass/include/cutlass/workspace.h'
adding 'fmha_sm100/cutlass/include/cutlass/arch/arch.h'
adding 'fmha_sm100/cutlass/include/cutlass/arch/barrier.h'
adding 'fmha_sm100/cutlass/include/cutlass/arch/cache_operation.h'
adding 'fmha_sm100/cutlass/include/cutlass/arch/config.h'
adding 'fmha_sm100/cutlass/include/cutlass/arch/grid_dependency_control.h'
adding 'fmha_sm100/cutlass/include/cutlass/arch/memory.h'
adding 'fmha_sm100/cutlass/include/cutlass/arch/memory_sm75.h'
adding 'fmha_sm100/cutlass/include/cutlass/arch/memory_sm80.h'
adding 'fmha_sm100/cutlass/include/cutlass/arch/mma.h'
adding 'fmha_sm100/cutlass/include/cutlass/arch/mma_sm100.h'
adding 'fmha_sm100/cutlass/include/cutlass/arch/mma_sm50.h'
adding 'fmha_sm100/cutlass/include/cutlass/arch/mma_sm60.h'
adding 'fmha_sm100/cutlass/include/cutlass/arch/mma_sm61.h'
adding 'fmha_sm100/cutlass/include/cutlass/arch/mma_sm70.h'
adding 'fmha_sm100/cutlass/include/cutlass/arch/mma_sm75.h'
adding 'fmha_sm100/cutlass/include/cutlass/arch/mma_sm80.h'
adding 'fmha_sm100/cutlass/include/cutlass/arch/mma_sm89.h'
adding 'fmha_sm100/cutlass/include/cutlass/arch/mma_sm90.h'
adding 'fmha_sm100/cutlass/include/cutlass/arch/mma_sparse_sm80.h'
adding 'fmha_sm100/cutlass/include/cutlass/arch/mma_sparse_sm89.h'
adding 'fmha_sm100/cutlass/include/cutlass/arch/reg_reconfig.h'
adding 'fmha_sm100/cutlass/include/cutlass/arch/simd.h'
adding 'fmha_sm100/cutlass/include/cutlass/arch/simd_sm60.h'
adding 'fmha_sm100/cutlass/include/cutlass/arch/simd_sm61.h'
adding 'fmha_sm100/cutlass/include/cutlass/arch/synclog.hpp'
adding 'fmha_sm100/cutlass/include/cutlass/arch/wmma.h'
adding 'fmha_sm100/cutlass/include/cutlass/arch/wmma_sm70.h'
adding 'fmha_sm100/cutlass/include/cutlass/arch/wmma_sm72.h'
adding 'fmha_sm100/cutlass/include/cutlass/arch/wmma_sm75.h'
adding 'fmha_sm100/cutlass/include/cutlass/conv/conv2d_problem_size.h'
adding 'fmha_sm100/cutlass/include/cutlass/conv/conv3d_problem_size.h'
adding 'fmha_sm100/cutlass/include/cutlass/conv/convnd_problem_shape.hpp'
adding 'fmha_sm100/cutlass/include/cutlass/conv/convolution.h'
adding 'fmha_sm100/cutlass/include/cutlass/conv/detail.hpp'
adding 'fmha_sm100/cutlass/include/cutlass/conv/dispatch_policy.hpp'
adding 'fmha_sm100/cutlass/include/cutlass/conv/collective/collective_builder.hpp'
adding 'fmha_sm100/cutlass/include/cutlass/conv/collective/collective_conv.hpp'
adding 'fmha_sm100/cutlass/include/cutlass/conv/collective/detail.hpp'
adding 'fmha_sm100/cutlass/include/cutlass/conv/collective/sm100_implicit_gemm_umma_warpspecialized.hpp'
adding 'fmha_sm100/cutlass/include/cutlass/conv/collective/sm90_implicit_gemm_gmma_ss_warpspecialized.hpp'
adding 'fmha_sm100/cutlass/include/cutlass/conv/collective/builders/sm100_common.inl'
adding 'fmha_sm100/cutlass/include/cutlass/conv/collective/builders/sm100_umma_builder.inl'
adding 'fmha_sm100/cutlass/include/cutlass/conv/collective/builders/sm90_common.inl'
adding 'fmha_sm100/cutlass/include/cutlass/conv/collective/builders/sm90_gmma_builder.inl'
adding 'fmha_sm100/cutlass/include/cutlass/conv/device/conv_universal_adapter.hpp'
adding 'fmha_sm100/cutlass/include/cutlass/conv/device/direct_convolution.h'
adding 'fmha_sm100/cutlass/include/cutlass/conv/device/implicit_gemm_convolution.h'
adding 'fmha_sm100/cutlass/include/cutlass/conv/device/implicit_gemm_convolution_fusion.h'
adding 'fmha_sm100/cutlass/include/cutlass/conv/kernel/conv_universal.hpp'
adding 'fmha_sm100/cutlass/include/cutlass/conv/kernel/default_conv2d.h'
adding 'fmha_sm100/cutlass/include/cutlass/conv/kernel/default_conv2d_dgrad.h'
adding 'fmha_sm100/cutlass/include/cutlass/conv/kernel/default_conv2d_fprop.h'
adding 'fmha_sm100/cutlass/include/cutlass/conv/kernel/default_conv2d_fprop_fusion.h'
adding 'fmha_sm100/cutlass/include/cutlass/conv/kernel/default_conv2d_fprop_with_absmax.h'
adding 'fmha_sm100/cutlass/include/cutlass/conv/kernel/default_conv2d_fprop_with_broadcast.h'
adding 'fmha_sm100/cutlass/include/cutlass/conv/kernel/default_conv2d_fprop_with_reduction.h'
adding 'fmha_sm100/cutlass/include/cutlass/conv/kernel/default_conv2d_group_fprop.h'
adding 'fmha_sm100/cutlass/include/cutlass/conv/kernel/default_conv2d_wgrad.h'
adding 'fmha_sm100/cutlass/include/cutlass/conv/kernel/default_conv2d_wgrad_fusion.h'
adding 'fmha_sm100/cutlass/include/cutlass/conv/kernel/default_conv3d_dgrad.h'
adding 'fmha_sm100/cutlass/include/cutlass/conv/kernel/default_conv3d_fprop.h'
adding 'fmha_sm100/cutlass/include/cutlass/conv/kernel/default_conv3d_fprop_fusion.h'
adding 'fmha_sm100/cutlass/include/cutlass/conv/kernel/default_conv3d_fprop_with_broadcast.h'
adding 'fmha_sm100/cutlass/include/cutlass/conv/kernel/default_conv3d_wgrad.h'
adding 'fmha_sm100/cutlass/include/cutlass/conv/kernel/default_deconv2d.h'
adding 'fmha_sm100/cutlass/include/cutlass/conv/kernel/default_deconv2d_with_broadcast.h'
adding 'fmha_sm100/cutlass/include/cutlass/conv/kernel/default_deconv3d.h'
adding 'fmha_sm100/cutlass/include/cutlass/conv/kernel/default_deconv3d_with_broadcast.h'
adding 'fmha_sm100/cutlass/include/cutlass/conv/kernel/default_depthwise_fprop.h'
adding 'fmha_sm100/cutlass/include/cutlass/conv/kernel/direct_convolution.h'
adding 'fmha_sm100/cutlass/include/cutlass/conv/kernel/implicit_gemm_convolution.h'
adding 'fmha_sm100/cutlass/include/cutlass/conv/kernel/implicit_gemm_convolution_fusion.h'
adding 'fmha_sm100/cutlass/include/cutlass/conv/kernel/implicit_gemm_convolution_strided_dgrad.h'
adding 'fmha_sm100/cutlass/include/cutlass/conv/kernel/implicit_gemm_convolution_with_absmax.h'
adding 'fmha_sm100/cutlass/include/cutlass/conv/kernel/implicit_gemm_convolution_with_fused_epilogue.h'
adding 'fmha_sm100/cutlass/include/cutlass/conv/kernel/sm100_implicit_gemm_tma_warpspecialized.hpp'
adding 'fmha_sm100/cutlass/include/cutlass/conv/kernel/sm90_implicit_gemm_tma_warpspecialized.hpp'
adding 'fmha_sm100/cutlass/include/cutlass/conv/thread/depthwise_mma.h'
adding 'fmha_sm100/cutlass/include/cutlass/conv/threadblock/conv2d_dgrad_filter_tile_access_iterator_analytic.h'
adding 'fmha_sm100/cutlass/include/cutlass/conv/threadblock/conv2d_dgrad_filter_tile_access_iterator_optimized.h'
adding 'fmha_sm100/cutlass/include/cutlass/conv/threadblock/conv2d_dgrad_output_gradient_tile_access_iterator_analytic.h'
adding 'fmha_sm100/cutlass/include/cutlass/conv/threadblock/conv2d_dgrad_output_gradient_tile_access_iterator_optimized.h'
adding 'fmha_sm100/cutlass/include/cutlass/conv/threadblock/conv2d_fprop_activation_tile_access_iterator_analytic.h'
adding 'fmha_sm100/cutlass/include/cutlass/conv/threadblock/conv2d_fprop_activation_tile_access_iterator_few_channels.h'
adding 'fmha_sm100/cutlass/include/cutlass/conv/threadblock/conv2d_fprop_activation_tile_access_iterator_fixed_channels.h'
adding 'fmha_sm100/cutlass/include/cutlass/conv/threadblock/conv2d_fprop_activation_tile_access_iterator_optimized.h'
adding 'fmha_sm100/cutlass/include/cutlass/conv/threadblock/conv2d_fprop_filter_tile_access_iterator_analytic.h'
adding 'fmha_sm100/cutlass/include/cutlass/conv/threadblock/conv2d_fprop_filter_tile_access_iterator_few_channels.h'
adding 'fmha_sm100/cutlass/include/cutlass/conv/threadblock/conv2d_fprop_filter_tile_access_iterator_fixed_channels.h'
adding 'fmha_sm100/cutlass/include/cutlass/conv/threadblock/conv2d_fprop_filter_tile_access_iterator_optimized.h'
adding 'fmha_sm100/cutlass/include/cutlass/conv/threadblock/conv2d_params.h'
adding 'fmha_sm100/cutlass/include/cutlass/conv/threadblock/conv2d_tile_iterator.h'
adding 'fmha_sm100/cutlass/include/cutlass/conv/threadblock/conv2d_wgrad_activation_tile_access_iterator_analytic.h'
adding 'fmha_sm100/cutlass/include/cutlass/conv/threadblock/conv2d_wgrad_activation_tile_access_iterator_optimized.h'
adding 'fmha_sm100/cutlass/include/cutlass/conv/threadblock/conv2d_wgrad_output_gradient_tile_access_iterator_analytic.h'
adding 'fmha_sm100/cutlass/include/cutlass/conv/threadblock/conv2d_wgrad_output_gradient_tile_access_iterator_optimized.h'
adding 'fmha_sm100/cutlass/include/cutlass/conv/threadblock/conv3d_dgrad_filter_tile_access_iterator_analytic.h'
adding 'fmha_sm100/cutlass/include/cutlass/conv/threadblock/conv3d_dgrad_filter_tile_access_iterator_optimized.h'
adding 'fmha_sm100/cutlass/include/cutlass/conv/threadblock/conv3d_dgrad_output_gradient_tile_access_iterator_analytic.h'
adding 'fmha_sm100/cutlass/include/cutlass/conv/threadblock/conv3d_dgrad_output_gradient_tile_access_iterator_optimized.h'
adding 'fmha_sm100/cutlass/include/cutlass/conv/threadblock/conv3d_fprop_activation_tile_access_iterator_analytic.h'
adding 'fmha_sm100/cutlass/include/cutlass/conv/threadblock/conv3d_fprop_activation_tile_access_iterator_optimized.h'
adding 'fmha_sm100/cutlass/include/cutlass/conv/threadblock/conv3d_fprop_filter_tile_access_iterator_analytic.h'
adding 'fmha_sm100/cutlass/include/cutlass/conv/threadblock/conv3d_fprop_filter_tile_access_iterator_optimized.h'
adding 'fmha_sm100/cutlass/include/cutlass/conv/threadblock/conv3d_params.h'
adding 'fmha_sm100/cutlass/include/cutlass/conv/threadblock/conv3d_wgrad_activation_tile_access_iterator_analytic.h'
adding 'fmha_sm100/cutlass/include/cutlass/conv/threadblock/conv3d_wgrad_activation_tile_access_iterator_optimized.h'
adding 'fmha_sm100/cutlass/include/cutlass/conv/threadblock/conv3d_wgrad_output_gradient_tile_access_iterator_analytic.h'
adding 'fmha_sm100/cutlass/include/cutlass/conv/threadblock/conv3d_wgrad_output_gradient_tile_access_iterator_optimized.h'
adding 'fmha_sm100/cutlass/include/cutlass/conv/threadblock/depthwise_direct_conv_params.h'
adding 'fmha_sm100/cutlass/include/cutlass/conv/threadblock/depthwise_fprop_activation_tile_access_iterator_direct_conv_fixed_stride_dilation.h'
adding 'fmha_sm100/cutlass/include/cutlass/conv/threadblock/depthwise_fprop_activation_tile_access_iterator_direct_conv_optimized.h'
adding 'fmha_sm100/cutlass/include/cutlass/conv/threadblock/depthwise_fprop_direct_conv_multistage.h'
adding 'fmha_sm100/cutlass/include/cutlass/conv/threadblock/depthwise_fprop_filter_tile_access_iterator_direct_conv_optimized.h'
adding 'fmha_sm100/cutlass/include/cutlass/conv/threadblock/depthwise_fprop_pipelined.h'
adding 'fmha_sm100/cutlass/include/cutlass/conv/threadblock/depthwise_mma_base.h'
adding 'fmha_sm100/cutlass/include/cutlass/conv/threadblock/depthwise_mma_core_with_lane_access_size.h'
adding 'fmha_sm100/cutlass/include/cutlass/conv/threadblock/implicit_gemm_fprop_fusion_multistage.h'
adding 'fmha_sm100/cutlass/include/cutlass/conv/threadblock/implicit_gemm_multistage.h'
adding 'fmha_sm100/cutlass/include/cutlass/conv/threadblock/implicit_gemm_pipelined.h'
adding 'fmha_sm100/cutlass/include/cutlass/conv/threadblock/implicit_gemm_wgrad_fusion_multistage.h'
adding 'fmha_sm100/cutlass/include/cutlass/conv/threadblock/predicated_scale_bias_vector_access_iterator.h'
adding 'fmha_sm100/cutlass/include/cutlass/conv/threadblock/predicated_scale_bias_vector_iterator.h'
adding 'fmha_sm100/cutlass/include/cutlass/conv/threadblock/threadblock_swizzle.h'
adding 'fmha_sm100/cutlass/include/cutlass/conv/warp/mma_depthwise_simt.h'
adding 'fmha_sm100/cutlass/include/cutlass/conv/warp/mma_depthwise_simt_tile_iterator.h'
adding 'fmha_sm100/cutlass/include/cutlass/conv/warp/scale_bias_relu_transform.h'
adding 'fmha_sm100/cutlass/include/cutlass/detail/blockwise_scale_layout.hpp'
adding 'fmha_sm100/cutlass/include/cutlass/detail/cluster.hpp'
adding 'fmha_sm100/cutlass/include/cutlass/detail/collective.hpp'
adding 'fmha_sm100/cutlass/include/cutlass/detail/dependent_false.hpp'
adding 'fmha_sm100/cutlass/include/cutlass/detail/helper_macros.hpp'
adding 'fmha_sm100/cutlass/include/cutlass/detail/layout.hpp'
adding 'fmha_sm100/cutlass/include/cutlass/detail/mainloop_fusion_helper_scale_factor.hpp'
adding 'fmha_sm100/cutlass/include/cutlass/detail/mma.hpp'
adding 'fmha_sm100/cutlass/include/cutlass/detail/sm100_blockscaled_layout.hpp'
adding 'fmha_sm100/cutlass/include/cutlass/detail/sm100_mixed_dtype_blockwise_layout.hpp'
adding 'fmha_sm100/cutlass/include/cutlass/detail/sm100_tmem_helper.hpp'
adding 'fmha_sm100/cutlass/include/cutlass/detail/sm103_blockscaled_layout.hpp'
adding 'fmha_sm100/cutlass/include/cutlass/detail/sm107_blockscaled_layout.hpp'
adding 'fmha_sm100/cutlass/include/cutlass/detail/collective/mixed_input_utils.hpp'
adding 'fmha_sm100/cutlass/include/cutlass/detail/collective/moe_stride_utils.hpp'
adding 'fmha_sm100/cutlass/include/cutlass/detail/collective/sm103_kernel_type.hpp'
adding 'fmha_sm100/cutlass/include/cutlass/epilogue/dispatch_policy.hpp'
adding 'fmha_sm100/cutlass/include/cutlass/epilogue/collective/collective_builder.hpp'
adding 'fmha_sm100/cutlass/include/cutlass/epilogue/collective/collective_epilogue.hpp'
adding 'fmha_sm100/cutlass/include/cutlass/epilogue/collective/default_epilogue.hpp'
adding 'fmha_sm100/cutlass/include/cutlass/epilogue/collective/default_epilogue_array.hpp'
adding 'fmha_sm100/cutlass/include/cutlass/epilogue/collective/detail.hpp'
adding 'fmha_sm100/cutlass/include/cutlass/epilogue/collective/epilogue_tensor_broadcast.hpp'
adding 'fmha_sm100/cutlass/include/cutlass/epilogue/collective/sm100_epilogue_array_nosmem.hpp'
adding 'fmha_sm100/cutlass/include/cutlass/epilogue/collective/sm100_epilogue_array_planar_complex_nosmem.hpp'
adding 'fmha_sm100/cutlass/include/cutlass/epilogue/collective/sm100_epilogue_array_planar_complex_tma_warpspecialized.hpp'
adding 'fmha_sm100/cutlass/include/cutlass/epilogue/collective/sm100_epilogue_array_tma_warpspecialized.hpp'
adding 'fmha_sm100/cutlass/include/cutlass/epilogue/collective/sm100_epilogue_nosmem.hpp'
adding 'fmha_sm100/cutlass/include/cutlass/epilogue/collective/sm100_epilogue_planar_complex_tma_warpspecialized.hpp'
adding 'fmha_sm100/cutlass/include/cutlass/epilogue/collective/sm100_epilogue_tma_warpspecialized.hpp'
adding 'fmha_sm100/cutlass/include/cutlass/epilogue/collective/sm70_epilogue_vectorized.hpp'
adding 'fmha_sm100/cutlass/include/cutlass/epilogue/collective/sm70_epilogue_vectorized_array.hpp'
adding 'fmha_sm100/cutlass/include/cutlass/epilogue/collective/sm90_epilogue_array_tma_warpspecialized.hpp'
adding 'fmha_sm100/cutlass/include/cutlass/epilogue/collective/sm90_epilogue_tma_warpspecialized.hpp'
adding 'fmha_sm100/cutlass/include/cutlass/epilogue/collective/sm90_epilogue_tma_warpspecialized_bias_elementwise.hpp'
adding 'fmha_sm100/cutlass/include/cutlass/epilogue/collective/builders/sm100_builder.inl'
adding 'fmha_sm100/cutlass/include/cutlass/epilogue/collective/builders/sm103_builder.inl'
adding 'fmha_sm100/cutlass/include/cutlass/epilogue/collective/builders/sm107_builder.inl'
adding 'fmha_sm100/cutlass/include/cutlass/epilogue/collective/builders/sm120_builder.inl'
adding 'fmha_sm100/cutlass/include/cutlass/epilogue/collective/builders/sm120_common.inl'
adding 'fmha_sm100/cutlass/include/cutlass/epilogue/collective/builders/sm90_builder.inl'
adding 'fmha_sm100/cutlass/include/cutlass/epilogue/collective/builders/sm90_common.inl'
adding 'fmha_sm100/cutlass/include/cutlass/epilogue/fusion/callbacks.hpp'
adding 'fmha_sm100/cutlass/include/cutlass/epilogue/fusion/operations.hpp'
adding 'fmha_sm100/cutlass/include/cutlass/epilogue/fusion/sm100_callbacks_tma_warpspecialized.hpp'
adding 'fmha_sm100/cutlass/include/cutlass/epilogue/fusion/sm100_visitor_compute_tma_warpspecialized.hpp'
adding 'fmha_sm100/cutlass/include/cutlass/epilogue/fusion/sm100_visitor_store_tma_warpspecialized.hpp'
adding 'fmha_sm100/cutlass/include/cutlass/epilogue/fusion/sm120_callbacks_tma_warpspecialized.hpp'
adding 'fmha_sm100/cutlass/include/cutlass/epilogue/fusion/sm120_visitor_store_tma_warpspecialized.hpp'
adding 'fmha_sm100/cutlass/include/cutlass/epilogue/fusion/sm90_callbacks_tma_warpspecialized.hpp'
adding 'fmha_sm100/cutlass/include/cutlass/epilogue/fusion/sm90_visitor_compute_tma_warpspecialized.hpp'
adding 'fmha_sm100/cutlass/include/cutlass/epilogue/fusion/sm90_visitor_load_tma_warpspecialized.hpp'
adding 'fmha_sm100/cutlass/include/cutlass/epilogue/fusion/sm90_visitor_store_tma_warpspecialized.hpp'
adding 'fmha_sm100/cutlass/include/cutlass/epilogue/fusion/sm90_visitor_tma_warpspecialized.hpp'
adding 'fmha_sm100/cutlass/include/cutlass/epilogue/fusion/sm90_visitor_topk_softmax.hpp'
adding 'fmha_sm100/cutlass/include/cutlass/epilogue/thread/activation.h'
adding 'fmha_sm100/cutlass/include/cutlass/epilogue/thread/conversion_op.h'
adding 'fmha_sm100/cutlass/include/cutlass/epilogue/thread/detail.hpp'
adding 'fmha_sm100/cutlass/include/cutlass/epilogue/thread/linear_combination.h'
adding 'fmha_sm100/cutlass/include/cutlass/epilogue/thread/linear_combination_bias_elementwise.h'
adding 'fmha_sm100/cutlass/include/cutlass/epilogue/thread/linear_combination_bias_relu.h'
adding 'fmha_sm100/cutlass/include/cutlass/epilogue/thread/linear_combination_clamp.h'
adding 'fmha_sm100/cutlass/include/cutlass/epilogue/thread/linear_combination_dgelu.h'
adding 'fmha_sm100/cutlass/include/cutlass/epilogue/thread/linear_combination_drelu.h'
adding 'fmha_sm100/cutlass/include/cutlass/epilogue/thread/linear_combination_gelu.h'
adding 'fmha_sm100/cutlass/include/cutlass/epilogue/thread/linear_combination_generic.h'
adding 'fmha_sm100/cutlass/include/cutlass/epilogue/thread/linear_combination_generic_with_scaling.h'
adding 'fmha_sm100/cutlass/include/cutlass/epilogue/thread/linear_combination_hardswish.h'
adding 'fmha_sm100/cutlass/include/cutlass/epilogue/thread/linear_combination_leaky_relu.h'
adding 'fmha_sm100/cutlass/include/cutlass/epilogue/thread/linear_combination_params.h'
adding 'fmha_sm100/cutlass/include/cutlass/epilogue/thread/linear_combination_planar_complex.h'
adding 'fmha_sm100/cutlass/include/cutlass/epilogue/thread/linear_combination_relu.h'
adding 'fmha_sm100/cutlass/include/cutlass/epilogue/thread/linear_combination_relu0.h'
adding 'fmha_sm100/cutlass/include/cutlass/epilogue/thread/linear_combination_residual_block.h'
adding 'fmha_sm100/cutlass/include/cutlass/epilogue/thread/linear_combination_sigmoid.h'
adding 'fmha_sm100/cutlass/include/cutlass/epilogue/thread/linear_combination_silu.h'
adding 'fmha_sm100/cutlass/include/cutlass/epilogue/thread/linear_combination_tensor_broadcast.hpp'
adding 'fmha_sm100/cutlass/include/cutlass/epilogue/thread/linear_combination_with_elementwise.h'
adding 'fmha_sm100/cutlass/include/cutlass/epilogue/thread/reduction_op.h'
adding 'fmha_sm100/cutlass/include/cutlass/epilogue/thread/scale_type.h'
adding 'fmha_sm100/cutlass/include/cutlass/epilogue/threadblock/default_epilogue_complex_tensor_op.h'
adding 'fmha_sm100/cutlass/include/cutlass/epilogue/threadblock/default_epilogue_complex_tensor_op_blas3.h'
adding 'fmha_sm100/cutlass/include/cutlass/epilogue/threadblock/default_epilogue_direct_store.h'
adding 'fmha_sm100/cutlass/include/cutlass/epilogue/threadblock/default_epilogue_planar_complex.h'
adding 'fmha_sm100/cutlass/include/cutlass/epilogue/threadblock/default_epilogue_simt.h'
adding 'fmha_sm100/cutlass/include/cutlass/epilogue/threadblock/default_epilogue_tensor_op.h'
adding 'fmha_sm100/cutlass/include/cutlass/epilogue/threadblock/default_epilogue_tensor_op_blas3.h'
adding 'fmha_sm100/cutlass/include/cutlass/epilogue/threadblock/default_epilogue_volta_tensor_op.h'
adding 'fmha_sm100/cutlass/include/cutlass/epilogue/threadblock/default_epilogue_with_absmax.h'
adding 'fmha_sm100/cutlass/include/cutlass/epilogue/threadblock/default_epilogue_with_broadcast.h'
adding 'fmha_sm100/cutlass/include/cutlass/epilogue/threadblock/default_epilogue_with_reduction.h'
adding 'fmha_sm100/cutlass/include/cutlass/epilogue/threadblock/default_epilogue_wmma_tensor_op.h'
adding 'fmha_sm100/cutlass/include/cutlass/epilogue/threadblock/default_thread_map_simt.h'
adding 'fmha_sm100/cutlass/include/cutlass/epilogue/threadblock/default_thread_map_tensor_op.h'
adding 'fmha_sm100/cutlass/include/cutlass/epilogue/threadblock/default_thread_map_volta_tensor_op.h'
adding 'fmha_sm100/cutlass/include/cutlass/epilogue/threadblock/default_thread_map_wmma_tensor_op.h'
adding 'fmha_sm100/cutlass/include/cutlass/epilogue/threadblock/direct_store_epilogue_iterator.h'
adding 'fmha_sm100/cutlass/include/cutlass/epilogue/threadblock/epilogue.h'
adding 'fmha_sm100/cutlass/include/cutlass/epilogue/threadblock/epilogue_base.h'
adding 'fmha_sm100/cutlass/include/cutlass/epilogue/threadblock/epilogue_base_streamk.h'
adding 'fmha_sm100/cutlass/include/cutlass/epilogue/threadblock/epilogue_depthwise.h'
adding 'fmha_sm100/cutlass/include/cutlass/epilogue/threadblock/epilogue_direct_store.h'
adding 'fmha_sm100/cutlass/include/cutlass/epilogue/threadblock/epilogue_gemm_k_reduction.h'
adding 'fmha_sm100/cutlass/include/cutlass/epilogue/threadblock/epilogue_planar_complex.h'
adding 'fmha_sm100/cutlass/include/cutlass/epilogue/threadblock/epilogue_smem_accumulator.h'
adding 'fmha_sm100/cutlass/include/cutlass/epilogue/threadblock/epilogue_streamk_with_broadcast.h'
adding 'fmha_sm100/cutlass/include/cutlass/epilogue/threadblock/epilogue_visitor_with_softmax.h'
adding 'fmha_sm100/cutlass/include/cutlass/epilogue/threadblock/epilogue_with_absmax.h'
adding 'fmha_sm100/cutlass/include/cutlass/epilogue/threadblock/epilogue_with_broadcast.h'
adding 'fmha_sm100/cutlass/include/cutlass/epilogue/threadblock/epilogue_with_reduction.h'
adding 'fmha_sm100/cutlass/include/cutlass/epilogue/threadblock/epilogue_with_scaling_factor.h'
adding 'fmha_sm100/cutlass/include/cutlass/epilogue/threadblock/epilogue_with_visitor.h'
adding 'fmha_sm100/cutlass/include/cutlass/epilogue/threadblock/epilogue_with_visitor_callbacks.h'
adding 'fmha_sm100/cutlass/include/cutlass/epilogue/threadblock/epilogue_workspace.h'
adding 'fmha_sm100/cutlass/include/cutlass/epilogue/threadblock/interleaved_epilogue.h'
adding 'fmha_sm100/cutlass/include/cutlass/epilogue/threadblock/output_iterator_parameter.h'
adding 'fmha_sm100/cutlass/include/cutlass/epilogue/threadblock/output_tile_thread_map.h'
adding 'fmha_sm100/cutlass/include/cutlass/epilogue/threadblock/predicated_tile_iterator.h'
adding 'fmha_sm100/cutlass/include/cutlass/epilogue/threadblock/predicated_tile_iterator_affine.h'
adding 'fmha_sm100/cutlass/include/cutlass/epilogue/threadblock/predicated_tile_iterator_affine_layout_params.h'
adding 'fmha_sm100/cutlass/include/cutlass/epilogue/threadblock/predicated_tile_iterator_blas3.h'
adding 'fmha_sm100/cutlass/include/cutlass/epilogue/threadblock/predicated_tile_iterator_conv.h'
adding 'fmha_sm100/cutlass/include/cutlass/epilogue/threadblock/predicated_tile_iterator_direct_conv.h'
adding 'fmha_sm100/cutlass/include/cutlass/epilogue/threadblock/predicated_tile_iterator_params.h'
adding 'fmha_sm100/cutlass/include/cutlass/epilogue/threadblock/predicated_tile_iterator_predicates.h'
adding 'fmha_sm100/cutlass/include/cutlass/epilogue/threadblock/predicated_tile_iterator_strided_dgrad.h'
adding 'fmha_sm100/cutlass/include/cutlass/epilogue/threadblock/shared_load_iterator.h'
adding 'fmha_sm100/cutlass/include/cutlass/epilogue/threadblock/shared_load_iterator_mixed.h'
adding 'fmha_sm100/cutlass/include/cutlass/epilogue/threadblock/shared_load_iterator_pitch_linear.h'
adding 'fmha_sm100/cutlass/include/cutlass/epilogue/threadblock/fusion/visitor_2x.hpp'
adding 'fmha_sm100/cutlass/include/cutlass/epilogue/threadblock/fusion/visitor_compute.hpp'
adding 'fmha_sm100/cutlass/include/cutlass/epilogue/threadblock/fusion/visitor_load.hpp'
adding 'fmha_sm100/cutlass/include/cutlass/epilogue/threadblock/fusion/visitor_store.hpp'
adding 'fmha_sm100/cutlass/include/cutlass/epilogue/threadblock/fusion/visitors.hpp'
adding 'fmha_sm100/cutlass/include/cutlass/epilogue/warp/fragment_iterator_complex_tensor_op.h'
adding 'fmha_sm100/cutlass/include/cutlass/epilogue/warp/fragment_iterator_gaussian_complex_tensor_op.h'
adding 'fmha_sm100/cutlass/include/cutlass/epilogue/warp/fragment_iterator_simt.h'
adding 'fmha_sm100/cutlass/include/cutlass/epilogue/warp/fragment_iterator_tensor_op.h'
adding 'fmha_sm100/cutlass/include/cutlass/epilogue/warp/fragment_iterator_volta_tensor_op.h'
adding 'fmha_sm100/cutlass/include/cutlass/epilogue/warp/fragment_iterator_wmma_tensor_op.h'
adding 'fmha_sm100/cutlass/include/cutlass/epilogue/warp/simt_policy.h'
adding 'fmha_sm100/cutlass/include/cutlass/epilogue/warp/tensor_op_policy.h'
adding 'fmha_sm100/cutlass/include/cutlass/epilogue/warp/tile_iterator_simt.h'
adding 'fmha_sm100/cutlass/include/cutlass/epilogue/warp/tile_iterator_tensor_op.h'
adding 'fmha_sm100/cutlass/include/cutlass/epilogue/warp/tile_iterator_tensor_op_mixed.h'
adding 'fmha_sm100/cutlass/include/cutlass/epilogue/warp/tile_iterator_volta_tensor_op.h'
adding 'fmha_sm100/cutlass/include/cutlass/epilogue/warp/tile_iterator_wmma_tensor_op.h'
adding 'fmha_sm100/cutlass/include/cutlass/epilogue/warp/volta_tensor_op_policy.h'
adding 'fmha_sm100/cutlass/include/cutlass/epilogue/warp/wmma_tensor_op_policy.h'
adding 'fmha_sm100/cutlass/include/cutlass/experimental/distributed/device/detail.hpp'
adding 'fmha_sm100/cutlass/include/cutlass/experimental/distributed/device/dist_gemm_universal_wrapper.hpp'
adding 'fmha_sm100/cutlass/include/cutlass/experimental/distributed/device/full_barrier.hpp'
adding 'fmha_sm100/cutlass/include/cutlass/experimental/distributed/kernel/detail.hpp'
adding 'fmha_sm100/cutlass/include/cutlass/experimental/distributed/kernel/dist_gemm_kernel_wrapper.hpp'
adding 'fmha_sm100/cutlass/include/cutlass/experimental/distributed/kernel/full_barrier.hpp'
adding 'fmha_sm100/cutlass/include/cutlass/experimental/distributed/schedules/dist_gemm_1d_schedules.hpp'
adding 'fmha_sm100/cutlass/include/cutlass/experimental/distributed/schedules/dist_gemm_base_schedule.hpp'
adding 'fmha_sm100/cutlass/include/cutlass/gemm/dispatch_policy.hpp'
adding 'fmha_sm100/cutlass/include/cutlass/gemm/gemm.h'
adding 'fmha_sm100/cutlass/include/cutlass/gemm/gemm_enumerated_types.h'
adding 'fmha_sm100/cutlass/include/cutlass/gemm/group_array_problem_shape.hpp'
adding 'fmha_sm100/cutlass/include/cutlass/gemm/collective/collective_builder.hpp'
adding 'fmha_sm100/cutlass/include/cutlass/gemm/collective/collective_builder_decl.hpp'
adding 'fmha_sm100/cutlass/include/cutlass/gemm/collective/collective_mma.hpp'
adding 'fmha_sm100/cutlass/include/cutlass/gemm/collective/collective_mma_decl.hpp'
adding 'fmha_sm100/cutlass/include/cutlass/gemm/collective/fp8_accumulation.hpp'
adding 'fmha_sm100/cutlass/include/cutlass/gemm/collective/sm100_blockscaled_mma_array_warpspecialized.hpp'
adding 'fmha_sm100/cutlass/include/cutlass/gemm/collective/sm100_blockscaled_mma_array_warpspecialized_rcggemm.hpp'
adding 'fmha_sm100/cutlass/include/cutlass/gemm/collective/sm100_blockscaled_mma_mixed_tma_cpasync_warpspecialized.hpp'
adding 'fmha_sm100/cutlass/include/cutlass/gemm/collective/sm100_blockscaled_mma_warpspecialized.hpp'
adding 'fmha_sm100/cutlass/include/cutlass/gemm/collective/sm100_blockscaled_sparse_mma_warpspecialized.hpp'
adding 'fmha_sm100/cutlass/include/cutlass/gemm/collective/sm100_mma_array_warpspecialized.hpp'
adding 'fmha_sm100/cutlass/include/cutlass/gemm/collective/sm100_mma_array_warpspecialized_blockwise_scaling.hpp'
adding 'fmha_sm100/cutlass/include/cutlass/gemm/collective/sm100_mma_array_warpspecialized_emulated.hpp'
adding 'fmha_sm100/cutlass/include/cutlass/gemm/collective/sm100_mma_array_warpspecialized_interleaved_complex_emulated.hpp'
adding 'fmha_sm100/cutlass/include/cutlass/gemm/collective/sm100_mma_array_warpspecialized_interleaved_complex_tf32.hpp'
adding 'fmha_sm100/cutlass/include/cutlass/gemm/collective/sm100_mma_array_warpspecialized_planar_complex.hpp'
adding 'fmha_sm100/cutlass/include/cutlass/gemm/collective/sm100_mma_array_warpspecialized_rcggemm.hpp'
adding 'fmha_sm100/cutlass/include/cutlass/gemm/collective/sm100_mma_cpasync_warpspecialized.hpp'
adding 'fmha_sm100/cutlass/include/cutlass/gemm/collective/sm100_mma_mixed_tma_cpasync_warpspecialized.hpp'
adding 'fmha_sm100/cutlass/include/cutlass/gemm/collective/sm100_mma_warpspecialized.hpp'
adding 'fmha_sm100/cutlass/include/cutlass/gemm/collective/sm100_mma_warpspecialized_blockwise_scaling.hpp'
adding 'fmha_sm100/cutlass/include/cutlass/gemm/collective/sm100_mma_warpspecialized_emulated.hpp'
adding 'fmha_sm100/cutlass/include/cutlass/gemm/collective/sm100_mma_warpspecialized_interleaved_complex_emulated.hpp'
adding 'fmha_sm100/cutlass/include/cutlass/gemm/collective/sm100_mma_warpspecialized_interleaved_complex_tf32.hpp'
adding 'fmha_sm100/cutlass/include/cutlass/gemm/collective/sm100_mma_warpspecialized_mixed_input.hpp'
adding 'fmha_sm100/cutlass/include/cutlass/gemm/collective/sm100_mma_warpspecialized_planar_complex.hpp'
adding 'fmha_sm100/cutlass/include/cutlass/gemm/collective/sm100_sparse_mma_warpspecialized.hpp'
adding 'fmha_sm100/cutlass/include/cutlass/gemm/collective/sm103_blockscaled_mma_array_warpspecialized.hpp'
adding 'fmha_sm100/cutlass/include/cutlass/gemm/collective/sm103_blockscaled_mma_warpspecialized.hpp'
adding 'fmha_sm100/cutlass/include/cutlass/gemm/collective/sm107_blockscaled_mma_warpspecialized.hpp'
adding 'fmha_sm100/cutlass/include/cutlass/gemm/collective/sm107_mma_warpspecialized.hpp'
adding 'fmha_sm100/cutlass/include/cutlass/gemm/collective/sm120_blockscaled_mma_array_tma.hpp'
adding 'fmha_sm100/cutlass/include/cutlass/gemm/collective/sm120_blockscaled_mma_tma.hpp'
adding 'fmha_sm100/cutlass/include/cutlass/gemm/collective/sm120_blockscaled_sparse_mma_tma.hpp'
adding 'fmha_sm100/cutlass/include/cutlass/gemm/collective/sm120_mma_array_tma.hpp'
adding 'fmha_sm100/cutlass/include/cutlass/gemm/collective/sm120_mma_array_tma_blockwise_scaling.hpp'
adding 'fmha_sm100/cutlass/include/cutlass/gemm/collective/sm120_mma_tma.hpp'
adding 'fmha_sm100/cutlass/include/cutlass/gemm/collective/sm120_mma_tma_blockwise_scaling.hpp'
adding 'fmha_sm100/cutlass/include/cutlass/gemm/collective/sm120_sparse_mma_tma.hpp'
adding 'fmha_sm100/cutlass/include/cutlass/gemm/collective/sm70_mma_twostage.hpp'
adding 'fmha_sm100/cutlass/include/cutlass/gemm/collective/sm80_mma_array_multistage.hpp'
adding 'fmha_sm100/cutlass/include/cutlass/gemm/collective/sm80_mma_multistage.hpp'
adding 'fmha_sm100/cutlass/include/cutlass/gemm/collective/sm90_mma_array_tma_gmma_rs_warpspecialized_mixed_input.hpp'
adding 'fmha_sm100/cutlass/include/cutlass/gemm/collective/sm90_mma_array_tma_gmma_ss_warpspecialized.hpp'
adding 'fmha_sm100/cutlass/include/cutlass/gemm/collective/sm90_mma_array_tma_gmma_ss_warpspecialized_fp8.hpp'
adding 'fmha_sm100/cutlass/include/cutlass/gemm/collective/sm90_mma_array_tma_gmma_ss_warpspecialized_fp8_blockwise_scaling.hpp'
adding 'fmha_sm100/cutlass/include/cutlass/gemm/collective/sm90_mma_multistage_gmma_rs_warpspecialized.hpp'
adding 'fmha_sm100/cutlass/include/cutlass/gemm/collective/sm90_mma_multistage_gmma_ss_warpspecialized.hpp'
adding 'fmha_sm100/cutlass/include/cutlass/gemm/collective/sm90_mma_tma_gmma_rs_warpspecialized.hpp'
adding 'fmha_sm100/cutlass/include/cutlass/gemm/collective/sm90_mma_tma_gmma_rs_warpspecialized_mixed_input.hpp'
adding 'fmha_sm100/cutlass/include/cutlass/gemm/collective/sm90_mma_tma_gmma_ss.hpp'
adding 'fmha_sm100/cutlass/include/cutlass/gemm/collective/sm90_mma_tma_gmma_ss_warpspecialized.hpp'
adding 'fmha_sm100/cutlass/include/cutlass/gemm/collective/sm90_mma_tma_gmma_ss_warpspecialized_fp8.hpp'
adding 'fmha_sm100/cutlass/include/cutlass/gemm/collective/sm90_mma_tma_gmma_ss_warpspecialized_fp8_blockwise_scaling.hpp'
adding 'fmha_sm100/cutlass/include/cutlass/gemm/collective/sm90_sparse_mma_tma_gmma_ss_warpspecialized.hpp'
adding 'fmha_sm100/cutlass/include/cutlass/gemm/collective/sm90_sparse_mma_tma_gmma_ss_warpspecialized_fp8.hpp'
adding 'fmha_sm100/cutlass/include/cutlass/gemm/collective/builders/sm100_9xBF16_interleaved_complex_umma_builder.inl'
adding 'fmha_sm100/cutlass/include/cutlass/gemm/collective/builders/sm100_9xBF16_umma_builder.inl'
adding 'fmha_sm100/cutlass/include/cutlass/gemm/collective/builders/sm100_blockscaled_mixed_tma_cpasync_umma_builder.inl'
adding 'fmha_sm100/cutlass/include/cutlass/gemm/collective/builders/sm100_blockscaled_sparse_umma_builder.inl'
adding 'fmha_sm100/cutlass/include/cutlass/gemm/collective/builders/sm100_blockscaled_umma_builder.inl'
adding 'fmha_sm100/cutlass/include/cutlass/gemm/collective/builders/sm100_blockwise_umma_builder.inl'
adding 'fmha_sm100/cutlass/include/cutlass/gemm/collective/builders/sm100_common.inl'
adding 'fmha_sm100/cutlass/include/cutlass/gemm/collective/builders/sm100_cpasync_umma_builder.inl'
adding 'fmha_sm100/cutlass/include/cutlass/gemm/collective/builders/sm100_interleaved_complex_umma_builder.inl'
adding 'fmha_sm100/cutlass/include/cutlass/gemm/collective/builders/sm100_mixed_input_umma_builder.inl'
adding 'fmha_sm100/cutlass/include/cutlass/gemm/collective/builders/sm100_mixed_tma_cpasync_umma_builder.inl'
adding 'fmha_sm100/cutlass/include/cutlass/gemm/collective/builders/sm100_pipeline_carveout.inl'
adding 'fmha_sm100/cutlass/include/cutlass/gemm/collective/builders/sm100_planar_complex_umma_builder.inl'
adding 'fmha_sm100/cutlass/include/cutlass/gemm/collective/builders/sm100_simt_builder.inl'
adding 'fmha_sm100/cutlass/include/cutlass/gemm/collective/builders/sm100_sparse_umma_builder.inl'
adding 'fmha_sm100/cutlass/include/cutlass/gemm/collective/builders/sm100_umma_builder.inl'
adding 'fmha_sm100/cutlass/include/cutlass/gemm/collective/builders/sm103_blockscaled_umma_builder.inl'
adding 'fmha_sm100/cutlass/include/cutlass/gemm/collective/builders/sm107_blockscaled_umma_builder.inl'
adding 'fmha_sm100/cutlass/include/cutlass/gemm/collective/builders/sm107_common.inl'
adding 'fmha_sm100/cutlass/include/cutlass/gemm/collective/builders/sm107_sparse_config.inl'
adding 'fmha_sm100/cutlass/include/cutlass/gemm/collective/builders/sm107_umma_builder.inl'
adding 'fmha_sm100/cutlass/include/cutlass/gemm/collective/builders/sm120_array_mma_builder.inl'
adding 'fmha_sm100/cutlass/include/cutlass/gemm/collective/builders/sm120_blockscaled_mma_builder.inl'
adding 'fmha_sm100/cutlass/include/cutlass/gemm/collective/builders/sm120_blockscaled_sparse_mma_builder.inl'
adding 'fmha_sm100/cutlass/include/cutlass/gemm/collective/builders/sm120_blockwise_mma_builder.inl'
adding 'fmha_sm100/cutlass/include/cutlass/gemm/collective/builders/sm120_common.inl'
adding 'fmha_sm100/cutlass/include/cutlass/gemm/collective/builders/sm120_mma_builder.inl'
adding 'fmha_sm100/cutlass/include/cutlass/gemm/collective/builders/sm120_sparse_mma_builder.inl'
adding 'fmha_sm100/cutlass/include/cutlass/gemm/collective/builders/sm1xx_common.inl'
adding 'fmha_sm100/cutlass/include/cutlass/gemm/collective/builders/sm1xx_sparse_config.inl'
adding 'fmha_sm100/cutlass/include/cutlass/gemm/collective/builders/sm90_common.inl'
adding 'fmha_sm100/cutlass/include/cutlass/gemm/collective/builders/sm90_gmma_builder.inl'
adding 'fmha_sm100/cutlass/include/cutlass/gemm/collective/builders/sm90_sparse_config.inl'
adding 'fmha_sm100/cutlass/include/cutlass/gemm/collective/builders/sm90_sparse_gmma_builder.inl'
adding 'fmha_sm100/cutlass/include/cutlass/gemm/device/base_grouped.h'
adding 'fmha_sm100/cutlass/include/cutlass/gemm/device/default_gemm_configuration.h'
adding 'fmha_sm100/cutlass/include/cutlass/gemm/device/ell_gemm.h'
adding 'fmha_sm100/cutlass/include/cutlass/gemm/device/gemm.h'
adding 'fmha_sm100/cutlass/include/cutlass/gemm/device/gemm_array.h'
adding 'fmha_sm100/cutlass/include/cutlass/gemm/device/gemm_batched.h'
adding 'fmha_sm100/cutlass/include/cutlass/gemm/device/gemm_blockwise.h'
adding 'fmha_sm100/cutlass/include/cutlass/gemm/device/gemm_complex.h'
adding 'fmha_sm100/cutlass/include/cutlass/gemm/device/gemm_grouped.h'
adding 'fmha_sm100/cutlass/include/cutlass/gemm/device/gemm_layernorm_mainloop_fusion.h'
adding 'fmha_sm100/cutlass/include/cutlass/gemm/device/gemm_sparse.h'
adding 'fmha_sm100/cutlass/include/cutlass/gemm/device/gemm_sparse_universal.h'
adding 'fmha_sm100/cutlass/include/cutlass/gemm/device/gemm_sparse_universal_with_absmax.h'
adding 'fmha_sm100/cutlass/include/cutlass/gemm/device/gemm_sparse_with_absmax.h'
adding 'fmha_sm100/cutlass/include/cutlass/gemm/device/gemm_sparse_with_visitor.h'
adding 'fmha_sm100/cutlass/include/cutlass/gemm/device/gemm_splitk_parallel.h'
adding 'fmha_sm100/cutlass/include/cutlass/gemm/device/gemm_universal.h'
adding 'fmha_sm100/cutlass/include/cutlass/gemm/device/gemm_universal_adapter.h'
adding 'fmha_sm100/cutlass/include/cutlass/gemm/device/gemm_universal_base.h'
adding 'fmha_sm100/cutlass/include/cutlass/gemm/device/gemm_universal_streamk_with_broadcast.h'
adding 'fmha_sm100/cutlass/include/cutlass/gemm/device/gemm_universal_with_absmax.h'
adding 'fmha_sm100/cutlass/include/cutlass/gemm/device/gemm_universal_with_broadcast.h'
adding 'fmha_sm100/cutlass/include/cutlass/gemm/device/gemm_with_k_reduction.h'
adding 'fmha_sm100/cutlass/include/cutlass/gemm/device/gemv.h'
adding 'fmha_sm100/cutlass/include/cutlass/gemm/device/gemv_blockscaled.h'
adding 'fmha_sm100/cutlass/include/cutlass/gemm/device/rank_2k.h'
adding 'fmha_sm100/cutlass/include/cutlass/gemm/device/rank_2k_grouped.h'
adding 'fmha_sm100/cutlass/include/cutlass/gemm/device/rank_k.h'
adding 'fmha_sm100/cutlass/include/cutlass/gemm/device/symm.h'
adding 'fmha_sm100/cutlass/include/cutlass/gemm/device/trmm.h'
adding 'fmha_sm100/cutlass/include/cutlass/gemm/kernel/default_ell_gemm.h'
adding 'fmha_sm100/cutlass/include/cutlass/gemm/kernel/default_gemm.h'
adding 'fmha_sm100/cutlass/include/cutlass/gemm/kernel/default_gemm_complex.h'
adding 'fmha_sm100/cutlass/include/cutlass/gemm/kernel/default_gemm_grouped.h'
adding 'fmha_sm100/cutlass/include/cutlass/gemm/kernel/default_gemm_grouped_per_group_scale.h'
adding 'fmha_sm100/cutlass/include/cutlass/gemm/kernel/default_gemm_grouped_softmax_mainloop_fusion.h'
adding 'fmha_sm100/cutlass/include/cutlass/gemm/kernel/default_gemm_layernorm_mainloop_fusion.h'
adding 'fmha_sm100/cutlass/include/cutlass/gemm/kernel/default_gemm_planar_complex_universal.h'
adding 'fmha_sm100/cutlass/include/cutlass/gemm/kernel/default_gemm_sparse.h'
adding 'fmha_sm100/cutlass/include/cutlass/gemm/kernel/default_gemm_sparse_universal.h'
adding 'fmha_sm100/cutlass/include/cutlass/gemm/kernel/default_gemm_sparse_universal_with_absmax.h'
adding 'fmha_sm100/cutlass/include/cutlass/gemm/kernel/default_gemm_sparse_with_absmax.h'
adding 'fmha_sm100/cutlass/include/cutlass/gemm/kernel/default_gemm_sparse_with_visitor.h'
adding 'fmha_sm100/cutlass/include/cutlass/gemm/kernel/default_gemm_splitk_parallel.h'
adding 'fmha_sm100/cutlass/include/cutlass/gemm/kernel/default_gemm_streamk_with_broadcast.h'
adding 'fmha_sm100/cutlass/include/cutlass/gemm/kernel/default_gemm_universal.h'
adding 'fmha_sm100/cutlass/include/cutlass/gemm/kernel/default_gemm_universal_with_visitor.h'
adding 'fmha_sm100/cutlass/include/cutlass/gemm/kernel/default_gemm_with_absmax.h'
adding 'fmha_sm100/cutlass/include/cutlass/gemm/kernel/default_gemm_with_broadcast.h'
adding 'fmha_sm100/cutlass/include/cutlass/gemm/kernel/default_gemm_with_k_reduction.h'
adding 'fmha_sm100/cutlass/include/cutlass/gemm/kernel/default_gemm_with_reduction.h'
adding 'fmha_sm100/cutlass/include/cutlass/gemm/kernel/default_gemv.h'
adding 'fmha_sm100/cutlass/include/cutlass/gemm/kernel/default_rank_2k.h'
adding 'fmha_sm100/cutlass/include/cutlass/gemm/kernel/default_rank_2k_complex.h'
adding 'fmha_sm100/cutlass/include/cutlass/gemm/kernel/default_rank_2k_grouped.h'
adding 'fmha_sm100/cutlass/include/cutlass/gemm/kernel/default_rank_2k_universal.h'
adding 'fmha_sm100/cutlass/include/cutlass/gemm/kernel/default_rank_k.h'
adding 'fmha_sm100/cutlass/include/cutlass/gemm/kernel/default_rank_k_complex.h'
adding 'fmha_sm100/cutlass/include/cutlass/gemm/kernel/default_rank_k_universal.h'
adding 'fmha_sm100/cutlass/include/cutlass/gemm/kernel/default_symm.h'
adding 'fmha_sm100/cutlass/include/cutlass/gemm/kernel/default_symm_complex.h'
adding 'fmha_sm100/cutlass/include/cutlass/gemm/kernel/default_symm_universal.h'
adding 'fmha_sm100/cutlass/include/cutlass/gemm/kernel/default_trmm.h'
adding 'fmha_sm100/cutlass/include/cutlass/gemm/kernel/default_trmm_complex.h'
adding 'fmha_sm100/cutlass/include/cutlass/gemm/kernel/default_trmm_universal.h'
adding 'fmha_sm100/cutlass/include/cutlass/gemm/kernel/ell_gemm.h'
adding 'fmha_sm100/cutlass/include/cutlass/gemm/kernel/gemm.h'
adding 'fmha_sm100/cutlass/include/cutlass/gemm/kernel/gemm_array.h'
adding 'fmha_sm100/cutlass/include/cutlass/gemm/kernel/gemm_batched.h'
adding 'fmha_sm100/cutlass/include/cutlass/gemm/kernel/gemm_blockwise.h'
adding 'fmha_sm100/cutlass/include/cutlass/gemm/kernel/gemm_grouped.h'
adding 'fmha_sm100/cutlass/include/cutlass/gemm/kernel/gemm_grouped_per_group_scale.h'
adding 'fmha_sm100/cutlass/include/cutlass/gemm/kernel/gemm_grouped_problem_visitor.h'
adding 'fmha_sm100/cutlass/include/cutlass/gemm/kernel/gemm_grouped_softmax_mainloop_fusion.h'
adding 'fmha_sm100/cutlass/include/cutlass/gemm/kernel/gemm_layernorm_mainloop_fusion.h'
adding 'fmha_sm100/cutlass/include/cutlass/gemm/kernel/gemm_params.h'
adding 'fmha_sm100/cutlass/include/cutlass/gemm/kernel/gemm_pipelined.h'
adding 'fmha_sm100/cutlass/include/cutlass/gemm/kernel/gemm_planar_complex.h'
adding 'fmha_sm100/cutlass/include/cutlass/gemm/kernel/gemm_planar_complex_array.h'
adding 'fmha_sm100/cutlass/include/cutlass/gemm/kernel/gemm_sparse_universal.h'
adding 'fmha_sm100/cutlass/include/cutlass/gemm/kernel/gemm_sparse_universal_with_absmax.h'
adding 'fmha_sm100/cutlass/include/cutlass/gemm/kernel/gemm_splitk_parallel.h'
adding 'fmha_sm100/cutlass/include/cutlass/gemm/kernel/gemm_streamk_with_fused_epilogue.h'
adding 'fmha_sm100/cutlass/include/cutlass/gemm/kernel/gemm_transpose_operands.h'
adding 'fmha_sm100/cutlass/include/cutlass/gemm/kernel/gemm_universal.h'
adding 'fmha_sm100/cutlass/include/cutlass/gemm/kernel/gemm_universal.hpp'
adding 'fmha_sm100/cutlass/include/cutlass/gemm/kernel/gemm_universal_blockwise.h'
adding 'fmha_sm100/cutlass/include/cutlass/gemm/kernel/gemm_universal_decl.h'
adding 'fmha_sm100/cutlass/include/cutlass/gemm/kernel/gemm_universal_streamk.h'
adding 'fmha_sm100/cutlass/include/cutlass/gemm/kernel/gemm_universal_with_visitor.h'
adding 'fmha_sm100/cutlass/include/cutlass/gemm/kernel/gemm_universal_with_visitor_streamk.h'
adding 'fmha_sm100/cutlass/include/cutlass/gemm/kernel/gemm_with_absmax.h'
adding 'fmha_sm100/cutlass/include/cutlass/gemm/kernel/gemm_with_fused_epilogue.h'
adding 'fmha_sm100/cutlass/include/cutlass/gemm/kernel/gemm_with_k_reduction.h'
adding 'fmha_sm100/cutlass/include/cutlass/gemm/kernel/gemv.h'
adding 'fmha_sm100/cutlass/include/cutlass/gemm/kernel/gemv_batched_strided.h'
adding 'fmha_sm100/cutlass/include/cutlass/gemm/kernel/gemv_blockscaled.h'
adding 'fmha_sm100/cutlass/include/cutlass/gemm/kernel/grouped_problem_visitor.h'
adding 'fmha_sm100/cutlass/include/cutlass/gemm/kernel/params_sparse_base.h'
adding 'fmha_sm100/cutlass/include/cutlass/gemm/kernel/params_universal_base.h'
adding 'fmha_sm100/cutlass/include/cutlass/gemm/kernel/rank_2k_grouped.h'
adding 'fmha_sm100/cutlass/include/cutlass/gemm/kernel/rank_2k_grouped_problem_visitor.h'
adding 'fmha_sm100/cutlass/include/cutlass/gemm/kernel/rank_2k_transpose_operands.h'
adding 'fmha_sm100/cutlass/include/cutlass/gemm/kernel/rank_2k_universal.h'
adding 'fmha_sm100/cutlass/include/cutlass/gemm/kernel/rank_k_universal.h'
adding 'fmha_sm100/cutlass/include/cutlass/gemm/kernel/sm100_gemm_array_tma_warpspecialized.hpp'
adding 'fmha_sm100/cutlass/include/cutlass/gemm/kernel/sm100_gemm_array_tma_warpspecialized_input_transform.hpp'
adding 'fmha_sm100/cutlass/include/cutlass/gemm/kernel/sm100_gemm_array_tma_warpspecialized_mma_transform.hpp'
adding 'fmha_sm100/cutlass/include/cutlass/gemm/kernel/sm100_gemm_cpasync_warpspecialized.hpp'
adding 'fmha_sm100/cutlass/include/cutlass/gemm/kernel/sm100_gemm_mixed_tma_cpasync_warpspecialized.hpp'
adding 'fmha_sm100/cutlass/include/cutlass/gemm/kernel/sm100_gemm_tma_warpspecialized.hpp'
adding 'fmha_sm100/cutlass/include/cutlass/gemm/kernel/sm100_gemm_tma_warpspecialized_input_transform.hpp'
adding 'fmha_sm100/cutlass/include/cutlass/gemm/kernel/sm100_gemm_tma_warpspecialized_mixed_input_transform.hpp'
adding 'fmha_sm100/cutlass/include/cutlass/gemm/kernel/sm100_gemm_tma_warpspecialized_mma_transform.hpp'
adding 'fmha_sm100/cutlass/include/cutlass/gemm/kernel/sm100_sparse_gemm_tma_warpspecialized.hpp'
adding 'fmha_sm100/cutlass/include/cutlass/gemm/kernel/sm100_static_tile_scheduler.hpp'
adding 'fmha_sm100/cutlass/include/cutlass/gemm/kernel/sm100_tile_scheduler.hpp'
adding 'fmha_sm100/cutlass/include/cutlass/gemm/kernel/sm100_tile_scheduler_group.hpp'
adding 'fmha_sm100/cutlass/include/cutlass/gemm/kernel/sm100_tile_scheduler_stream_k.hpp'
adding 'fmha_sm100/cutlass/include/cutlass/gemm/kernel/sm103_blockscaled_gemm_array_tma_warpspecialized.hpp'
adding 'fmha_sm100/cutlass/include/cutlass/gemm/kernel/sm103_blockscaled_gemm_tma_warpspecialized.hpp'
adding 'fmha_sm100/cutlass/include/cutlass/gemm/kernel/sm107_gemm_tma_warpspecialized.hpp'
adding 'fmha_sm100/cutlass/include/cutlass/gemm/kernel/sm120_gemm_tma_warpspecialized_cooperative_asymmetric_dma.hpp'
adding 'fmha_sm100/cutlass/include/cutlass/gemm/kernel/sm70_gemm.hpp'
adding 'fmha_sm100/cutlass/include/cutlass/gemm/kernel/sm70_gemm_array.hpp'
adding 'fmha_sm100/cutlass/include/cutlass/gemm/kernel/sm90_gemm_array_tma_warpspecialized_cooperative.hpp'
adding 'fmha_sm100/cutlass/include/cutlass/gemm/kernel/sm90_gemm_array_tma_warpspecialized_pingpong.hpp'
adding 'fmha_sm100/cutlass/include/cutlass/gemm/kernel/sm90_gemm_tma.hpp'
adding 'fmha_sm100/cutlass/include/cutlass/gemm/kernel/sm90_gemm_tma_warpspecialized.hpp'
adding 'fmha_sm100/cutlass/include/cutlass/gemm/kernel/sm90_gemm_tma_warpspecialized_cooperative.hpp'
adding 'fmha_sm100/cutlass/include/cutlass/gemm/kernel/sm90_gemm_tma_warpspecialized_pingpong.hpp'
adding 'fmha_sm100/cutlass/include/cutlass/gemm/kernel/sm90_gemm_warpspecialized.hpp'
adding 'fmha_sm100/cutlass/include/cutlass/gemm/kernel/sm90_gemm_warpspecialized_cooperative.hpp'
adding 'fmha_sm100/cutlass/include/cutlass/gemm/kernel/sm90_gemm_warpspecialized_pingpong.hpp'
adding 'fmha_sm100/cutlass/include/cutlass/gemm/kernel/sm90_tile_scheduler.hpp'
adding 'fmha_sm100/cutlass/include/cutlass/gemm/kernel/sm90_tile_scheduler_group.hpp'
adding 'fmha_sm100/cutlass/include/cutlass/gemm/kernel/sm90_tile_scheduler_stream_k.hpp'
adding 'fmha_sm100/cutlass/include/cutlass/gemm/kernel/sparse_gemm.h'
adding 'fmha_sm100/cutlass/include/cutlass/gemm/kernel/sparse_gemm_with_absmax.h'
adding 'fmha_sm100/cutlass/include/cutlass/gemm/kernel/sparse_gemm_with_visitor.h'
adding 'fmha_sm100/cutlass/include/cutlass/gemm/kernel/static_tile_scheduler.hpp'
adding 'fmha_sm100/cutlass/include/cutlass/gemm/kernel/symm_universal.h'
adding 'fmha_sm100/cutlass/include/cutlass/gemm/kernel/tile_scheduler.hpp'
adding 'fmha_sm100/cutlass/include/cutlass/gemm/kernel/tile_scheduler_detail.hpp'
adding 'fmha_sm100/cutlass/include/cutlass/gemm/kernel/tile_scheduler_params.h'
adding 'fmha_sm100/cutlass/include/cutlass/gemm/kernel/trmm_universal.h'
adding 'fmha_sm100/cutlass/include/cutlass/gemm/thread/mma.h'
adding 'fmha_sm100/cutlass/include/cutlass/gemm/thread/mma_sm50.h'
adding 'fmha_sm100/cutlass/include/cutlass/gemm/thread/mma_sm60.h'
adding 'fmha_sm100/cutlass/include/cutlass/gemm/thread/mma_sm61.h'
adding 'fmha_sm100/cutlass/include/cutlass/gemm/threadblock/default_ell_mma.h'
adding 'fmha_sm100/cutlass/include/cutlass/gemm/threadblock/default_gemv_core.h'
adding 'fmha_sm100/cutlass/include/cutlass/gemm/threadblock/default_mma.h'
adding 'fmha_sm100/cutlass/include/cutlass/gemm/threadblock/default_mma_core.h'
adding 'fmha_sm100/cutlass/include/cutlass/gemm/threadblock/default_mma_core_simt.h'
adding 'fmha_sm100/cutlass/include/cutlass/gemm/threadblock/default_mma_core_sm70.h'
adding 'fmha_sm100/cutlass/include/cutlass/gemm/threadblock/default_mma_core_sm75.h'
adding 'fmha_sm100/cutlass/include/cutlass/gemm/threadblock/default_mma_core_sm80.h'
adding 'fmha_sm100/cutlass/include/cutlass/gemm/threadblock/default_mma_core_sparse_sm80.h'
adding 'fmha_sm100/cutlass/include/cutlass/gemm/threadblock/default_mma_core_with_access_size.h'
adding 'fmha_sm100/cutlass/include/cutlass/gemm/threadblock/default_mma_core_with_reduction.h'
adding 'fmha_sm100/cutlass/include/cutlass/gemm/threadblock/default_mma_core_wmma.h'
adding 'fmha_sm100/cutlass/include/cutlass/gemm/threadblock/default_mma_layernorm_mainloop_fusion.h'
adding 'fmha_sm100/cutlass/include/cutlass/gemm/threadblock/default_mma_multistage_blockwise.h'
adding 'fmha_sm100/cutlass/include/cutlass/gemm/threadblock/default_mma_planar_complex_multistage.h'
adding 'fmha_sm100/cutlass/include/cutlass/gemm/threadblock/default_mma_planar_complex_pipelined.h'
adding 'fmha_sm100/cutlass/include/cutlass/gemm/threadblock/default_mma_softmax_mainloop_fusion.h'
adding 'fmha_sm100/cutlass/include/cutlass/gemm/threadblock/default_mma_with_reduction.h'
adding 'fmha_sm100/cutlass/include/cutlass/gemm/threadblock/default_multistage_mma_complex.h'
adding 'fmha_sm100/cutlass/include/cutlass/gemm/threadblock/default_multistage_mma_complex_core.h'
adding 'fmha_sm100/cutlass/include/cutlass/gemm/threadblock/default_multistage_mma_complex_core_sm80.h'
adding 'fmha_sm100/cutlass/include/cutlass/gemm/threadblock/default_multistage_trmm_complex.h'
adding 'fmha_sm100/cutlass/include/cutlass/gemm/threadblock/default_sparse_mma.h'
adding 'fmha_sm100/cutlass/include/cutlass/gemm/threadblock/default_trmm.h'
adding 'fmha_sm100/cutlass/include/cutlass/gemm/threadblock/ell_mma_multistage.h'
adding 'fmha_sm100/cutlass/include/cutlass/gemm/threadblock/ell_mma_pipelined.h'
adding 'fmha_sm100/cutlass/include/cutlass/gemm/threadblock/gemv.h'
adding 'fmha_sm100/cutlass/include/cutlass/gemm/threadblock/index_remat.h'
adding 'fmha_sm100/cutlass/include/cutlass/gemm/threadblock/mma_base.h'
adding 'fmha_sm100/cutlass/include/cutlass/gemm/threadblock/mma_blas3_multistage.h'
adding 'fmha_sm100/cutlass/include/cutlass/gemm/threadblock/mma_layernorm_mainloop_fusion_multistage.h'
adding 'fmha_sm100/cutlass/include/cutlass/gemm/threadblock/mma_multistage.h'
adding 'fmha_sm100/cutlass/include/cutlass/gemm/threadblock/mma_multistage_blockwise.h'
adding 'fmha_sm100/cutlass/include/cutlass/gemm/threadblock/mma_pipelined.h'
adding 'fmha_sm100/cutlass/include/cutlass/gemm/threadblock/mma_planar_complex_base.h'
adding 'fmha_sm100/cutlass/include/cutlass/gemm/threadblock/mma_planar_complex_multistage.h'
adding 'fmha_sm100/cutlass/include/cutlass/gemm/threadblock/mma_planar_complex_pipelined.h'
adding 'fmha_sm100/cutlass/include/cutlass/gemm/threadblock/mma_singlestage.h'
adding 'fmha_sm100/cutlass/include/cutlass/gemm/threadblock/mma_softmax_mainloop_fusion_multistage.h'
adding 'fmha_sm100/cutlass/include/cutlass/gemm/threadblock/mma_sparse_base.h'
adding 'fmha_sm100/cutlass/include/cutlass/gemm/threadblock/mma_sparse_multistage.h'
adding 'fmha_sm100/cutlass/include/cutlass/gemm/threadblock/mma_with_reduction_multistage.h'
adding 'fmha_sm100/cutlass/include/cutlass/gemm/threadblock/threadblock_swizzle.h'
adding 'fmha_sm100/cutlass/include/cutlass/gemm/threadblock/threadblock_swizzle_streamk.h'
adding 'fmha_sm100/cutlass/include/cutlass/gemm/warp/default_mma_complex_tensor_op.h'
adding 'fmha_sm100/cutlass/include/cutlass/gemm/warp/default_mma_sparse_tensor_op.h'
adding 'fmha_sm100/cutlass/include/cutlass/gemm/warp/default_mma_tensor_op.h'
adding 'fmha_sm100/cutlass/include/cutlass/gemm/warp/default_mma_tensor_op_sm80.h'
adding 'fmha_sm100/cutlass/include/cutlass/gemm/warp/default_mma_with_reduction_tensor_op.h'
adding 'fmha_sm100/cutlass/include/cutlass/gemm/warp/default_mma_wmma_tensor_op.h'
adding 'fmha_sm100/cutlass/include/cutlass/gemm/warp/layernorm_scale_bias_transform.h'
adding 'fmha_sm100/cutlass/include/cutlass/gemm/warp/mma.h'
adding 'fmha_sm100/cutlass/include/cutlass/gemm/warp/mma_complex_tensor_op.h'
adding 'fmha_sm100/cutlass/include/cutlass/gemm/warp/mma_complex_tensor_op_fast_f32.h'
adding 'fmha_sm100/cutlass/include/cutlass/gemm/warp/mma_complex_tensor_op_tile_iterator_sm80.h'
adding 'fmha_sm100/cutlass/include/cutlass/gemm/warp/mma_gaussian_complex_tensor_op.h'
adding 'fmha_sm100/cutlass/include/cutlass/gemm/warp/mma_gaussian_complex_tensor_op_tile_iterator_sm80.h'
adding 'fmha_sm100/cutlass/include/cutlass/gemm/warp/mma_mixed_input_tensor_op.h'
adding 'fmha_sm100/cutlass/include/cutlass/gemm/warp/mma_planar_complex.h'
adding 'fmha_sm100/cutlass/include/cutlass/gemm/warp/mma_simt.h'
adding 'fmha_sm100/cutlass/include/cutlass/gemm/warp/mma_simt_policy.h'
adding 'fmha_sm100/cutlass/include/cutlass/gemm/warp/mma_simt_tile_iterator.h'
adding 'fmha_sm100/cutlass/include/cutlass/gemm/warp/mma_sparse_tensor_op.h'
adding 'fmha_sm100/cutlass/include/cutlass/gemm/warp/mma_tensor_op.h'
adding 'fmha_sm100/cutlass/include/cutlass/gemm/warp/mma_tensor_op_fast_f32.h'
adding 'fmha_sm100/cutlass/include/cutlass/gemm/warp/mma_tensor_op_fragment_iterator.h'
adding 'fmha_sm100/cutlass/include/cutlass/gemm/warp/mma_tensor_op_policy.h'
adding 'fmha_sm100/cutlass/include/cutlass/gemm/warp/mma_tensor_op_sm70.h'
adding 'fmha_sm100/cutlass/include/cutlass/gemm/warp/mma_tensor_op_tile_access_iterator.h'
adding 'fmha_sm100/cutlass/include/cutlass/gemm/warp/mma_tensor_op_tile_iterator.h'
adding 'fmha_sm100/cutlass/include/cutlass/gemm/warp/mma_tensor_op_tile_iterator_sm70.h'
adding 'fmha_sm100/cutlass/include/cutlass/gemm/warp/mma_tensor_op_tile_iterator_sm80.h'
adding 'fmha_sm100/cutlass/include/cutlass/gemm/warp/mma_tensor_op_tile_iterator_sparse.h'
adding 'fmha_sm100/cutlass/include/cutlass/gemm/warp/mma_tensor_op_tile_iterator_wmma.h'
adding 'fmha_sm100/cutlass/include/cutlass/gemm/warp/mma_tensor_op_wmma.h'
adding 'fmha_sm100/cutlass/include/cutlass/gemm/warp/mma_with_reduction_tensor_op.h'
adding 'fmha_sm100/cutlass/include/cutlass/gemm/warp/scale_bias_tile_iterator.h'
adding 'fmha_sm100/cutlass/include/cutlass/gemm/warp/softmax_scale_bias_transform.h'
adding 'fmha_sm100/cutlass/include/cutlass/gemm/warp/tile_iterator_planar_complex.h'
adding 'fmha_sm100/cutlass/include/cutlass/layout/layout.h'
adding 'fmha_sm100/cutlass/include/cutlass/layout/matrix.h'
adding 'fmha_sm100/cutlass/include/cutlass/layout/permute.h'
adding 'fmha_sm100/cutlass/include/cutlass/layout/pitch_linear.h'
adding 'fmha_sm100/cutlass/include/cutlass/layout/tensor.h'
adding 'fmha_sm100/cutlass/include/cutlass/layout/tensor_op_multiplicand_sm70.h'
adding 'fmha_sm100/cutlass/include/cutlass/layout/tensor_op_multiplicand_sm75.h'
adding 'fmha_sm100/cutlass/include/cutlass/layout/tensor_op_multiplicand_sm80.h'
adding 'fmha_sm100/cutlass/include/cutlass/layout/vector.h'
adding 'fmha_sm100/cutlass/include/cutlass/pipeline/pipeline.hpp'
adding 'fmha_sm100/cutlass/include/cutlass/pipeline/sm100_pipeline.hpp'
adding 'fmha_sm100/cutlass/include/cutlass/pipeline/sm90_pipeline.hpp'
adding 'fmha_sm100/cutlass/include/cutlass/platform/platform.h'
adding 'fmha_sm100/cutlass/include/cutlass/reduction/threadblock_swizzle.h'
adding 'fmha_sm100/cutlass/include/cutlass/reduction/device/reduce_split_k.h'
adding 'fmha_sm100/cutlass/include/cutlass/reduction/device/tensor_reduce.h'
adding 'fmha_sm100/cutlass/include/cutlass/reduction/device/tensor_reduce_affine_contiguous.h'
adding 'fmha_sm100/cutlass/include/cutlass/reduction/device/tensor_reduce_affine_strided.h'
adding 'fmha_sm100/cutlass/include/cutlass/reduction/kernel/reduce_softmax_final.h'
adding 'fmha_sm100/cutlass/include/cutlass/reduction/kernel/reduce_split_k.h'
adding 'fmha_sm100/cutlass/include/cutlass/reduction/kernel/tensor_reduce_affine_contiguous.h'
adding 'fmha_sm100/cutlass/include/cutlass/reduction/kernel/tensor_reduce_affine_strided.h'
adding 'fmha_sm100/cutlass/include/cutlass/reduction/thread/reduce.h'
adding 'fmha_sm100/cutlass/include/cutlass/reduction/thread/reduction_operators.h'
adding 'fmha_sm100/cutlass/include/cutlass/thread/matrix.h'
adding 'fmha_sm100/cutlass/include/cutlass/transform/pitch_linear_thread_map.h'
adding 'fmha_sm100/cutlass/include/cutlass/transform/collective/sm90_wgmma_transpose.hpp'
adding 'fmha_sm100/cutlass/include/cutlass/transform/device/transform_universal_adapter.hpp'
adding 'fmha_sm100/cutlass/include/cutlass/transform/kernel/filter_format_transformer.hpp'
adding 'fmha_sm100/cutlass/include/cutlass/transform/kernel/sm90_sparse_gemm_compressor.hpp'
adding 'fmha_sm100/cutlass/include/cutlass/transform/kernel/sparse_gemm_compressor.hpp'
adding 'fmha_sm100/cutlass/include/cutlass/transform/thread/transpose.h'
adding 'fmha_sm100/cutlass/include/cutlass/transform/thread/unary_op.h'
adding 'fmha_sm100/cutlass/include/cutlass/transform/threadblock/ell_iterator.h'
adding 'fmha_sm100/cutlass/include/cutlass/transform/threadblock/ell_predicated_tile_access_iterator.h'
adding 'fmha_sm100/cutlass/include/cutlass/transform/threadblock/ell_predicated_tile_iterator.h'
adding 'fmha_sm100/cutlass/include/cutlass/transform/threadblock/predicated_scale_bias_vector_access_iterator.h'
adding 'fmha_sm100/cutlass/include/cutlass/transform/threadblock/predicated_scale_bias_vector_iterator.h'
adding 'fmha_sm100/cutlass/include/cutlass/transform/threadblock/predicated_tile_access_iterator.h'
adding 'fmha_sm100/cutlass/include/cutlass/transform/threadblock/predicated_tile_access_iterator_2dthreadtile.h'
adding 'fmha_sm100/cutlass/include/cutlass/transform/threadblock/predicated_tile_access_iterator_params.h'
adding 'fmha_sm100/cutlass/include/cutlass/transform/threadblock/predicated_tile_access_iterator_triangular_matrix.h'
adding 'fmha_sm100/cutlass/include/cutlass/transform/threadblock/predicated_tile_iterator.h'
adding 'fmha_sm100/cutlass/include/cutlass/transform/threadblock/predicated_tile_iterator_2dthreadtile.h'
adding 'fmha_sm100/cutlass/include/cutlass/transform/threadblock/predicated_tile_iterator_triangular_matrix.h'
adding 'fmha_sm100/cutlass/include/cutlass/transform/threadblock/predicated_vector_access_iterator.h'
adding 'fmha_sm100/cutlass/include/cutlass/transform/threadblock/regular_scale_bias_vector_access_iterator.h'
adding 'fmha_sm100/cutlass/include/cutlass/transform/threadblock/regular_tile_access_iterator.h'
adding 'fmha_sm100/cutlass/include/cutlass/transform/threadblock/regular_tile_access_iterator_pitch_linear.h'
adding 'fmha_sm100/cutlass/include/cutlass/transform/threadblock/regular_tile_access_iterator_pitch_linear_direct_conv.h'
adding 'fmha_sm100/cutlass/include/cutlass/transform/threadblock/regular_tile_access_iterator_tensor_op.h'
adding 'fmha_sm100/cutlass/include/cutlass/transform/threadblock/regular_tile_access_iterator_tensor_op_sm80.h'
adding 'fmha_sm100/cutlass/include/cutlass/transform/threadblock/regular_tile_iterator.h'
adding 'fmha_sm100/cutlass/include/cutlass/transform/threadblock/regular_tile_iterator_pitch_linear.h'
adding 'fmha_sm100/cutlass/include/cutlass/transform/threadblock/regular_tile_iterator_pitch_linear_2dthreadtile.h'
adding 'fmha_sm100/cutlass/include/cutlass/transform/threadblock/regular_tile_iterator_tensor_op.h'
adding 'fmha_sm100/cutlass/include/cutlass/transform/threadblock/regular_tile_iterator_tensor_op_sm70.h'
adding 'fmha_sm100/cutlass/include/cutlass/transform/threadblock/vector_iterator.h'
adding 'fmha_sm100/cutlass/include/cutlass/transform/warp/vector_fragment_iterator.h'
adding 'fmha_sm100/cutlass/tools/util/include/cutlass/util/GPU_Clock.hpp'
adding 'fmha_sm100/cutlass/tools/util/include/cutlass/util/command_line.h'
adding 'fmha_sm100/cutlass/tools/util/include/cutlass/util/cublas_wrappers.hpp'
adding 'fmha_sm100/cutlass/tools/util/include/cutlass/util/debug.h'
adding 'fmha_sm100/cutlass/tools/util/include/cutlass/util/device_dump.h'
adding 'fmha_sm100/cutlass/tools/util/include/cutlass/util/device_groupnorm.h'
adding 'fmha_sm100/cutlass/tools/util/include/cutlass/util/device_layernorm.h'
adding 'fmha_sm100/cutlass/tools/util/include/cutlass/util/device_memory.h'
adding 'fmha_sm100/cutlass/tools/util/include/cutlass/util/device_nchw_to_nhwc.h'
adding 'fmha_sm100/cutlass/tools/util/include/cutlass/util/device_nhwc_padding.h'
adding 'fmha_sm100/cutlass/tools/util/include/cutlass/util/device_nhwc_pooling.h'
adding 'fmha_sm100/cutlass/tools/util/include/cutlass/util/device_nhwc_to_nchw.h'
adding 'fmha_sm100/cutlass/tools/util/include/cutlass/util/device_rmsnorm.h'
adding 'fmha_sm100/cutlass/tools/util/include/cutlass/util/device_utils.h'
adding 'fmha_sm100/cutlass/tools/util/include/cutlass/util/distribution.h'
adding 'fmha_sm100/cutlass/tools/util/include/cutlass/util/exceptions.h'
adding 'fmha_sm100/cutlass/tools/util/include/cutlass/util/gett_commandline.hpp'
adding 'fmha_sm100/cutlass/tools/util/include/cutlass/util/helper_cuda.hpp'
adding 'fmha_sm100/cutlass/tools/util/include/cutlass/util/host_reorder.h'
adding 'fmha_sm100/cutlass/tools/util/include/cutlass/util/host_tensor.h'
adding 'fmha_sm100/cutlass/tools/util/include/cutlass/util/host_tensor_planar_complex.h'
adding 'fmha_sm100/cutlass/tools/util/include/cutlass/util/host_uncompress.h'
adding 'fmha_sm100/cutlass/tools/util/include/cutlass/util/index_sequence.h'
adding 'fmha_sm100/cutlass/tools/util/include/cutlass/util/mixed_dtype_utils.hpp'
adding 'fmha_sm100/cutlass/tools/util/include/cutlass/util/packed_stride.hpp'
adding 'fmha_sm100/cutlass/tools/util/include/cutlass/util/print_error.hpp'
adding 'fmha_sm100/cutlass/tools/util/include/cutlass/util/tensor_view_io.h'
adding 'fmha_sm100/cutlass/tools/util/include/cutlass/util/type_traits.h'
adding 'fmha_sm100/cutlass/tools/util/include/cutlass/util/reference/detail/inner_product.h'
adding 'fmha_sm100/cutlass/tools/util/include/cutlass/util/reference/detail/linear_to_coordinate.h'
adding 'fmha_sm100/cutlass/tools/util/include/cutlass/util/reference/device/convolution.h'
adding 'fmha_sm100/cutlass/tools/util/include/cutlass/util/reference/device/gemm.h'
adding 'fmha_sm100/cutlass/tools/util/include/cutlass/util/reference/device/gemm_complex.h'
adding 'fmha_sm100/cutlass/tools/util/include/cutlass/util/reference/device/gemm_planar_complex.h'
adding 'fmha_sm100/cutlass/tools/util/include/cutlass/util/reference/device/gett.hpp'
adding 'fmha_sm100/cutlass/tools/util/include/cutlass/util/reference/device/rank_2k_complex.h'
adding 'fmha_sm100/cutlass/tools/util/include/cutlass/util/reference/device/tensor_compare.h'
adding 'fmha_sm100/cutlass/tools/util/include/cutlass/util/reference/device/tensor_fill.h'
adding 'fmha_sm100/cutlass/tools/util/include/cutlass/util/reference/device/tensor_foreach.h'
adding 'fmha_sm100/cutlass/tools/util/include/cutlass/util/reference/device/tensor_reduce.h'
adding 'fmha_sm100/cutlass/tools/util/include/cutlass/util/reference/device/tensor_relu.h'
adding 'fmha_sm100/cutlass/tools/util/include/cutlass/util/reference/device/kernel/gemm.h'
adding 'fmha_sm100/cutlass/tools/util/include/cutlass/util/reference/device/kernel/tensor_elementwise.h'
adding 'fmha_sm100/cutlass/tools/util/include/cutlass/util/reference/device/kernel/tensor_foreach.h'
adding 'fmha_sm100/cutlass/tools/util/include/cutlass/util/reference/device/thread/gemm.h'
adding 'fmha_sm100/cutlass/tools/util/include/cutlass/util/reference/host/conv.hpp'
adding 'fmha_sm100/cutlass/tools/util/include/cutlass/util/reference/host/convolution.h'
adding 'fmha_sm100/cutlass/tools/util/include/cutlass/util/reference/host/error_metrics.h'
adding 'fmha_sm100/cutlass/tools/util/include/cutlass/util/reference/host/gemm.h'
adding 'fmha_sm100/cutlass/tools/util/include/cutlass/util/reference/host/gemm_complex.h'
adding 'fmha_sm100/cutlass/tools/util/include/cutlass/util/reference/host/gemm_planar_complex.h'
adding 'fmha_sm100/cutlass/tools/util/include/cutlass/util/reference/host/gett.hpp'
adding 'fmha_sm100/cutlass/tools/util/include/cutlass/util/reference/host/rank_2k.h'
adding 'fmha_sm100/cutlass/tools/util/include/cutlass/util/reference/host/rank_2k_complex.h'
adding 'fmha_sm100/cutlass/tools/util/include/cutlass/util/reference/host/rank_k_complex.h'
adding 'fmha_sm100/cutlass/tools/util/include/cutlass/util/reference/host/symm.h'
adding 'fmha_sm100/cutlass/tools/util/include/cutlass/util/reference/host/symm_complex.h'
adding 'fmha_sm100/cutlass/tools/util/include/cutlass/util/reference/host/tensor_compare.h'
adding 'fmha_sm100/cutlass/tools/util/include/cutlass/util/reference/host/tensor_compare.hpp'
adding 'fmha_sm100/cutlass/tools/util/include/cutlass/util/reference/host/tensor_copy.h'
adding 'fmha_sm100/cutlass/tools/util/include/cutlass/util/reference/host/tensor_elementwise.h'
adding 'fmha_sm100/cutlass/tools/util/include/cutlass/util/reference/host/tensor_fill.h'
adding 'fmha_sm100/cutlass/tools/util/include/cutlass/util/reference/host/tensor_fill.hpp'
adding 'fmha_sm100/cutlass/tools/util/include/cutlass/util/reference/host/tensor_foreach.h'
adding 'fmha_sm100/cutlass/tools/util/include/cutlass/util/reference/host/tensor_norm.h'
adding 'fmha_sm100/cutlass/tools/util/include/cutlass/util/reference/host/tensor_reduce.h'
adding 'fmha_sm100/cutlass/tools/util/include/cutlass/util/reference/host/tensor_reduce.hpp'
adding 'fmha_sm100/cutlass/tools/util/include/cutlass/util/reference/host/trmm.h'
adding 'fmha_sm100/cutlass/tools/util/include/cutlass/util/reference/host/trmm_complex.h'
adding 'fmha_sm100/decode_q8kv4/__init__.py'
adding 'fmha_sm100/decode_q8kv4/_build_utils.py'
adding 'fmha_sm100/decode_q8kv4/build.py'
adding 'fmha_sm100/decode_q8kv4/interface.py'
adding 'fmha_sm100/decode_q8kv4/jit.py'
adding 'fmha_sm100/decode_q8kv4/csrc/api/decode_attention_api.cpp'
adding 'fmha_sm100/decode_q8kv4/csrc/api/decode_attention_api.hpp'
adding 'fmha_sm100/decode_q8kv4/csrc/api/decode_attention_binding.cpp'
adding 'fmha_sm100/decode_q8kv4/csrc/include/sm100/collective/sm100_fmha_correction_tma_warpspecialized.hpp'
adding 'fmha_sm100/decode_q8kv4/csrc/include/sm100/collective/sm100_fmha_fp4_transform.cuh'
adding 'fmha_sm100/decode_q8kv4/csrc/include/sm100/collective/sm100_fmha_fwd_epilogue_tma_warpspecialized.hpp'
adding 'fmha_sm100/decode_q8kv4/csrc/include/sm100/collective/sm100_fmha_fwd_mainloop_tma_warpspecialized.hpp'
adding 'fmha_sm100/decode_q8kv4/csrc/include/sm100/collective/sm100_fmha_kv_transform_tma_warpspecialized.hpp'
adding 'fmha_sm100/decode_q8kv4/csrc/include/sm100/collective/sm100_fmha_load_tma_warpspecialized.hpp'
adding 'fmha_sm100/decode_q8kv4/csrc/include/sm100/collective/sm100_fmha_mma_tma_warpspecialized.hpp'
adding 'fmha_sm100/decode_q8kv4/csrc/include/sm100/collective/sm100_fmha_page_offsets_tma_warpspecialized.hpp'
adding 'fmha_sm100/decode_q8kv4/csrc/include/sm100/collective/sm100_fmha_pipeline.hpp'
adding 'fmha_sm100/decode_q8kv4/csrc/include/sm100/collective/sm100_fmha_selection_ring.hpp'
adding 'fmha_sm100/decode_q8kv4/csrc/include/sm100/collective/sm100_fmha_softmax_tma_warpspecialized.hpp'
adding 'fmha_sm100/decode_q8kv4/csrc/include/sm100/collective/sm100_fmha_storage.hpp'
adding 'fmha_sm100/decode_q8kv4/csrc/include/sm100/common/decode_attention_params.hpp'
adding 'fmha_sm100/decode_q8kv4/csrc/include/sm100/common/exception.hpp'
adding 'fmha_sm100/decode_q8kv4/csrc/include/sm100/common/fmha_common.hpp'
adding 'fmha_sm100/decode_q8kv4/csrc/include/sm100/common/fmha_fusion.hpp'
adding 'fmha_sm100/decode_q8kv4/csrc/include/sm100/common/fmha_options.hpp'
adding 'fmha_sm100/decode_q8kv4/csrc/include/sm100/common/fmha_tile_scheduler.hpp'
adding 'fmha_sm100/decode_q8kv4/csrc/include/sm100/common/nvfp4_to_e4m3.cuh'
adding 'fmha_sm100/decode_q8kv4/csrc/include/sm100/common/sm100_fmha_q8kv4_traits.hpp'
adding 'fmha_sm100/decode_q8kv4/csrc/include/sm100/common/sm100_mma_n8.hpp'
adding 'fmha_sm100/decode_q8kv4/csrc/include/sm100/common/tvm_ffi_utils.hpp'
adding 'fmha_sm100/decode_q8kv4/csrc/include/sm100/common/utils.cuh'
adding 'fmha_sm100/decode_q8kv4/csrc/include/sm100/device/decode_attention_plan.hpp'
adding 'fmha_sm100/decode_q8kv4/csrc/include/sm100/device/decode_attention_reduction.hpp'
adding 'fmha_sm100/decode_q8kv4/csrc/include/sm100/device/fmha.hpp'
adding 'fmha_sm100/decode_q8kv4/csrc/include/sm100/device/fmha_cutlass_sm100.cuh'
adding 'fmha_sm100/decode_q8kv4/csrc/include/sm100/device/plan.cuh'
adding 'fmha_sm100/decode_q8kv4/csrc/include/sm100/device/sm100_fmha_reduction.hpp'
adding 'fmha_sm100/decode_q8kv4/csrc/include/sm100/kernel/sm100_fmha_fwd_kernel_tma_warpspecialized.hpp'
adding 'fmha_sm100/decode_q8kv4/csrc/src/decode_attention_plan.cu'
adding 'fmha_sm100/decode_q8kv4/csrc/src/decode_attention_reduction.cu'
adding 'fmha_sm100/decode_q8kv4/csrc/templates/decode_attention_inst.cu.jinja'
adding 'fmha_sm100/decode_q8kv4/csrc/templates/decode_attention_run.cu.jinja'
adding 'fmha_sm100/icp/COMMIT'
adding 'fmha_sm100/icp/__init__.py'
adding 'fmha_sm100/icp/_build.py'
adding 'fmha_sm100/icp/_cache.py'
adding 'fmha_sm100/icp/_jit_guard.py'
adding 'fmha_sm100/icp/_symmetric_window.py'
adding 'fmha_sm100/icp/candidate_exchange.py'
adding 'fmha_sm100/icp/candidates.py'
adding 'fmha_sm100/icp/carrier.py'
adding 'fmha_sm100/icp/exchange.py'
adding 'fmha_sm100/icp/exchange_plan.py'
adding 'fmha_sm100/icp/fused_exchange.py'
adding 'fmha_sm100/icp/local_indexer.py'
adding 'fmha_sm100/icp/merge.py'
adding 'fmha_sm100/icp/merge_reference.py'
adding 'fmha_sm100/icp/prewarm.py'
adding 'fmha_sm100/icp/tiled_exchange.py'
adding 'fmha_sm100/icp/abi/__init__.py'
adding 'fmha_sm100/icp/abi/__main__.py'
adding 'fmha_sm100/icp/abi/refined-icp-v1.json'
adding 'fmha_sm100/icp/abi/refined_icp_v1.py'
adding 'fmha_sm100/icp/attention/__init__.py'
adding 'fmha_sm100/icp/attention/nvfp4_prefill/__init__.py'
adding 'fmha_sm100/icp/attention/nvfp4_prefill/_prewarm.py'
adding 'fmha_sm100/icp/csrc/carrier_pack.cu'
adding 'fmha_sm100/icp/csrc/fused_exchange.cu'
adding 'fmha_sm100/icp/csrc/fused_exchange.cuh'
adding 'fmha_sm100/icp/csrc/k2_merge.cu'
adding 'fmha_sm100/icp/csrc/k5_exchange.cu'
adding 'fmha_sm100/icp/csrc/k5t_exchange.cu'
adding 'fmha_sm100/icp/csrc/local_candidates.cu'
adding 'fmha_sm100/icp/csrc/local_candidates.cuh'
adding 'fmha_sm100/icp/csrc/local_candidates_full_row.cuh'
adding 'fmha_sm100/icp/csrc/local_candidates_prefill_full_row.cuh'
adding 'fmha_sm100/icp/csrc/local_candidates_rs.cuh'
adding 'fmha_sm100/icp/csrc/local_candidates_rs_control.cu'
adding 'fmha_sm100/icp/csrc/merge_topk.cuh'
adding 'fmha_sm100/icp/scorer/__init__.py'
adding 'fmha_sm100/icp/scorer/decode/__init__.py'
adding 'fmha_sm100/icp/scorer/decode/_icp_decode_score_kernel.py'
adding 'fmha_sm100/icp/scorer/decode/_icp_decode_score_utils.py'
adding 'fmha_sm100/icp/scorer/decode/icp_decode_score.py'
adding 'fmha_sm100/icp/scorer/prefill/__init__.py'
adding 'fmha_sm100/icp/scorer/prefill/api.py'
adding 'fmha_sm100/icp/scorer/prefill/jit.py'
adding 'fmha_sm100/kvouter/__init__.py'
adding 'fmha_sm100/kvouter/aot_export.py'
adding 'fmha_sm100/kvouter/build_kvouter_index.py'
adding 'fmha_sm100/kvouter/cpp_backend.py'
adding 'fmha_sm100/kvouter/interface.py'
adding 'fmha_sm100/kvouter/sparse_fwd_kvouter.py'
adding 'fmha_sm100/kvouter/sparse_fwd_kvouter_combine.py'
adding 'fmha_sm100/kvouter/sparse_fwd_kvouter_load_balance_schedule.py'
adding 'fmha_sm100/prefill_q8kv4/__init__.py'
adding 'fmha_sm100/prefill_q8kv4/build.py'
adding 'fmha_sm100/prefill_q8kv4/interface.py'
adding 'fmha_sm100/prefill_q8kv4/jit.py'
adding 'fmha_sm100/prefill_q8kv4/csrc/api/prefill_attention_api.cpp'
adding 'fmha_sm100/prefill_q8kv4/csrc/api/prefill_attention_api.hpp'
adding 'fmha_sm100/prefill_q8kv4/csrc/api/prefill_attention_binding.cpp'
adding 'fmha_sm100/prefill_q8kv4/csrc/include/sm100/collective/sm100_prefill_attention_fp4_transform.cuh'
adding 'fmha_sm100/prefill_q8kv4/csrc/include/sm100/collective/sm100_prefill_attention_mainloop.cuh'
adding 'fmha_sm100/prefill_q8kv4/csrc/include/sm100/common/nvfp4_to_e4m3.cuh'
adding 'fmha_sm100/prefill_q8kv4/csrc/include/sm100/common/prefill_attention_config.cuh'
adding 'fmha_sm100/prefill_q8kv4/csrc/include/sm100/common/prefill_attention_math.cuh'
adding 'fmha_sm100/prefill_q8kv4/csrc/include/sm100/device/prefill_attention.hpp'
adding 'fmha_sm100/prefill_q8kv4/csrc/include/sm100/device/prefill_attention_launch.cuh'
adding 'fmha_sm100/prefill_q8kv4/csrc/include/sm100/kernel/sm100_prefill_attention_kernel.cuh'
adding 'fmha_sm100/prefill_q8kv4/csrc/include/sm100/kernel/sm100_prefill_attention_shared_storage.cuh'
adding 'fmha_sm100/prefill_q8kv4/csrc/templates/prefill_attention_inst.cu.jinja'
adding 'fmha_sm100-0.1.1.dist-info/licenses/LICENSE'
adding 'fmha_sm100-0.1.1.dist-info/licenses/NOTICE'
adding 'fmha_sm100-0.1.1.dist-info/licenses/THIRD_PARTY_NOTICES.md'
adding 'fmha_sm100-0.1.1.dist-info/licenses/licenses/Apache-2.0.txt'
adding 'fmha_sm100-0.1.1.dist-info/licenses/licenses/BSD-3-Clause-CUTLASS.txt'
adding 'fmha_sm100-0.1.1.dist-info/licenses/licenses/BSD-3-Clause-NVIDIA.txt'
adding 'fmha_sm100-0.1.1.dist-info/METADATA'
adding 'fmha_sm100-0.1.1.dist-info/WHEEL'
adding 'fmha_sm100-0.1.1.dist-info/entry_points.txt'
adding 'fmha_sm100-0.1.1.dist-info/top_level.txt'
adding 'fmha_sm100-0.1.1.dist-info/RECORD'
removing build/bdist.linux-x86_64/wheel
